{
  "method": "extra_tree",
  "accuracy": 0.9327283323620015,
  "n_features": 40,
  "classification_report": {
    "Attack": {
      "precision": 0.9531073446327684,
      "recall": 0.8908381494411359,
      "f1-score": 0.9209213459293069,
      "support": 34087.0
    },
    "Benign": {
      "precision": 0.9862739575767457,
      "recall": 0.952760753765966,
      "f1-score": 0.9692277438291612,
      "support": 69836.0
    },
    "Suspicious": {
      "precision": 0.4471285323609845,
      "recall": 0.9396551724137931,
      "f1-score": 0.6059295861642989,
      "support": 4176.0
    },
    "accuracy": 0.9327283323620015,
    "macro avg": {
      "precision": 0.7955032781901662,
      "recall": 0.9277513585402984,
      "f1-score": 0.832026225307589,
      "support": 108099.0
    },
    "weighted avg": {
      "precision": 0.954987621615059,
      "recall": 0.9327283323620015,
      "f1-score": 0.9399605601214412,
      "support": 108099.0
    }
  }
}