{
  "method": "information_gain_quick_test",
  "accuracy": 0.9110167531614538,
  "n_features": 20,
  "classification_report": {
    "Attack": {
      "precision": 0.9477953476627845,
      "recall": 0.8809516824595887,
      "f1-score": 0.9131518929603163,
      "support": 34087.0
    },
    "Benign": {
      "precision": 0.9921565605978889,
      "recall": 0.9219600206197377,
      "f1-score": 0.9557711291388025,
      "support": 69836.0
    },
    "Suspicious": {
      "precision": 0.3528339553858172,
      "recall": 0.9734195402298851,
      "f1-score": 0.5179333630630056,
      "support": 4176.0
    },
    "accuracy": 0.9110167531614538,
    "macro avg": {
      "precision": 0.7642619545488302,
      "recall": 0.9254437477697371,
      "f1-score": 0.7956187950540414,
      "support": 108099.0
    },
    "weighted avg": {
      "precision": 0.9534702465275967,
      "recall": 0.9110167531614538,
      "f1-score": 0.9254177270282503,
      "support": 108099.0
    }
  }
}