{
  "method": "information_gain",
  "accuracy": 0.9325248152156819,
  "n_features": 40,
  "classification_report": {
    "Attack": {
      "precision": 0.9537924747744633,
      "recall": 0.8901634054038197,
      "f1-score": 0.9208801213960546,
      "support": 34087.0
    },
    "Benign": {
      "precision": 0.9859380325099649,
      "recall": 0.9527750730282376,
      "f1-score": 0.9690729156805488,
      "support": 69836.0
    },
    "Suspicious": {
      "precision": 0.4459597681554722,
      "recall": 0.9396551724137931,
      "f1-score": 0.6048554913294798,
      "support": 4176.0
    },
    "accuracy": 0.9325248152156819,
    "macro avg": {
      "precision": 0.7952300918133002,
      "recall": 0.9275312169486168,
      "f1-score": 0.8316028428020278,
      "support": 108099.0
    },
    "weighted avg": {
      "precision": 0.9549414936106744,
      "recall": 0.9325248152156819,
      "f1-score": 0.9398060423249615,
      "support": 108099.0
    }
  }
}