{
  "statistics_comparison": {
    "total_header_bytes": {
      "real": {
        "mean": 41.87054161162484,
        "std": 45.27457842058052,
        "min": "20",
        "max": "380",
        "median": 24.0
      },
      "synthetic": {
        "mean": 21.611624834874505,
        "std": 1.6760914873239372,
        "min": "20",
        "max": "28",
        "median": 21.0
      },
      "mean_diff": 20.258916776750333,
      "std_diff": 43.59848693325658
    },
    "fwd_median_header_bytes": {
      "real": {
        "mean": 23.180977542932627,
        "std": 8.265774247514305,
        "min": "0",
        "max": "40",
        "median": 20.0
      },
      "synthetic": {
        "mean": 20.0,
        "std": 0.0,
        "min": "20",
        "max": "20",
        "median": 20.0
      },
      "mean_diff": 3.1809775429326272,
      "std_diff": 8.265774247514305
    },
    "rst_flag_percentage_in_total": {
      "real": {
        "mean": 0.3768069447952444,
        "std": 0.37271433853682406,
        "min": 0.0,
        "max": 1.0,
        "median": 0.5
      },
      "synthetic": {
        "mean": 0.09337675262879788,
        "std": 0.19042961353662494,
        "min": 0.0,
        "max": 0.51964642,
        "median": 0.00419932
      },
      "mean_diff": 0.2834301921664465,
      "std_diff": 0.18228472500019913
    },
    "packets_IAT_median": {
      "real": {
        "mean": 962858995.3021755,
        "std": 844745327.63836,
        "min": 0.0,
        "max": 1703001600.0,
        "median": 1702999900.0
      },
      "synthetic": {
        "mean": 1535807012.0194442,
        "std": 504802575.89597464,
        "min": 0.0,
        "max": 1703001600.0,
        "median": 1702273625.5665
      },
      "mean_diff": 572948016.7172687,
      "std_diff": 339942751.7423854
    },
    "max_header_bytes": {
      "real": {
        "mean": 24.184940554821665,
        "std": 6.67837348341853,
        "min": "20",
        "max": "40",
        "median": 20.0
      },
      "synthetic": {
        "mean": 20.0,
        "std": 0.0,
        "min": "20",
        "max": "20",
        "median": 20.0
      },
      "mean_diff": 4.184940554821665,
      "std_diff": 6.67837348341853
    },
    "fwd_mode_header_bytes": {
      "real": {
        "mean": 23.15455746367239,
        "std": 8.252858794146716,
        "min": "0",
        "max": "40",
        "median": 20.0
      },
      "synthetic": {
        "mean": 20.0,
        "std": 0.0,
        "min": "20",
        "max": "20",
        "median": 20.0
      },
      "mean_diff": 3.15455746367239,
      "std_diff": 8.252858794146716
    },
    "fwd_syn_flag_percentage_in_total": {
      "real": {
        "mean": 0.4984839908190225,
        "std": 0.39190646603185847,
        "min": 0.0,
        "max": 1.0,
        "median": 0.5
      },
      "synthetic": {
        "mean": 0.7660713292602377,
        "std": 0.24801058096473827,
        "min": 0.49077473,
        "max": 1.0,
        "median": 0.99041835
      },
      "mean_diff": 0.2675873384412152,
      "std_diff": 0.1438958850671202
    },
    "packets_IAT_mode": {
      "real": {
        "mean": 962858995.2080562,
        "std": 844745327.7457812,
        "min": 0.0,
        "max": 1703001600.0,
        "median": 1702999900.0
      },
      "synthetic": {
        "mean": 1508600738.6873562,
        "std": 539489550.1480275,
        "min": 0.0,
        "max": 1703001600.0,
        "median": 1701792583.7985
      },
      "mean_diff": 545741743.4793,
      "std_diff": 305255777.59775364
    },
    "min_header_bytes": {
      "real": {
        "mean": 21.077939233817702,
        "std": 2.8397223915116863,
        "min": "20",
        "max": "40",
        "median": 20.0
      },
      "synthetic": {
        "mean": 20.0,
        "std": 0.0,
        "min": "20",
        "max": "20",
        "median": 20.0
      },
      "mean_diff": 1.0779392338177018,
      "std_diff": 2.8397223915116863
    },
    "fwd_init_win_bytes": {
      "real": {
        "mean": 18265.639365918098,
        "std": 26541.47152141131,
        "min": "0",
        "max": "65535",
        "median": 1026.0
      },
      "synthetic": {
        "mean": 873.6393659180977,
        "std": 565.7524938710307,
        "min": "0",
        "max": "2672",
        "median": 851.0
      },
      "mean_diff": 17392.0,
      "std_diff": 25975.71902754028
    },
    "bwd_rst_flag_percentage_in_total": {
      "real": {
        "mean": 0.2222494811228534,
        "std": 0.2787326792837553,
        "min": 0.0,
        "max": 1.0,
        "median": 0.0
      },
      "synthetic": {
        "mean": 0.0015966656010568032,
        "std": 0.0019285755681226475,
        "min": 0.0,
        "max": 0.01011288,
        "median": 0.0008402
      },
      "mean_diff": 0.22065281552179658,
      "std_diff": 0.27680410371563263
    },
    "fwd_packets_IAT_mean": {
      "real": {
        "mean": 1538774738.574954,
        "std": 503031832.32096,
        "min": 0.0,
        "max": 1703001600.0,
        "median": 1703000600.0
      },
      "synthetic": {
        "mean": 1702383924.0695882,
        "std": 663556.7720415628,
        "min": 1699544767.2482,
        "max": 1703001600.0,
        "median": 1702565572.1745
      },
      "mean_diff": 163609185.49463415,
      "std_diff": 502368275.5489184
    },
    "mean_header_bytes": {
      "real": {
        "mean": 22.78208454425363,
        "std": 4.165872135152578,
        "min": 20.0,
        "max": 40.0,
        "median": 20.0
      },
      "synthetic": {
        "mean": 20.025452575957726,
        "std": 0.033637715972045186,
        "min": 20.0,
        "max": 20.1558,
        "median": 20.0086
      },
      "mean_diff": 2.756631968295906,
      "std_diff": 4.132234419180533
    },
    "bwd_init_win_bytes": {
      "real": {
        "mean": 3022.3963011889036,
        "std": 13499.487182652141,
        "min": "0",
        "max": "65535",
        "median": 0.0
      },
      "synthetic": {
        "mean": 70.89960369881109,
        "std": 97.74782890375772,
        "min": "0",
        "max": "535",
        "median": 17.0
      },
      "mean_diff": 2951.4966974900926,
      "std_diff": 13401.739353748384
    },
    "fwd_psh_flag_percentage_in_fwd_packets": {
      "real": {
        "mean": 0.0020758634081902245,
        "std": 0.03135537416635229,
        "min": 0.0,
        "max": 0.5714286,
        "median": 0.0
      },
      "synthetic": {
        "mean": 5.091994715984148e-05,
        "std": 9.130835126995457e-05,
        "min": 0.0,
        "max": 0.0005239,
        "median": 0.0
      },
      "mean_diff": 0.002024943461030383,
      "std_diff": 0.031264065815082336
    },
    "fwd_packets_IAT_max": {
      "real": {
        "mean": 1538774738.6671958,
        "std": 503031832.03842044,
        "min": 0.0,
        "max": 1703001600.0,
        "median": 1703000600.0
      },
      "synthetic": {
        "mean": 1702486825.258145,
        "std": 586225.9653515911,
        "min": 1700229159.2925406,
        "max": 1703001600.0,
        "median": 1702660454.478555
      },
      "mean_diff": 163712086.5909493,
      "std_diff": 502445606.07306886
    },
    "median_header_bytes": {
      "real": {
        "mean": 22.837516512549538,
        "std": 4.303470749383386,
        "min": "20",
        "max": "40",
        "median": 20.0
      },
      "synthetic": {
        "mean": 20.0,
        "std": 0.0,
        "min": "20",
        "max": "20",
        "median": 20.0
      },
      "mean_diff": 2.837516512549538,
      "std_diff": 4.303470749383386
    },
    "packets_rate": {
      "real": {
        "mean": 6721.539525152457,
        "std": 10934.076697242317,
        "min": 0.0,
        "max": 133152.52,
        "median": 0.0
      },
      "synthetic": {
        "mean": 182.5117278633157,
        "std": 243.15676209558106,
        "min": 0.0,
        "max": 1395.33102314,
        "median": 50.01468546
      },
      "mean_diff": 6539.027797289141,