total_header_bytes,fwd_median_header_bytes,rst_flag_percentage_in_total,packets_IAT_median,max_header_bytes,fwd_mode_header_bytes,fwd_syn_flag_percentage_in_total,packets_IAT_mode,min_header_bytes,fwd_init_win_bytes,bwd_rst_flag_percentage_in_total,fwd_packets_IAT_mean,mean_header_bytes,bwd_init_win_bytes,fwd_psh_flag_percentage_in_fwd_packets,fwd_packets_IAT_max,median_header_bytes,packets_rate,fwd_syn_flag_percentage_in_fwd_packets,fwd_packets_IAT_min,mode_header_bytes,bwd_packets_rate,bwd_psh_flag_percentage_in_bwd_packets,fwd_packets_IAT_total,fwd_total_header_bytes,fwd_packets_rate,packets_IAT_mean,fwd_packets_IAT_median,fwd_max_header_bytes,rst_flag_counts,packet_IAT_max,fwd_packets_IAT_mode,fwd_min_header_bytes,bwd_rst_flag_counts,packet_IAT_min,bwd_packets_IAT_total,fwd_mean_header_bytes,syn_flag_percentage_in_total,packet_IAT_total,bwd_packets_IAT_mode,label,activity
60,40.0,0.5,1e-04,40,40.0,0.5,1e-04,20,29040,0.5,1702931500.0,30.0,0,0.0,1702931500.0,30.0,13797.053,1.0,1702931500.0,20.0,6898.5264,0.0,1702931500.0,40,6898.5264,1e-04,1702931500.0,40,1,0.0001449585,1702931500.0,40,1,0.0001449585,1702931500.0,40.0,0.5,0.0001449585,1702931500.0,Attack,Attack-TCP-Flag-ACK-PSH
40,20.0,0.5,1e-04,20,20.0,0.5,1e-04,20,1024,0.5,1702931500.0,20.0,0,0.0,1702931500.0,20.0,18682.87,1.0,1702931500.0,20.0,9341.435,0.0,1702931500.0,20,9341.435,1e-04,1702931500.0,20,1,0.00010704994,1702931500.0,20,1,0.00010704994,1702931500.0,20.0,0.5,0.00010704994,1702931500.0,Attack,Attack-TCP-Flag-ACK-PSH
40,20.0,0.5,1e-04,20,20.0,0.5,1e-04,20,1024,0.5,1702931500.0,20.0,0,0.0,1702931500.0,20.0,15505.745,1.0,1702931500.0,20.0,7752.8726,0.0,1702931500.0,20,7752.8726,1e-04,1702931500.0,20,1,0.00012898445,1702931500.0,20,1,0.00012898445,1702931500.0,20.0,0.5,0.00012898445,1702931500.0,Attack,Attack-TCP-Flag-ACK-PSH
40,20.0,0.5,1e-04,20,20.0,0.5,1e-04,20,1024,0.5,1702931500.0,20.0,0,0.0,1702931500.0,20.0,21290.883,1.0,1702931500.0,20.0,10645.441,0.0,1702931500.0,20,10645.441,1e-04,1702931500.0,20,1,9.393692e-05,1702931500.0,20,1,9.393692e-05,1702931500.0,20.0,0.5,9.393692e-05,1702931500.0,Attack,Attack-TCP-Flag-ACK-PSH
40,20.0,0.5,1e-04,20,20.0,0.5,1e-04,20,1024,0.5,1702931500.0,20.0,0,0.0,1702931500.0,20.0,31184.416,1.0,1702931500.0,20.0,15592.208,0.0,1702931500.0,20,15592.208,1e-04,1702931500.0,20,1,6.41346e-05,1702931500.0,20,1,6.41346e-05,1702931500.0,20.0,0.5,6.41346e-05,1702931500.0,Attack,Attack-TCP-Flag-ACK-PSH
40,20.0,0.5,1e-04,20,20.0,0.5,1e-04,20,1024,0.5,1702931500.0,20.0,0,0.0,1702931500.0,20.0,16644.064,1.0,1702931500.0,20.0,8322.032,0.0,1702931500.0,20,8322.032,1e-04,1702931500.0,20,1,0.000120162964,1702931500.0,20,1,0.000120162964,1702931500.0,20.0,0.5,0.000120162964,1702931500.0,Attack,Attack-TCP-Flag-ACK-PSH
40,20.0,0.5,1e-04,20,20.0,0.5,1e-04,20,1024,0.5,1702931600.0,20.0,0,0.0,1702931600.0,20.0,20020.545,1.0,1702931600.0,20.0,10010.272,0.0,1702931600.0,20,10010.272,1e-04,1702931600.0,20,1,9.9897385e-05,1702931600.0,20,1,9.9897385e-05,1702931600.0,20.0,0.5,9.9897385e-05,1702931600.0,Attack,Attack-TCP-Flag-ACK-PSH
384,20.0,0.055555556,0.0469,32,20.0,0.055555556,0.0,20,8192,0.0,0.1962,21.3333,64000,0.7,1.120286,20.0,10.192059,0.1,0.0,20.0,4.5298038,0.625,1.7660809,212,5.662255,0.1039,0.1126,32,1,0.95807004,0.0,20,0,0.0,1.654927,21.2,0.11111111,1.7660809,0.0356,Attack,Attack-TCP-Flag-ACK-PSH
52,0.0,0.5,0.001,32,0.0,0.0,0.001,20,0,0.5,0.0,26.0,490,0.0,0.0,26.0,2074.8474,0.0,0.0,20.0,2074.8474,0.0,0.0,0,0.0,0.001,0.0,0,1,0.0009639263,0.0,0,1,0.0009639263,0.0009639263,0.0,0.0,0.0009639263,0.001,Attack,Attack-TCP-Flag-ACK-PSH
40,20.0,0.5,1e-04,20,20.0,0.5,1e-04,20,1024,0.5,1702931600.0,20.0,0,0.0,1702931600.0,20.0,21959.707,1.0,1702931600.0,20.0,10979.854,0.0,1702931600.0,20,10979.854,1e-04,1702931600.0,20,1,9.10759e-05,1702931600.0,20,1,9.10759e-05,1702931600.0,20.0,0.5,9.10759e-05,1702931600.0,Attack,Attack-TCP-Flag-ACK-PSH
40,20.0,0.5,1e-04,20,20.0,0.5,1e-04,20,1024,0.5,1702931600.0,20.0,0,0.0,1702931600.0,20.0,28926.234,1.0,1702931600.0,20.0,14463.117,0.0,1702931600.0,20,14463.117,1e-04,1702931600.0,20,1,6.914139e-05,1702931600.0,20,1,6.914139e-05,1702931600.0,20.0,0.5,6.914139e-05,1702931600.0,Attack,Attack-TCP-Flag-ACK-PSH
60,40.0,0.5,1e-04,40,40.0,0.5,1e-04,20,29040,0.5,1702931600.0,30.0,0,0.0,1702931600.0,30.0,17848.102,1.0,1702931600.0,20.0,8924.051,0.0,1702931600.0,40,8924.051,1e-04,1702931600.0,40,1,0.00011205673,1702931600.0,40,1,0.00011205673,1702931600.0,40.0,0.5,0.00011205673,1702931600.0,Attack,Attack-TCP-Flag-ACK-PSH
40,20.0,0.5,1e-04,20,20.0,0.5,1e-04,20,1024,0.5,1702931600.0,20.0,0,0.0,1702931600.0,20.0,19418.074,1.0,1702931600.0,20.0,9709.037,0.0,1702931600.0,20,9709.037,1e-04,1702931600.0,20,1,0.000102996826,1702931600.0,20,1,0.000102996826,1702931600.0,20.0,0.5,0.000102996826,1702931600.0,Attack,Attack-TCP-Flag-ACK-PSH
40,20.0,0.5,1e-04,20,20.0,0.5,1e-04,20,1024,0.5,1702931700.0,20.0,0,0.0,1702931700.0,20.0,21076.904,1.0,1702931700.0,20.0,10538.452,0.0,1702931700.0,20,10538.452,1e-04,1702931700.0,20,1,9.4890594e-05,1702931700.0,20,1,9.4890594e-05,1702931700.0,20.0,0.5,9.4890594e-05,1702931700.0,Attack,Attack-TCP-Flag-ACK-PSH
40,20.0,0.5,1e-04,20,20.0,0.5,1e-04,20,1024,0.5,1702931500.0,20.0,0,0.0,1702931500.0,20.0,20610.83,1.0,1702931500.0,20.0,10305.415,0.0,1702931500.0,20,10305.415,1e-04,1702931500.0,20,1,9.703636e-05,1702931500.0,20,1,9.703636e-05,1702931500.0,20.0,0.5,9.703636e-05,1702931500.0,Attack,Attack-TCP-Flag-ACK-PSH
40,0.0,0.5,0.1102,20,0.0,0.0,0.1102,20,0,0.5,0.0,20.0,62602,0.0,0.0,20.0,18.145535,0.0,0.0,20.0,18.145535,0.0,0.0,0,0.0,0.1102,0.0,0,1,0.110219955,0.0,0,1,0.110219955,0.110219955,0.0,0.0,0.110219955,0.1102,Attack,Attack-TCP-Flag-ACK-PSH
20,20.0,0.0,1702931500.0,20,20.0,1.0,1702931500.0,20,1024,0.0,1702931500.0,20.0,0,0.0,1702931500.0,20.0,0.0,1.0,1702931500.0,20.0,0.0,0.0,1702931500.0,20,0.0,1702931500.0,1702931500.0,20,0,1702931500.0,1702931500.0,20,0,1702931500.0,0.0,20.0,1.0,1702931500.0,0.0,Attack,Attack-TCP-Flag-ACK-PSH
40,0.0,0.5,0.1108,20,0.0,0.0,0.1108,20,0,0.5,0.0,20.0,62594,0.0,0.0,20.0,18.04514,0.0,0.0,20.0,18.04514,0.0,0.0,0,0.0,0.1108,0.0,0,1,0.11083317,0.0,0,1,0.11083317,0.11083317,0.0,0.0,0.11083317,0.1108,Attack,Attack-TCP-Flag-ACK-PSH
52,32.0,0.5,1e-04,32,32.0,0.5,1e-04,20,1024,0.5,1702931500.0,26.0,0,0.0,1702931500.0,26.0,25040.621,1.0,1702931500.0,20.0,12520.311,0.0,1702931500.0,32,12520.311,1e-04,1702931500.0,32,1,7.9870224e-05,1702931500.0,32,1,7.9870224e-05,1702931500.0,32.0,0.5,7.9870224e-05,1702931500.0,Attack,Attack-TCP-Flag-ACK-PSH
20,20.0,1.0,1702931500.0,20,20.0,0.0,1702931500.0,20,0,0.0,1702931500.0,20.0,0,0.0,1702931500.0,20.0,0.0,0.0,1702931500.0,20.0,0.0,0.0,1702931500.0,20,0.0,1702931500.0,1702931500.0,20,1,1702931500.0,1702931500.0,20,0,1702931500.0,0.0,20.0,0.0,1702931500.0,0.0,Attack,Attack-TCP-Flag-ACK-PSH
20,20.0,1.0,1702931500.0,20,20.0,0.0,1702931500.0,20,0,0.0,1702931500.0,20.0,0,0.0,1702931500.0,20.0,0.0,0.0,1702931500.0,20.0,0.0,0.0,1702931500.0,20,0.0,1702931500.0,1702931500.0,20,1,1702931500.0,1702931500.0,20,0,1702931500.0,0.0,20.0,0.0,1702931500.0,0.0,Attack,Attack-TCP-Flag-ACK-PSH
20,20.0,0.0,1702931500.0,20,20.0,1.0,1702931500.0,20,1024,0.0,1702931500.0,20.0,0,0.0,1702931500.0,20.0,0.0,1.0,1702931500.0,20.0,0.0,0.0,1702931500.0,20,0.0,1702931500.0,1702931500.0,20,0,1702931500.0,1702931500.0,20,0,1702931500.0,0.0,20.0,1.0,1702931500.0,0.0,Attack,Attack-TCP-Flag-ACK-PSH
40,0.0,0.5,0.1081,20,0.0,0.0,0.1081,20,0,0.5,0.0,20.0,62614,0.0,0.0,20.0,18.506868,0.0,0.0,20.0,18.506868,0.0,0.0,0,0.0,0.1081,0.0,0,1,0.10806799,0.0,0,1,0.10806799,0.10806799,0.0,0.0,0.10806799,0.1081,Attack,Attack-TCP-Flag-ACK-PSH
60,40.0,0.5,1e-04,40,40.0,0.5,1e-04,20,29040,0.5,1702931500.0,30.0,0,0.0,1702931500.0,30.0,13684.516,1.0,1702931500.0,20.0,6842.258,0.0,1702931500.0,40,6842.258,1e-04,1702931500.0,40,1,0.00014615059,1702931500.0,40,1,0.00014615059,1702931500.0,40.0,0.5,0.00014615059,1702931500.0,Attack,Attack-TCP-Flag-ACK-PSH
40,20.0,0.5,0.0002,20,20.0,0.5,0.0002,20,1024,0.5,1702931700.0,20.0,0,0.0,1702931700.0,20.0,12122.266,1.0,1702931700.0,20.0,6061.133,0.0,1702931700.0,20,6061.133,0.0002,1702931700.0,20,1,0.00016498566,1702931700.0,20,1,0.00016498566,1702931700.0,20.0,0.5,0.00016498566,1702931700.0,Attack,Attack-TCP-Flag-ACK-PSH
40,20.0,0.5,1e-04,20,20.0,0.5,1e-04,20,1024,0.5,1702931700.0,20.0,0,0.0,1702931700.0,20.0,19784.453,1.0,1702931700.0,20.0,9892.227,0.0,1702931700.0,20,9892.227,1e-04,1702931700.0,20,1,0.00010108948,1702931700.0,20,1,0.00010108948,1702931700.0,20.0,0.5,0.00010108948,1702931700.0,Attack,Attack-TCP-Flag-ACK-PSH
40,20.0,0.5,1e-04,20,20.0,0.5,1e-04,20,1024,0.5,1702931700.0,20.0,0,0.0,1702931700.0,20.0,23831.273,1.0,1702931700.0,20.0,11915.637,0.0,1702931700.0,20,11915.637,1e-04,1702931700.0,20,1,8.392334e-05,1702931700.0,20,1,8.392334e-05,1702931700.0,20.0,0.5,8.392334e-05,1702931700.0,Attack,Attack-TCP-Flag-ACK-PSH
40,20.0,0.5,1e-04,20,20.0,0.5,1e-04,20,1024,0.5,1702931700.0,20.0,0,0.0,1702931700.0,20.0,18196.547,1.0,1702931700.0,20.0,9098.273,0.0,1702931700.0,20,9098.273,1e-04,1702931700.0,20,1,0.000109910965,1702931700.0,20,1,0.000109910965,1702931700.0,20.0,0.5,0.000109910965,1702931700.0,Attack,Attack-TCP-Flag-ACK-PSH
40,20.0,0.5,1e-04,20,20.0,0.5,1e-04,20,1024,0.5,1702931700.0,20.0,0,0.0,1702931700.0,20.0,16946.684,1.0,1702931700.0,20.0,8473.342,0.0,1702931700.0,20,8473.342,1e-04,1702931700.0,20,1,0.0001180172,1702931700.0,20,1,0.0001180172,1702931700.0,20.0,0.5,0.0001180172,1702931700.0,Attack,Attack-TCP-Flag-ACK-PSH
60,40.0,0.5,1e-04,40,40.0,0.5,1e-04,20,29200,0.5,1702931800.0,30.0,0,0.0,1702931800.0,30.0,20815.404,1.0,1702931800.0,20.0,10407.702,0.0,1702931800.0,40,10407.702,1e-04,1702931800.0,40,1,9.608269e-05,1702931800.0,40,1,9.608269e-05,1702931800.0,40.0,0.5,9.608269e-05,1702931800.0,Attack,Attack-TCP-Flag-ACK-PSH
40,20.0,0.5,1e-04,20,20.0,0.5,1e-04,20,1024,0.5,1702931800.0,20.0,0,0.0,1702931800.0,20.0,16384.0,1.0,1702931800.0,20.0,8192.0,0.0,1702931800.0,20,8192.0,1e-04,1702931800.0,20,1,0.00012207031,1702931800.0,20,1,0.00012207031,1702931800.0,20.0,0.5,0.00012207031,1702931800.0,Attack,Attack-TCP-Flag-ACK-PSH
60,40.0,0.5,1e-04,40,40.0,0.5,1e-04,20,29200,0.5,1702931800.0,30.0,0,0.0,1702931800.0,30.0,15391.941,1.0,1702931800.0,20.0,7695.9707,0.0,1702931800.0,40,7695.9707,1e-04,1702931800.0,40,1,0.00012993813,1702931800.0,40,1,0.00012993813,1702931800.0,40.0,0.5,0.00012993813,1702931800.0,Attack,Attack-TCP-Flag-ACK-PSH
60,40.0,0.5,0.0006,40,40.0,0.5,0.0006,20,29200,0.5,1702931800.0,30.0,0,0.0,1702931800.0,30.0,3508.41,1.0,1702931800.0,20.0,1754.205,0.0,1702931800.0,40,1754.205,0.0006,1702931800.0,40,1,0.0005700588,1702931800.0,40,1,0.0005700588,1702931800.0,40.0,0.5,0.0005700588,1702931800.0,Attack,Attack-TCP-Flag-ACK-PSH
40,20.0,0.5,1e-04,20,20.0,0.5,1e-04,20,1024,0.5,1702931800.0,20.0,0,0.0,1702931800.0,20.0,16946.684,1.0,1702931800.0,20.0,8473.342,0.0,1702931800.0,20,8473.342,1e-04,1702931800.0,20,1,0.0001180172,1702931800.0,20,1,0.0001180172,1702931800.0,20.0,0.5,0.0001180172,1702931800.0,Attack,Attack-TCP-Flag-ACK-PSH
60,40.0,0.5,1e-04,40,40.0,0.5,1e-04,20,29200,0.5,1702931800.0,30.0,0,0.0,1702931800.0,30.0,25343.227,1.0,1702931800.0,20.0,12671.613,0.0,1702931800.0,40,12671.613,1e-04,1702931800.0,40,1,7.891655e-05,1702931800.0,40,1,7.891655e-05,1702931800.0,40.0,0.5,7.891655e-05,1702931800.0,Attack,Attack-TCP-Flag-ACK-PSH
60,40.0,0.5,1e-04,40,40.0,0.5,1e-04,20,29200,0.5,1702931800.0,30.0,0,0.0,1702931800.0,30.0,19599.55,1.0,1702931800.0,20.0,9799.775,0.0,1702931800.0,40,9799.775,1e-04,1702931800.0,40,1,0.00010204315,1702931800.0,40,1,0.00010204315,1702931800.0,40.0,0.5,0.00010204315,1702931800.0,Attack,Attack-TCP-Flag-ACK-PSH
60,40.0,0.5,1e-04,40,40.0,0.5,1e-04,20,29200,0.5,1702931800.0,30.0,0,0.0,1702931800.0,30.0,17260.51,1.0,1702931800.0,20.0,8630.255,0.0,1702931800.0,40,8630.255,1e-04,1702931800.0,40,1,0.00011587143,1702931800.0,40,1,0.00011587143,1702931800.0,40.0,0.5,0.00011587143,1702931800.0,Attack,Attack-TCP-Flag-ACK-PSH
40,20.0,0.5,1e-04,20,20.0,0.5,1e-04,20,1024,0.5,1702931800.0,20.0,0,0.0,1702931800.0,20.0,19418.074,1.0,1702931800.0,20.0,9709.037,0.0,1702931800.0,20,9709.037,1e-04,1702931800.0,20,1,0.000102996826,1702931800.0,20,1,0.000102996826,1702931800.0,20.0,0.5,0.000102996826,1702931800.0,Attack,Attack-TCP-Flag-ACK-PSH
40,20.0,0.5,1e-04,20,20.0,0.5,1e-04,20,1024,0.5,1702931800.0,20.0,0,0.0,1702931800.0,20.0,16384.0,1.0,1702931800.0,20.0,8192.0,0.0,1702931800.0,20,8192.0,1e-04,1702931800.0,20,1,0.00012207031,1702931800.0,20,1,0.00012207031,1702931800.0,20.0,0.5,0.00012207031,1702931800.0,Attack,Attack-TCP-Flag-ACK-PSH
40,20.0,0.5,0.0002,20,20.0,0.5,0.0002,20,1024,0.5,1702931800.0,20.0,0,0.0,1702931800.0,20.0,11052.185,1.0,1702931800.0,20.0,5526.0923,0.0,1702931800.0,20,5526.0923,0.0002,1702931800.0,20,1,0.0001809597,1702931800.0,20,1,0.0001809597,1702931800.0,20.0,0.5,0.0001809597,1702931800.0,Attack,Attack-TCP-Flag-ACK-PSH
40,20.0,0.5,1e-04,20,20.0,0.5,1e-04,20,1024,0.5,1702931800.0,20.0,0,0.0,1702931800.0,20.0,22733.355,1.0,1702931800.0,20.0,11366.678,0.0,1702931800.0,20,11366.678,1e-04,1702931800.0,20,1,8.7976456e-05,1702931800.0,20,1,8.7976456e-05,1702931800.0,20.0,0.5,8.7976456e-05,1702931800.0,Attack,Attack-TCP-Flag-ACK-PSH
40,20.0,0.5,0.0002,20,20.0,0.5,0.0002,20,1024,0.5,1702931800.0,20.0,0,0.0,1702931800.0,20.0,11898.734,1.0,1702931800.0,20.0,5949.367,0.0,1702931800.0,20,5949.367,0.0002,1702931800.0,20,1,0.0001680851,1702931800.0,20,1,0.0001680851,1702931800.0,20.0,0.5,0.0001680851,1702931800.0,Attack,Attack-TCP-Flag-ACK-PSH
20,20.0,1.0,1702932000.0,20,20.0,0.0,1702932000.0,20,0,0.0,1702932000.0,20.0,0,0.0,1702932000.0,20.0,0.0,0.0,1702932000.0,20.0,0.0,0.0,1702932000.0,20,0.0,1702932000.0,1702932000.0,20,1,1702932000.0,1702932000.0,20,0,1702932000.0,0.0,20.0,0.0,1702932000.0,0.0,Attack,Attack-TCP-Flag-ACK-PSH
40,20.0,0.5,1e-04,20,20.0,0.5,1e-04,20,1024,0.5,1702932000.0,20.0,0,0.0,1702932000.0,20.0,19972.877,1.0,1702932000.0,20.0,9986.438,0.0,1702932000.0,20,9986.438,1e-04,1702932000.0,20,1,0.0001001358,1702932000.0,20,1,0.0001001358,1702932000.0,20.0,0.5,0.0001001358,1702932000.0,Attack,Attack-TCP-Flag-ACK-PSH
40,20.0,0.5,0.0006,20,20.0,0.5,0.0006,20,1024,0.5,1702932000.0,20.0,0,0.0,1702932000.0,20.0,3154.798,1.0,1702932000.0,20.0,1577.399,0.0,1702932000.0,20,1577.399,0.0006,1702932000.0,20,1,0.000633955,1702932000.0,20,1,0.000633955,1702932000.0,20.0,0.5,0.000633955,1702932000.0,Attack,Attack-TCP-Flag-ACK-PSH
40,0.0,0.5,0.1108,20,0.0,0.0,0.1108,20,0,0.5,0.0,20.0,62599,0.0,0.0,20.0,18.056093,0.0,0.0,20.0,18.056093,0.0,0.0,0,0.0,0.1108,0.0,0,1,0.110765934,0.0,0,1,0.110765934,0.110765934,0.0,0.0,0.110765934,0.1108,Attack,Attack-TCP-Flag-ACK-PSH
40,0.0,0.5,0.11,20,0.0,0.0,0.11,20,0,0.5,0.0,20.0,62596,0.0,0.0,20.0,18.183964,0.0,0.0,20.0,18.183964,0.0,0.0,0,0.0,0.11,0.0,0,1,0.10998702,0.0,0,1,0.10998702,0.10998702,0.0,0.0,0.10998702,0.11,Attack,Attack-TCP-Flag-ACK-PSH
40,0.0,0.5,0.1111,20,0.0,0.0,0.1111,20,0,0.5,0.0,20.0,62592,0.0,0.0,20.0,17.995975,0.0,0.0,20.0,17.995975,0.0,0.0,0,0.0,0.1111,0.0,0,1,0.11113596,0.0,0,1,0.11113596,0.11113596,0.0,0.0,0.11113596,0.1111,Attack,Attack-TCP-Flag-ACK-PSH
40,0.0,0.5,0.1076,20,0.0,0.0,0.1076,20,0,0.5,0.0,20.0,62599,0.0,0.0,20.0,18.586006,0.0,0.0,20.0,18.586006,0.0,0.0,0,0.0,0.1076,0.0,0,1,0.10760784,0.0,0,1,0.10760784,0.10760784,0.0,0.0,0.10760784,0.1076,Attack,Attack-TCP-Flag-ACK-PSH
40,20.0,0.5,1e-04,20,20.0,0.5,1e-04,20,65535,0.5,1702931500.0,20.0,0,0.0,1702931500.0,20.0,25970.922,1.0,1702931500.0,20.0,12985.461,0.0,1702931500.0,20,12985.461,1e-04,1702931500.0,20,1,7.70092e-05,1702931500.0,20,1,7.70092e-05,1702931500.0,20.0,0.5,7.70092e-05,1702931500.0,Attack,Attack-TCP-Flag-ACK-PSH
40,0.0,0.5,0.1078,20,0.0,0.0,0.1078,20,0,0.5,0.0,20.0,62599,0.0,0.0,20.0,18.548403,0.0,0.0,20.0,18.548403,0.0,0.0,0,0.0,0.1078,0.0,0,1,0.107825994,0.0,0,1,0.107825994,0.107825994,0.0,0.0,0.107825994,0.1078,Attack,Attack-TCP-Flag-ACK-PSH
20,20.0,0.0,1702931500.0,20,20.0,1.0,1702931500.0,20,65535,0.0,1702931500.0,20.0,0,0.0,1702931500.0,20.0,0.0,1.0,1702931500.0,20.0,0.0,0.0,1702931500.0,20,0.0,1702931500.0,1702931500.0,20,0,1702931500.0,1702931500.0,20,0,1702931500.0,0.0,20.0,1.0,1702931500.0,0.0,Attack,Attack-TCP-Flag-ACK-PSH
20,20.0,1.0,1702931500.0,20,20.0,0.0,1702931500.0,20,0,0.0,1702931500.0,20.0,0,0.0,1702931500.0,20.0,0.0,0.0,1702931500.0,20.0,0.0,0.0,1702931500.0,20,0.0,1702931500.0,1702931500.0,20,1,1702931500.0,1702931500.0,20,0,1702931500.0,0.0,20.0,0.0,1702931500.0,0.0,Attack,Attack-TCP-Flag-ACK-PSH
20,20.0,1.0,1702931500.0,20,20.0,0.0,1702931500.0,20,0,0.0,1702931500.0,20.0,0,0.0,1702931500.0,20.0,0.0,0.0,1702931500.0,20.0,0.0,0.0,1702931500.0,20,0.0,1702931500.0,1702931500.0,20,1,1702931500.0,1702931500.0,20,0,1702931500.0,0.0,20.0,0.0,1702931500.0,0.0,Attack,Attack-TCP-Flag-ACK-PSH
20,20.0,1.0,1702931500.0,20,20.0,0.0,1702931500.0,20,0,0.0,1702931500.0,20.0,0,0.0,1702931500.0,20.0,0.0,0.0,1702931500.0,20.0,0.0,0.0,1702931500.0,20,0.0,1702931500.0,1702931500.0,20,1,1702931500.0,1702931500.0,20,0,1702931500.0,0.0,20.0,0.0,1702931500.0,0.0,Attack,Attack-TCP-Flag-ACK-PSH
40,0.0,0.5,0.1112,20,0.0,0.0,0.1112,20,0,0.5,0.0,20.0,62599,0.0,0.0,20.0,17.986097,0.0,0.0,20.0,17.986097,0.0,0.0,0,0.0,0.1112,0.0,0,1,0.111196995,0.0,0,1,0.111196995,0.111196995,0.0,0.0,0.111196995,0.1112,Attack,Attack-TCP-Flag-ACK-PSH
40,20.0,0.5,1e-04,20,20.0,0.5,1e-04,20,65535,0.5,1702931500.0,20.0,0,0.0,1702931500.0,20.0,20815.404,1.0,1702931500.0,20.0,10407.702,0.0,1702931500.0,20,10407.702,1e-04,1702931500.0,20,1,9.608269e-05,1702931500.0,20,1,9.608269e-05,1702931500.0,20.0,0.5,9.608269e-05,1702931500.0,Attack,Attack-TCP-Flag-ACK-PSH
40,0.0,0.5,0.1103,20,0.0,0.0,0.1103,20,0,0.5,0.0,20.0,62590,0.0,0.0,20.0,18.136314,0.0,0.0,20.0,18.136314,0.0,0.0,0,0.0,0.1103,0.0,0,1,0.110275984,0.0,0,1,0.110275984,0.110275984,0.0,0.0,0.110275984,0.1103,Attack,Attack-TCP-Flag-ACK-PSH
40,0.0,0.5,0.111,20,0.0,0.0,0.111,20,0,0.5,0.0,20.0,62608,0.0,0.0,20.0,18.011045,0.0,0.0,20.0,18.011045,0.0,0.0,0,0.0,0.111,0.0,0,1,0.11104298,0.0,0,1,0.11104298,0.11104298,0.0,0.0,0.11104298,0.111,Attack,Attack-TCP-Flag-ACK-PSH
24,24.0,0.0,1702931500.0,24,24.0,1.0,1702931500.0,24,65535,0.0,1702931500.0,24.0,0,0.0,1702931500.0,24.0,0.0,1.0,1702931500.0,24.0,0.0,0.0,1702931500.0,24,0.0,1702931500.0,1702931500.0,24,0,1702931500.0,1702931500.0,24,0,1702931500.0,0.0,24.0,1.0,1702931500.0,0.0,Attack,Attack-TCP-Flag-ACK-PSH
40,0.0,0.5,0.1109,20,0.0,0.0,0.1109,20,0,0.5,0.0,20.0,62599,0.0,0.0,20.0,18.03835,0.0,0.0,20.0,18.03835,0.0,0.0,0,0.0,0.1109,0.0,0,1,0.11087489,0.0,0,1,0.11087489,0.11087489,0.0,0.0,0.11087489,0.1109,Attack,Attack-TCP-Flag-ACK-PSH
40,0.0,0.5,0.107,20,0.0,0.0,0.107,20,0,0.5,0.0,20.0,62605,0.0,0.0,20.0,18.697527,0.0,0.0,20.0,18.697527,0.0,0.0,0,0.0,0.107,0.0,0,1,0.10696602,0.0,0,1,0.10696602,0.10696602,0.0,0.0,0.10696602,0.107,Attack,Attack-TCP-Flag-ACK-PSH
20,20.0,1.0,1702931500.0,20,20.0,0.0,1702931500.0,20,0,0.0,1702931500.0,20.0,0,0.0,1702931500.0,20.0,0.0,0.0,1702931500.0,20.0,0.0,0.0,1702931500.0,20,0.0,1702931500.0,1702931500.0,20,1,1702931500.0,1702931500.0,20,0,1702931500.0,0.0,20.0,0.0,1702931500.0,0.0,Attack,Attack-TCP-Flag-ACK-PSH
40,0.0,0.5,0.111,20,0.0,0.0,0.111,20,0,0.5,0.0,20.0,62594,0.0,0.0,20.0,18.020756,0.0,0.0,20.0,18.020756,0.0,0.0,0,0.0,0.111,0.0,0,1,0.11098313,0.0,0,1,0.11098313,0.11098313,0.0,0.0,0.11098313,0.111,Attack,Attack-TCP-Flag-ACK-PSH
40,0.0,0.5,0.1115,20,0.0,0.0,0.1115,20,0,0.5,0.0,20.0,62599,0.0,0.0,20.0,17.93687,0.0,0.0,20.0,17.93687,0.0,0.0,0,0.0,0.1115,0.0,0,1,0.11150217,0.0,0,1,0.11150217,0.11150217,0.0,0.0,0.11150217,0.1115,Attack,Attack-TCP-Flag-ACK-PSH
40,0.0,0.5,0.1112,20,0.0,0.0,0.1112,20,0,0.5,0.0,20.0,62605,0.0,0.0,20.0,17.989029,0.0,0.0,20.0,17.989029,0.0,0.0,0,0.0,0.1112,0.0,0,1,0.111178875,0.0,0,1,0.111178875,0.111178875,0.0,0.0,0.111178875,0.1112,Attack,Attack-TCP-Flag-ACK-PSH
40,0.0,0.5,0.11,20,0.0,0.0,0.11,20,0,0.5,0.0,20.0,62596,0.0,0.0,20.0,18.174232,0.0,0.0,20.0,18.174232,0.0,0.0,0,0.0,0.11,0.0,0,1,0.11004591,0.0,0,1,0.11004591,0.11004591,0.0,0.0,0.11004591,0.11,Attack,Attack-TCP-Flag-ACK-PSH
40,0.0,0.5,0.1109,20,0.0,0.0,0.1109,20,0,0.5,0.0,20.0,62608,0.0,0.0,20.0,18.029045,0.0,0.0,20.0,18.029045,0.0,0.0,0,0.0,0.1109,0.0,0,1,0.11093211,0.0,0,1,0.11093211,0.11093211,0.0,0.0,0.11093211,0.1109,Attack,Attack-TCP-Flag-ACK-PSH
40,0.0,0.5,0.1109,20,0.0,0.0,0.1109,20,0,0.5,0.0,20.0,62599,0.0,0.0,20.0,18.032648,0.0,0.0,20.0,18.032648,0.0,0.0,0,0.0,0.1109,0.0,0,1,0.11090994,0.0,0,1,0.11090994,0.11090994,0.0,0.0,0.11090994,0.1109,Attack,Attack-TCP-Flag-ACK-PSH
20,20.0,1.0,1702931500.0,20,20.0,0.0,1702931500.0,20,0,0.0,1702931500.0,20.0,0,0.0,1702931500.0,20.0,0.0,0.0,1702931500.0,20.0,0.0,0.0,1702931500.0,20,0.0,1702931500.0,1702931500.0,20,1,1702931500.0,1702931500.0,20,0,1702931500.0,0.0,20.0,0.0,1702931500.0,0.0,Attack,Attack-TCP-Flag-ACK-PSH
40,20.0,0.5,1e-04,20,20.0,0.5,1e-04,20,1024,0.5,1702931500.0,20.0,0,0.0,1702931500.0,20.0,28926.234,1.0,1702931500.0,20.0,14463.117,0.0,1702931500.0,20,14463.117,1e-04,1702931500.0,20,1,6.914139e-05,1702931500.0,20,1,6.914139e-05,1702931500.0,20.0,0.5,6.914139e-05,1702931500.0,Attack,Attack-TCP-Flag-ACK-PSH
24,24.0,0.0,1702931500.0,24,24.0,1.0,1702931500.0,24,1024,0.0,1702931500.0,24.0,0,0.0,1702931500.0,24.0,0.0,1.0,1702931500.0,24.0,0.0,0.0,1702931500.0,24,0.0,1702931500.0,1702931500.0,24,0,1702931500.0,1702931500.0,24,0,1702931500.0,0.0,24.0,1.0,1702931500.0,0.0,Attack,Attack-TCP-Flag-ACK-PSH
40,0.0,0.5,0.1111,20,0.0,0.0,0.1111,20,0,0.5,0.0,20.0,62608,0.0,0.0,20.0,17.99922,0.0,0.0,20.0,17.99922,0.0,0.0,0,0.0,0.1111,0.0,0,1,0.11111593,0.0,0,1,0.11111593,0.11111593,0.0,0.0,0.11111593,0.1111,Attack,Attack-TCP-Flag-ACK-PSH
40,0.0,0.5,0.1093,20,0.0,0.0,0.1093,20,0,0.5,0.0,20.0,62596,0.0,0.0,20.0,18.303629,0.0,0.0,20.0,18.303629,0.0,0.0,0,0.0,0.1093,0.0,0,1,0.10926795,0.0,0,1,0.10926795,0.10926795,0.0,0.0,0.10926795,0.1093,Attack,Attack-TCP-Flag-ACK-PSH
20,20.0,1.0,1702931500.0,20,20.0,0.0,1702931500.0,20,1200,0.0,1702931500.0,20.0,0,0.0,1702931500.0,20.0,0.0,0.0,1702931500.0,20.0,0.0,0.0,1702931500.0,20,0.0,1702931500.0,1702931500.0,20,1,1702931500.0,1702931500.0,20,0,1702931500.0,0.0,20.0,0.0,1702931500.0,0.0,Attack,Attack-TCP-Flag-ACK-PSH
40,0.0,0.5,0.1071,20,0.0,0.0,0.1071,20,0,0.5,0.0,20.0,62590,0.0,0.0,20.0,18.669937,0.0,0.0,20.0,18.669937,0.0,0.0,0,0.0,0.1071,0.0,0,1,0.10712409,0.0,0,1,0.10712409,0.10712409,0.0,0.0,0.10712409,0.1071,Attack,Attack-TCP-Flag-ACK-PSH
20,20.0,1.0,1702931500.0,20,20.0,0.0,1702931500.0,20,0,0.0,1702931500.0,20.0,0,0.0,1702931500.0,20.0,0.0,0.0,1702931500.0,20.0,0.0,0.0,1702931500.0,20,0.0,1702931500.0,1702931500.0,20,1,1702931500.0,1702931500.0,20,0,1702931500.0,0.0,20.0,0.0,1702931500.0,0.0,Attack,Attack-TCP-Flag-ACK-PSH
20,20.0,1.0,1702931500.0,20,20.0,0.0,1702931500.0,20,0,0.0,1702931500.0,20.0,0,0.0,1702931500.0,20.0,0.0,0.0,1702931500.0,20.0,0.0,0.0,1702931500.0,20,0.0,1702931500.0,1702931500.0,20,1,1702931500.0,1702931500.0,20,0,1702931500.0,0.0,20.0,0.0,1702931500.0,0.0,Attack,Attack-TCP-Flag-ACK-PSH
40,0.0,0.5,0.1078,20,0.0,0.0,0.1078,20,0,0.5,0.0,20.0,62596,0.0,0.0,20.0,18.545122,0.0,0.0,20.0,18.545122,0.0,0.0,0,0.0,0.1078,0.0,0,1,0.10784507,0.0,0,1,0.10784507,0.10784507,0.0,0.0,0.10784507,0.1078,Attack,Attack-TCP-Flag-ACK-PSH
40,0.0,0.5,0.1108,20,0.0,0.0,0.1108,20,0,0.5,0.0,20.0,62599,0.0,0.0,20.0,18.054422,0.0,0.0,20.0,18.054422,0.0,0.0,0,0.0,0.1108,0.0,0,1,0.110776186,0.0,0,1,0.110776186,0.110776186,0.0,0.0,0.110776186,0.1108,Attack,Attack-TCP-Flag-ACK-PSH
40,40.0,0.0,1702931500.0,40,40.0,1.0,1702931500.0,40,29200,0.0,1702931500.0,40.0,0,0.0,1702931500.0,40.0,0.0,1.0,1702931500.0,40.0,0.0,0.0,1702931500.0,40,0.0,1702931500.0,1702931500.0,40,0,1702931500.0,1702931500.0,40,0,1702931500.0,0.0,40.0,1.0,1702931500.0,0.0,Attack,Attack-TCP-Flag-ACK-PSH
40,0.0,0.5,0.1079,20,0.0,0.0,0.1079,20,0,0.5,0.0,20.0,62586,0.0,0.0,20.0,18.53451,0.0,0.0,20.0,18.53451,0.0,0.0,0,0.0,0.1079,0.0,0,1,0.10790682,0.0,0,1,0.10790682,0.10790682,0.0,0.0,0.10790682,0.1079,Attack,Attack-TCP-Flag-ACK-PSH
40,0.0,0.5,0.1108,20,0.0,0.0,0.1108,20,0,0.5,0.0,20.0,62608,0.0,0.0,20.0,18.049566,0.0,0.0,20.0,18.049566,0.0,0.0,0,0.0,0.1108,0.0,0,1,0.11080599,0.0,0,1,0.11080599,0.11080599,0.0,0.0,0.11080599,0.1108,Attack,Attack-TCP-Flag-ACK-PSH
40,20.0,0.5,1e-04,20,20.0,0.5,1e-04,20,1024,0.5,1702931500.0,20.0,0,0.0,1702931500.0,20.0,24966.096,1.0,1702931500.0,20.0,12483.048,0.0,1702931500.0,20,12483.048,1e-04,1702931500.0,20,1,8.010864e-05,1702931500.0,20,1,8.010864e-05,1702931500.0,20.0,0.5,8.010864e-05,1702931500.0,Attack,Attack-TCP-Flag-ACK-PSH
40,0.0,0.5,0.1102,20,0.0,0.0,0.1102,20,0,0.5,0.0,20.0,62596,0.0,0.0,20.0,18.15445,0.0,0.0,20.0,18.15445,0.0,0.0,0,0.0,0.1102,0.0,0,1,0.110165834,0.0,0,1,0.110165834,0.110165834,0.0,0.0,0.110165834,0.1102,Attack,Attack-TCP-Flag-ACK-PSH
40,0.0,0.5,0.1082,20,0.0,0.0,0.1082,20,0,0.5,0.0,20.0,62602,0.0,0.0,20.0,18.48839,0.0,0.0,20.0,18.48839,0.0,0.0,0,0.0,0.1082,0.0,0,1,0.10817599,0.0,0,1,0.10817599,0.10817599,0.0,0.0,0.10817599,0.1082,Attack,Attack-TCP-Flag-ACK-PSH
84,26.0,0.33333334,0.11,32,20.0,0.33333334,0.0002,20,1024,0.0,0.2199,28.0,62727,0.0,0.21991086,32.0,13.6418915,0.5,0.21991086,32.0,4.547297,0.0,0.21991086,52,9.094594,0.11,0.2199,32,1,0.21975708,0.2199,20,0,0.00015377998,1702931500.0,26.0,0.6666667,0.21991086,1702931500.0,Attack,Attack-TCP-Flag-ACK-PSH
24,24.0,0.0,1702931500.0,24,24.0,1.0,1702931500.0,24,65535,0.0,1702931500.0,24.0,0,0.0,1702931500.0,24.0,0.0,1.0,1702931500.0,24.0,0.0,0.0,1702931500.0,24,0.0,1702931500.0,1702931500.0,24,0,1702931500.0,1702931500.0,24,0,1702931500.0,0.0,24.0,1.0,1702931500.0,0.0,Attack,Attack-TCP-Flag-ACK-PSH
24,24.0,0.0,1702931500.0,24,24.0,1.0,1702931500.0,24,65535,0.0,1702931500.0,24.0,0,0.0,1702931500.0,24.0,0.0,1.0,1702931500.0,24.0,0.0,0.0,1702931500.0,24,0.0,1702931500.0,1702931500.0,24,0,1702931500.0,1702931500.0,24,0,1702931500.0,0.0,24.0,1.0,1702931500.0,0.0,Attack,Attack-TCP-Flag-ACK-PSH
40,0.0,0.5,0.111,20,0.0,0.0,0.111,20,0,0.5,0.0,20.0,62599,0.0,0.0,20.0,18.011354,0.0,0.0,20.0,18.011354,0.0,0.0,0,0.0,0.111,0.0,0,1,0.11104107,0.0,0,1,0.11104107,0.11104107,0.0,0.0,0.11104107,0.111,Attack,Attack-TCP-Flag-ACK-PSH
60,40.0,0.5,1e-04,40,40.0,0.5,1e-04,20,14600,0.5,1702931500.0,30.0,0,0.0,1702931500.0,30.0,20020.545,1.0,1702931500.0,20.0,10010.272,0.0,1702931500.0,40,10010.272,1e-04,1702931500.0,40,1,9.9897385e-05,1702931500.0,40,1,9.9897385e-05,1702931500.0,40.0,0.5,9.9897385e-05,1702931500.0,Attack,Attack-TCP-Flag-ACK-PSH
40,0.0,0.5,0.1109,20,0.0,0.0,0.1109,20,0,0.5,0.0,20.0,62599,0.0,0.0,20.0,18.030363,0.0,0.0,20.0,18.030363,0.0,0.0,0,0.0,0.1109,0.0,0,1,0.110924006,0.0,0,1,0.110924006,0.110924006,0.0,0.0,0.110924006,0.1109,Attack,Attack-TCP-Flag-ACK-PSH
40,0.0,0.5,0.107,20,0.0,0.0,0.107,20,0,0.5,0.0,20.0,62594,0.0,0.0,20.0,18.686697,0.0,0.0,20.0,18.686697,0.0,0.0,0,0.0,0.107,0.0,0,1,0.10702801,0.0,0,1,0.10702801,0.10702801,0.0,0.0,0.10702801,0.107,Attack,Attack-TCP-Flag-ACK-PSH
20,20.0,1.0,1702931500.0,20,20.0,0.0,1702931500.0,20,0,0.0,1702931500.0,20.0,0,0.0,1702931500.0,20.0,0.0,0.0,1702931500.0,20.0,0.0,0.0,1702931500.0,20,0.0,1702931500.0,1702931500.0,20,1,1702931500.0,1702931500.0,20,0,1702931500.0,0.0,20.0,0.0,1702931500.0,0.0,Attack,Attack-TCP-Flag-ACK-PSH
40,0.0,0.5,0.1071,20,0.0,0.0,0.1071,20,0,0.5,0.0,20.0,62608,0.0,0.0,20.0,18.680788,0.0,0.0,20.0,18.680788,0.0,0.0,0,0.0,0.1071,0.0,0,1,0.10706186,0.0,0,1,0.10706186,0.10706186,0.0,0.0,0.10706186,0.1071,Attack,Attack-TCP-Flag-ACK-PSH
20,20.0,1.0,1702931500.0,20,20.0,0.0,1702931500.0,20,0,0.0,1702931500.0,20.0,0,0.0,1702931500.0,20.0,0.0,0.0,1702931500.0,20.0,0.0,0.0,1702931500.0,20,0.0,1702931500.0,1702931500.0,20,1,1702931500.0,1702931500.0,20,0,1702931500.0,0.0,20.0,0.0,1702931500.0,0.0,Attack,Attack-TCP-Flag-ACK-PSH
24,24.0,0.0,1702931500.0,24,24.0,1.0,1702931500.0,24,65535,0.0,1702931500.0,24.0,0,0.0,1702931500.0,24.0,0.0,1.0,1702931500.0,24.0,0.0,0.0,1702931500.0,24,0.0,1702931500.0,1702931500.0,24,0,1702931500.0,1702931500.0,24,0,1702931500.0,0.0,24.0,1.0,1702931500.0,0.0,Attack,Attack-TCP-Flag-ACK-PSH
20,20.0,1.0,1702931500.0,20,20.0,0.0,1702931500.0,20,0,0.0,1702931500.0,20.0,0,0.0,1702931500.0,20.0,0.0,0.0,1702931500.0,20.0,0.0,0.0,1702931500.0,20,0.0,1702931500.0,1702931500.0,20,1,1702931500.0,1702931500.0,20,0,1702931500.0,0.0,20.0,0.0,1702931500.0,0.0,Attack,Attack-TCP-Flag-ACK-PSH
20,20.0,1.0,1702931500.0,20,20.0,0.0,1702931500.0,20,0,0.0,1702931500.0,20.0,0,0.0,1702931500.0,20.0,0.0,0.0,1702931500.0,20.0,0.0,0.0,1702931500.0,20,0.0,1702931500.0,1702931500.0,20,1,1702931500.0,1702931500.0,20,0,1702931500.0,0.0,20.0,0.0,1702931500.0,0.0,Attack,Attack-TCP-Flag-ACK-PSH
40,0.0,0.5,0.111,20,0.0,0.0,0.111,20,0,0.5,0.0,20.0,62596,0.0,0.0,20.0,18.022732,0.0,0.0,20.0,18.022732,0.0,0.0,0,0.0,0.111,0.0,0,1,0.110970974,0.0,0,1,0.110970974,0.110970974,0.0,0.0,0.110970974,0.111,Attack,Attack-TCP-Flag-ACK-PSH
20,20.0,1.0,1702931500.0,20,20.0,0.0,1702931500.0,20,0,0.0,1702931500.0,20.0,0,0.0,1702931500.0,20.0,0.0,0.0,1702931500.0,20.0,0.0,0.0,1702931500.0,20,0.0,1702931500.0,1702931500.0,20,1,1702931500.0,1702931500.0,20,0,1702931500.0,0.0,20.0,0.0,1702931500.0,0.0,Attack,Attack-TCP-Flag-ACK-PSH
40,0.0,0.5,0.1117,20,0.0,0.0,0.1117,20,0,0.5,0.0,20.0,62602,0.0,0.0,20.0,17.908764,0.0,0.0,20.0,17.908764,0.0,0.0,0,0.0,0.1117,0.0,0,1,0.11167717,0.0,0,1,0.11167717,0.11167717,0.0,0.0,0.11167717,0.1117,Attack,Attack-TCP-Flag-ACK-PSH
40,0.0,0.5,0.108,20,0.0,0.0,0.108,20,0,0.5,0.0,20.0,62592,0.0,0.0,20.0,18.526077,0.0,0.0,20.0,18.526077,0.0,0.0,0,0.0,0.108,0.0,0,1,0.10795593,0.0,0,1,0.10795593,0.10795593,0.0,0.0,0.10795593,0.108,Attack,Attack-TCP-Flag-ACK-PSH
20,20.0,1.0,1702931500.0,20,20.0,0.0,1702931500.0,20,0,0.0,1702931500.0,20.0,0,0.0,1702931500.0,20.0,0.0,0.0,1702931500.0,20.0,0.0,0.0,1702931500.0,20,0.0,1702931500.0,1702931500.0,20,1,1702931500.0,1702931500.0,20,0,1702931500.0,0.0,20.0,0.0,1702931500.0,0.0,Attack,Attack-TCP-Flag-ACK-PSH
20,20.0,1.0,1702931500.0,20,20.0,0.0,1702931500.0,20,0,0.0,1702931500.0,20.0,0,0.0,1702931500.0,20.0,0.0,0.0,1702931500.0,20.0,0.0,0.0,1702931500.0,20,0.0,1702931500.0,1702931500.0,20,1,1702931500.0,1702931500.0,20,0,1702931500.0,0.0,20.0,0.0,1702931500.0,0.0,Attack,Attack-TCP-Flag-ACK-PSH
40,0.0,0.5,0.1081,20,0.0,0.0,0.1081,20,0,0.5,0.0,20.0,62590,0.0,0.0,20.0,18.495401,0.0,0.0,20.0,18.495401,0.0,0.0,0,0.0,0.1081,0.0,0,1,0.108134985,0.0,0,1,0.108134985,0.108134985,0.0,0.0,0.108134985,0.1081,Attack,Attack-TCP-Flag-ACK-PSH
40,20.0,0.5,1e-04,20,20.0,0.5,1e-04,20,1024,0.5,1702931500.0,20.0,0,0.0,1702931500.0,20.0,19831.225,1.0,1702931500.0,20.0,9915.612,0.0,1702931500.0,20,9915.612,1e-04,1702931500.0,20,1,0.00010085106,1702931500.0,20,1,0.00010085106,1702931500.0,20.0,0.5,0.00010085106,1702931500.0,Attack,Attack-TCP-Flag-ACK-PSH
20,20.0,1.0,1702931500.0,20,20.0,0.0,1702931500.0,20,0,0.0,1702931500.0,20.0,0,0.0,1702931500.0,20.0,0.0,0.0,1702931500.0,20.0,0.0,0.0,1702931500.0,20,0.0,1702931500.0,1702931500.0,20,1,1702931500.0,1702931500.0,20,0,1702931500.0,0.0,20.0,0.0,1702931500.0,0.0,Attack,Attack-TCP-Flag-ACK-PSH
40,0.0,0.5,0.1079,20,0.0,0.0,0.1079,20,0,0.5,0.0,20.0,62596,0.0,0.0,20.0,18.529678,0.0,0.0,20.0,18.529678,0.0,0.0,0,0.0,0.1079,0.0,0,1,0.10793495,0.0,0,1,0.10793495,0.10793495,0.0,0.0,0.10793495,0.1079,Attack,Attack-TCP-Flag-ACK-PSH
40,0.0,0.5,0.1076,20,0.0,0.0,0.1076,20,0,0.5,0.0,20.0,62602,0.0,0.0,20.0,18.588766,0.0,0.0,20.0,18.588766,0.0,0.0,0,0.0,0.1076,0.0,0,1,0.10759187,0.0,0,1,0.10759187,0.10759187,0.0,0.0,0.10759187,0.1076,Attack,Attack-TCP-Flag-ACK-PSH
40,0.0,0.5,0.1071,20,0.0,0.0,0.1071,20,0,0.5,0.0,20.0,62605,0.0,0.0,20.0,18.667526,0.0,0.0,20.0,18.667526,0.0,0.0,0,0.0,0.1071,0.0,0,1,0.10713792,0.0,0,1,0.10713792,0.10713792,0.0,0.0,0.10713792,0.1071,Attack,Attack-TCP-Flag-ACK-PSH
20,20.0,0.0,1702931500.0,20,20.0,1.0,1702931500.0,20,1024,0.0,1702931500.0,20.0,0,0.0,1702931500.0,20.0,0.0,1.0,1702931500.0,20.0,0.0,0.0,1702931500.0,20,0.0,1702931500.0,1702931500.0,20,0,1702931500.0,1702931500.0,20,0,1702931500.0,0.0,20.0,1.0,1702931500.0,0.0,Attack,Attack-TCP-Flag-ACK-PSH
40,0.0,0.5,0.1094,20,0.0,0.0,0.1094,20,0,0.5,0.0,20.0,62605,0.0,0.0,20.0,18.287907,0.0,0.0,20.0,18.287907,0.0,0.0,0,0.0,0.1094,0.0,0,1,0.10936189,0.0,0,1,0.10936189,0.10936189,0.0,0.0,0.10936189,0.1094,Attack,Attack-TCP-Flag-ACK-PSH
24,24.0,0.0,1702931500.0,24,24.0,1.0,1702931500.0,24,65535,0.0,1702931500.0,24.0,0,0.0,1702931500.0,24.0,0.0,1.0,1702931500.0,24.0,0.0,0.0,1702931500.0,24,0.0,1702931500.0,1702931500.0,24,0,1702931500.0,1702931500.0,24,0,1702931500.0,0.0,24.0,1.0,1702931500.0,0.0,Attack,Attack-TCP-Flag-ACK-PSH
24,24.0,0.0,1702931500.0,24,24.0,1.0,1702931500.0,24,1025,0.0,1702931500.0,24.0,0,0.0,1702931500.0,24.0,0.0,1.0,1702931500.0,24.0,0.0,0.0,1702931500.0,24,0.0,1702931500.0,1702931500.0,24,0,1702931500.0,1702931500.0,24,0,1702931500.0,0.0,24.0,1.0,1702931500.0,0.0,Attack,Attack-TCP-Flag-ACK-PSH
20,20.0,1.0,1702931500.0,20,20.0,0.0,1702931500.0,20,0,0.0,1702931500.0,20.0,0,0.0,1702931500.0,20.0,0.0,0.0,1702931500.0,20.0,0.0,0.0,1702931500.0,20,0.0,1702931500.0,1702931500.0,20,1,1702931500.0,1702931500.0,20,0,1702931500.0,0.0,20.0,0.0,1702931500.0,0.0,Attack,Attack-TCP-Flag-ACK-PSH
40,0.0,0.5,0.1078,20,0.0,0.0,0.1078,20,0,0.5,0.0,20.0,62608,0.0,0.0,20.0,18.55546,0.0,0.0,20.0,18.55546,0.0,0.0,0,0.0,0.1078,0.0,0,1,0.10778499,0.0,0,1,0.10778499,0.10778499,0.0,0.0,0.10778499,0.1078,Attack,Attack-TCP-Flag-ACK-PSH
40,0.0,0.5,0.111,20,0.0,0.0,0.111,20,0,0.5,0.0,20.0,62602,0.0,0.0,20.0,18.016731,0.0,0.0,20.0,18.016731,0.0,0.0,0,0.0,0.111,0.0,0,1,0.11100793,0.0,0,1,0.11100793,0.11100793,0.0,0.0,0.11100793,0.111,Attack,Attack-TCP-Flag-ACK-PSH
40,0.0,0.5,0.1099,20,0.0,0.0,0.1099,20,0,0.5,0.0,20.0,62590,0.0,0.0,20.0,18.202826,0.0,0.0,20.0,18.202826,0.0,0.0,0,0.0,0.1099,0.0,0,1,0.10987306,0.0,0,1,0.10987306,0.10987306,0.0,0.0,0.10987306,0.1099,Attack,Attack-TCP-Flag-ACK-PSH
20,20.0,1.0,1702931500.0,20,20.0,0.0,1702931500.0,20,0,0.0,1702931500.0,20.0,0,0.0,1702931500.0,20.0,0.0,0.0,1702931500.0,20.0,0.0,0.0,1702931500.0,20,0.0,1702931500.0,1702931500.0,20,1,1702931500.0,1702931500.0,20,0,1702931500.0,0.0,20.0,0.0,1702931500.0,0.0,Attack,Attack-TCP-Flag-ACK-PSH
20,20.0,1.0,1702931500.0,20,20.0,0.0,1702931500.0,20,0,0.0,1702931500.0,20.0,0,0.0,1702931500.0,20.0,0.0,0.0,1702931500.0,20.0,0.0,0.0,1702931500.0,20,0.0,1702931500.0,1702931500.0,20,1,1702931500.0,1702931500.0,20,0,1702931500.0,0.0,20.0,0.0,1702931500.0,0.0,Attack,Attack-TCP-Flag-ACK-PSH
40,0.0,0.5,0.1111,20,0.0,0.0,0.1111,20,0,0.5,0.0,20.0,62602,0.0,0.0,20.0,18.007797,0.0,0.0,20.0,18.007797,0.0,0.0,0,0.0,0.1111,0.0,0,1,0.111063,0.0,0,1,0.111063,0.111063,0.0,0.0,0.111063,0.1111,Attack,Attack-TCP-Flag-ACK-PSH
44,24.0,0.5,1e-04,24,24.0,0.5,1e-04,20,1024,0.5,1702931500.0,22.0,0,0.0,1702931500.0,22.0,21236.982,1.0,1702931500.0,20.0,10618.491,0.0,1702931500.0,24,10618.491,1e-04,1702931500.0,24,1,9.417534e-05,1702931500.0,24,1,9.417534e-05,1702931500.0,24.0,0.5,9.417534e-05,1702931500.0,Attack,Attack-TCP-Flag-ACK-PSH
20,20.0,0.0,1702931500.0,20,20.0,1.0,1702931500.0,20,1024,0.0,1702931500.0,20.0,0,0.0,1702931500.0,20.0,0.0,1.0,1702931500.0,20.0,0.0,0.0,1702931500.0,20,0.0,1702931500.0,1702931500.0,20,0,1702931500.0,1702931500.0,20,0,1702931500.0,0.0,20.0,1.0,1702931500.0,0.0,Attack,Attack-TCP-Flag-ACK-PSH
52,32.0,0.5,1e-04,32,32.0,0.5,1e-04,20,1024,0.5,1702931500.0,26.0,0,0.0,1702931500.0,26.0,23831.273,1.0,1702931500.0,20.0,11915.637,0.0,1702931500.0,32,11915.637,1e-04,1702931500.0,32,1,8.392334e-05,1702931500.0,32,1,8.392334e-05,1702931500.0,32.0,0.5,8.392334e-05,1702931500.0,Attack,Attack-TCP-Flag-ACK-PSH
20,20.0,0.0,1702931500.0,20,20.0,1.0,1702931500.0,20,65535,0.0,1702931500.0,20.0,0,0.0,1702931500.0,20.0,0.0,1.0,1702931500.0,20.0,0.0,0.0,1702931500.0,20,0.0,1702931500.0,1702931500.0,20,0,1702931500.0,1702931500.0,20,0,1702931500.0,0.0,20.0,1.0,1702931500.0,0.0,Attack,Attack-TCP-Flag-ACK-PSH
20,20.0,1.0,1702931500.0,20,20.0,0.0,1702931500.0,20,0,0.0,1702931500.0,20.0,0,0.0,1702931500.0,20.0,0.0,0.0,1702931500.0,20.0,0.0,0.0,1702931500.0,20,0.0,1702931500.0,1702931500.0,20,1,1702931500.0,1702931500.0,20,0,1702931500.0,0.0,20.0,0.0,1702931500.0,0.0,Attack,Attack-TCP-Flag-ACK-PSH
364,20.0,0.05882353,0.0312,32,20.0,0.05882353,0.0,20,8192,0.0,0.1882,21.4118,64000,0.7,1.1251161,20.0,10.034927,0.1,0.0,20.0,4.132029,0.71428573,1.694083,212,5.902899,0.1059,0.1108,32,1,0.9613509,0.0,20,0,0.0,1.583226,21.2,0.11764706,1.694083,0.1111,Attack,Attack-TCP-Flag-ACK-PSH
20,20.0,1.0,1702931500.0,20,20.0,0.0,1702931500.0,20,0,0.0,1702931500.0,20.0,0,0.0,1702931500.0,20.0,0.0,0.0,1702931500.0,20.0,0.0,0.0,1702931500.0,20,0.0,1702931500.0,1702931500.0,20,1,1702931500.0,1702931500.0,20,0,1702931500.0,0.0,20.0,0.0,1702931500.0,0.0,Attack,Attack-TCP-Flag-ACK-PSH
40,0.0,0.5,0.1101,20,0.0,0.0,0.1101,20,0,0.5,0.0,20.0,62605,0.0,0.0,20.0,18.169115,0.0,0.0,20.0,18.169115,0.0,0.0,0,0.0,0.1101,0.0,0,1,0.110076904,0.0,0,1,0.110076904,0.110076904,0.0,0.0,0.110076904,0.1101,Attack,Attack-TCP-Flag-ACK-PSH
40,0.0,0.5,0.1099,20,0.0,0.0,0.1099,20,0,0.5,0.0,20.0,62599,0.0,0.0,20.0,18.20318,0.0,0.0,20.0,18.20318,0.0,0.0,0,0.0,0.1099,0.0,0,1,0.10987091,0.0,0,1,0.10987091,0.10987091,0.0,0.0,0.10987091,0.1099,Attack,Attack-TCP-Flag-ACK-PSH
52,32.0,0.5,1e-04,32,32.0,0.5,1e-04,20,1024,0.5,1702931500.0,26.0,0,0.0,1702931500.0,26.0,23237.14,1.0,1702931500.0,20.0,11618.57,0.0,1702931500.0,32,11618.57,1e-04,1702931500.0,32,1,8.606911e-05,1702931500.0,32,1,8.606911e-05,1702931500.0,32.0,0.5,8.606911e-05,1702931500.0,Attack,Attack-TCP-Flag-ACK-PSH
40,0.0,0.5,0.11,20,0.0,0.0,0.11,20,0,0.5,0.0,20.0,62596,0.0,0.0,20.0,18.178644,0.0,0.0,20.0,18.178644,0.0,0.0,0,0.0,0.11,0.0,0,1,0.11001921,0.0,0,1,0.11001921,0.11001921,0.0,0.0,0.11001921,0.11,Attack,Attack-TCP-Flag-ACK-PSH
40,0.0,0.5,0.1091,20,0.0,0.0,0.1091,20,0,0.5,0.0,20.0,62594,0.0,0.0,20.0,18.325941,0.0,0.0,20.0,18.325941,0.0,0.0,0,0.0,0.1091,0.0,0,1,0.10913491,0.0,0,1,0.10913491,0.10913491,0.0,0.0,0.10913491,0.1091,Attack,Attack-TCP-Flag-ACK-PSH
40,0.0,0.5,0.106,20,0.0,0.0,0.106,20,0,0.5,0.0,20.0,62608,0.0,0.0,20.0,18.865982,0.0,0.0,20.0,18.865982,0.0,0.0,0,0.0,0.106,0.0,0,1,0.106010914,0.0,0,1,0.106010914,0.106010914,0.0,0.0,0.106010914,0.106,Attack,Attack-TCP-Flag-ACK-PSH
20,20.0,0.0,1702931500.0,20,20.0,1.0,1702931500.0,20,1024,0.0,1702931500.0,20.0,0,0.0,1702931500.0,20.0,0.0,1.0,1702931500.0,20.0,0.0,0.0,1702931500.0,20,0.0,1702931500.0,1702931500.0,20,0,1702931500.0,1702931500.0,20,0,1702931500.0,0.0,20.0,1.0,1702931500.0,0.0,Attack,Attack-TCP-Flag-ACK-PSH
20,20.0,1.0,1702931500.0,20,20.0,0.0,1702931500.0,20,0,0.0,1702931500.0,20.0,0,0.0,1702931500.0,20.0,0.0,0.0,1702931500.0,20.0,0.0,0.0,1702931500.0,20,0.0,1702931500.0,1702931500.0,20,1,1702931500.0,1702931500.0,20,0,1702931500.0,0.0,20.0,0.0,1702931500.0,0.0,Attack,Attack-TCP-Flag-ACK-PSH
40,0.0,0.5,0.111,20,0.0,0.0,0.111,20,0,0.5,0.0,20.0,62602,0.0,0.0,20.0,18.018202,0.0,0.0,20.0,18.018202,0.0,0.0,0,0.0,0.111,0.0,0,1,0.11099887,0.0,0,1,0.11099887,0.11099887,0.0,0.0,0.11099887,0.111,Attack,Attack-TCP-Flag-ACK-PSH
24,24.0,0.0,1702931500.0,24,24.0,1.0,1702931500.0,24,65535,0.0,1702931500.0,24.0,0,0.0,1702931500.0,24.0,0.0,1.0,1702931500.0,24.0,0.0,0.0,1702931500.0,24,0.0,1702931500.0,1702931500.0,24,0,1702931500.0,1702931500.0,24,0,1702931500.0,0.0,24.0,1.0,1702931500.0,0.0,Attack,Attack-TCP-Flag-ACK-PSH
40,0.0,0.5,0.1067,20,0.0,0.0,0.1067,20,0,0.5,0.0,20.0,62605,0.0,0.0,20.0,18.738708,0.0,0.0,20.0,18.738708,0.0,0.0,0,0.0,0.1067,0.0,0,1,0.10673094,0.0,0,1,0.10673094,0.10673094,0.0,0.0,0.10673094,0.1067,Attack,Attack-TCP-Flag-ACK-PSH
40,0.0,0.5,0.1107,20,0.0,0.0,0.1107,20,0,0.5,0.0,20.0,62594,0.0,0.0,20.0,18.059164,0.0,0.0,20.0,18.059164,0.0,0.0,0,0.0,0.1107,0.0,0,1,0.1107471,0.0,0,1,0.1107471,0.1107471,0.0,0.0,0.1107471,0.1107,Attack,Attack-TCP-Flag-ACK-PSH
40,0.0,0.5,0.1101,20,0.0,0.0,0.1101,20,0,0.5,0.0,20.0,62602,0.0,0.0,20.0,18.171242,0.0,0.0,20.0,18.171242,0.0,0.0,0,0.0,0.1101,0.0,0,1,0.11006403,0.0,0,1,0.11006403,0.11006403,0.0,0.0,0.11006403,0.1101,Attack,Attack-TCP-Flag-ACK-PSH
20,20.0,1.0,1702931500.0,20,20.0,0.0,1702931500.0,20,0,0.0,1702931500.0,20.0,0,0.0,1702931500.0,20.0,0.0,0.0,1702931500.0,20.0,0.0,0.0,1702931500.0,20,0.0,1702931500.0,1702931500.0,20,1,1702931500.0,1702931500.0,20,0,1702931500.0,0.0,20.0,0.0,1702931500.0,0.0,Attack,Attack-TCP-Flag-ACK-PSH
20,20.0,1.0,1702931500.0,20,20.0,0.0,1702931500.0,20,0,0.0,1702931500.0,20.0,0,0.0,1702931500.0,20.0,0.0,0.0,1702931500.0,20.0,0.0,0.0,1702931500.0,20,0.0,1702931500.0,1702931500.0,20,1,1702931500.0,1702931500.0,20,0,1702931500.0,0.0,20.0,0.0,1702931500.0,0.0,Attack,Attack-TCP-Flag-ACK-PSH
40,0.0,0.5,0.1076,20,0.0,0.0,0.1076,20,0,0.5,0.0,20.0,62599,0.0,0.0,20.0,18.581684,0.0,0.0,20.0,18.581684,0.0,0.0,0,0.0,0.1076,0.0,0,1,0.107632875,0.0,0,1,0.107632875,0.107632875,0.0,0.0,0.107632875,0.1076,Attack,Attack-TCP-Flag-ACK-PSH
20,20.0,1.0,1702931500.0,20,20.0,0.0,1702931500.0,20,0,0.0,1702931500.0,20.0,0,0.0,1702931500.0,20.0,0.0,0.0,1702931500.0,20.0,0.0,0.0,1702931500.0,20,0.0,1702931500.0,1702931500.0,20,1,1702931500.0,1702931500.0,20,0,1702931500.0,0.0,20.0,0.0,1702931500.0,0.0,Attack,Attack-TCP-Flag-ACK-PSH
40,0.0,0.5,0.1069,20,0.0,0.0,0.1069,20,0,0.5,0.0,20.0,62602,0.0,0.0,20.0,18.702404,0.0,0.0,20.0,18.702404,0.0,0.0,0,0.0,0.1069,0.0,0,1,0.10693812,0.0,0,1,0.10693812,0.10693812,0.0,0.0,0.10693812,0.1069,Attack,Attack-TCP-Flag-ACK-PSH
40,0.0,0.5,0.111,20,0.0,0.0,0.111,20,0,0.5,0.0,20.0,62594,0.0,0.0,20.0,18.013288,0.0,0.0,20.0,18.013288,0.0,0.0,0,0.0,0.111,0.0,0,1,0.11102915,0.0,0,1,0.11102915,0.11102915,0.0,0.0,0.11102915,0.111,Attack,Attack-TCP-Flag-ACK-PSH
40,0.0,0.5,0.1101,20,0.0,0.0,0.1101,20,0,0.5,0.0,20.0,62599,0.0,0.0,20.0,18.165457,0.0,0.0,20.0,18.165457,0.0,0.0,0,0.0,0.1101,0.0,0,1,0.11009908,0.0,0,1,0.11009908,0.11009908,0.0,0.0,0.11009908,0.1101,Attack,Attack-TCP-Flag-ACK-PSH
24,24.0,0.0,1702931500.0,24,24.0,1.0,1702931500.0,24,1024,0.0,1702931500.0,24.0,0,0.0,1702931500.0,24.0,0.0,1.0,1702931500.0,24.0,0.0,0.0,1702931500.0,24,0.0,1702931500.0,1702931500.0,24,0,1702931500.0,1702931500.0,24,0,1702931500.0,0.0,24.0,1.0,1702931500.0,0.0,Attack,Attack-TCP-Flag-ACK-PSH
40,0.0,0.5,0.111,20,0.0,0.0,0.111,20,0,0.5,0.0,20.0,62590,0.0,0.0,20.0,18.019672,0.0,0.0,20.0,18.019672,0.0,0.0,0,0.0,0.111,0.0,0,1,0.11098981,0.0,0,1,0.11098981,0.11098981,0.0,0.0,0.11098981,0.111,Attack,Attack-TCP-Flag-ACK-PSH
20,20.0,1.0,1702931500.0,20,20.0,0.0,1702931500.0,20,0,0.0,1702931500.0,20.0,0,0.0,1702931500.0,20.0,0.0,0.0,1702931500.0,20.0,0.0,0.0,1702931500.0,20,0.0,1702931500.0,1702931500.0,20,1,1702931500.0,1702931500.0,20,0,1702931500.0,0.0,20.0,0.0,1702931500.0,0.0,Attack,Attack-TCP-Flag-ACK-PSH
20,20.0,1.0,1702931500.0,20,20.0,0.0,1702931500.0,20,0,0.0,1702931500.0,20.0,0,0.0,1702931500.0,20.0,0.0,0.0,1702931500.0,20.0,0.0,0.0,1702931500.0,20,0.0,1702931500.0,1702931500.0,20,1,1702931500.0,1702931500.0,20,0,1702931500.0,0.0,20.0,0.0,1702931500.0,0.0,Attack,Attack-TCP-Flag-ACK-PSH
20,20.0,1.0,1702931500.0,20,20.0,0.0,1702931500.0,20,1200,0.0,1702931500.0,20.0,0,0.0,1702931500.0,20.0,0.0,0.0,1702931500.0,20.0,0.0,0.0,1702931500.0,20,0.0,1702931500.0,1702931500.0,20,1,1702931500.0,1702931500.0,20,0,1702931500.0,0.0,20.0,0.0,1702931500.0,0.0,Attack,Attack-TCP-Flag-ACK-PSH
24,24.0,0.0,1702931500.0,24,24.0,1.0,1702931500.0,24,65535,0.0,1702931500.0,24.0,0,0.0,1702931500.0,24.0,0.0,1.0,1702931500.0,24.0,0.0,0.0,1702931500.0,24,0.0,1702931500.0,1702931500.0,24,0,1702931500.0,1702931500.0,24,0,1702931500.0,0.0,24.0,1.0,1702931500.0,0.0,Attack,Attack-TCP-Flag-ACK-PSH
40,0.0,0.5,0.108,20,0.0,0.0,0.108,20,0,0.5,0.0,20.0,62608,0.0,0.0,20.0,18.52076,0.0,0.0,20.0,18.52076,0.0,0.0,0,0.0,0.108,0.0,0,1,0.10798693,0.0,0,1,0.10798693,0.10798693,0.0,0.0,0.10798693,0.108,Attack,Attack-TCP-Flag-ACK-PSH
40,20.0,0.5,1e-04,20,20.0,0.5,1e-04,20,65535,0.5,1702931500.0,20.0,0,0.0,1702931500.0,20.0,24036.127,1.0,1702931500.0,20.0,12018.063,0.0,1702931500.0,20,12018.063,1e-04,1702931500.0,20,1,8.3208084e-05,1702931500.0,20,1,8.3208084e-05,1702931500.0,20.0,0.5,8.3208084e-05,1702931500.0,Attack,Attack-TCP-Flag-ACK-PSH
40,0.0,0.5,0.11,20,0.0,0.0,0.11,20,0,0.5,0.0,20.0,62594,0.0,0.0,20.0,18.184122,0.0,0.0,20.0,18.184122,0.0,0.0,0,0.0,0.11,0.0,0,1,0.10998607,0.0,0,1,0.10998607,0.10998607,0.0,0.0,0.10998607,0.11,Attack,Attack-TCP-Flag-ACK-PSH
20,20.0,1.0,1702931500.0,20,20.0,0.0,1702931500.0,20,1200,0.0,1702931500.0,20.0,0,0.0,1702931500.0,20.0,0.0,0.0,1702931500.0,20.0,0.0,0.0,1702931500.0,20,0.0,1702931500.0,1702931500.0,20,1,1702931500.0,1702931500.0,20,0,1702931500.0,0.0,20.0,0.0,1702931500.0,0.0,Attack,Attack-TCP-Flag-ACK-PSH
20,20.0,1.0,1702931500.0,20,20.0,0.0,1702931500.0,20,0,0.0,1702931500.0,20.0,0,0.0,1702931500.0,20.0,0.0,0.0,1702931500.0,20.0,0.0,0.0,1702931500.0,20,0.0,1702931500.0,1702931500.0,20,1,1702931500.0,1702931500.0,20,0,1702931500.0,0.0,20.0,0.0,1702931500.0,0.0,Attack,Attack-TCP-Flag-ACK-PSH
40,0.0,0.5,0.1093,20,0.0,0.0,0.1093,20,0,0.5,0.0,20.0,62599,0.0,0.0,20.0,18.29377,0.0,0.0,20.0,18.29377,0.0,0.0,0,0.0,0.1093,0.0,0,1,0.10932684,0.0,0,1,0.10932684,0.10932684,0.0,0.0,0.10932684,0.1093,Attack,Attack-TCP-Flag-ACK-PSH
40,0.0,0.5,0.1114,20,0.0,0.0,0.1114,20,0,0.5,0.0,20.0,62596,0.0,0.0,20.0,17.957644,0.0,0.0,20.0,17.957644,0.0,0.0,0,0.0,0.1114,0.0,0,1,0.111373186,0.0,0,1,0.111373186,0.111373186,0.0,0.0,0.111373186,0.1114,Attack,Attack-TCP-Flag-ACK-PSH
20,20.0,1.0,1702931500.0,20,20.0,0.0,1702931500.0,20,0,0.0,1702931500.0,20.0,0,0.0,1702931500.0,20.0,0.0,0.0,1702931500.0,20.0,0.0,0.0,1702931500.0,20,0.0,1702931500.0,1702931500.0,20,1,1702931500.0,1702931500.0,20,0,1702931500.0,0.0,20.0,0.0,1702931500.0,0.0,Attack,Attack-TCP-Flag-ACK-PSH
40,0.0,0.5,0.1111,20,0.0,0.0,0.1111,20,0,0.5,0.0,20.0,62608,0.0,0.0,20.0,17.993853,0.0,0.0,20.0,17.993853,0.0,0.0,0,0.0,0.1111,0.0,0,1,0.11114907,0.0,0,1,0.11114907,0.11114907,0.0,0.0,0.11114907,0.1111,Attack,Attack-TCP-Flag-ACK-PSH
40,0.0,0.5,0.1081,20,0.0,0.0,0.1081,20,0,0.5,0.0,20.0,62605,0.0,0.0,20.0,18.50891,0.0,0.0,20.0,18.50891,0.0,0.0,0,0.0,0.1081,0.0,0,1,0.10805607,0.0,0,1,0.10805607,0.10805607,0.0,0.0,0.10805607,0.1081,Attack,Attack-TCP-Flag-ACK-PSH
24,24.0,0.0,1702931500.0,24,24.0,1.0,1702931500.0,24,1025,0.0,1702931500.0,24.0,0,0.0,1702931500.0,24.0,0.0,1.0,1702931500.0,24.0,0.0,0.0,1702931500.0,24,0.0,1702931500.0,1702931500.0,24,0,1702931500.0,1702931500.0,24,0,1702931500.0,0.0,24.0,1.0,1702931500.0,0.0,Attack,Attack-TCP-Flag-ACK-PSH
40,0.0,0.5,0.1107,20,0.0,0.0,0.1107,20,0,0.5,0.0,20.0,62608,0.0,0.0,20.0,18.070795,0.0,0.0,20.0,18.070795,0.0,0.0,0,0.0,0.1107,0.0,0,1,0.11067581,0.0,0,1,0.11067581,0.11067581,0.0,0.0,0.11067581,0.1107,Attack,Attack-TCP-Flag-ACK-PSH
20,20.0,1.0,1702931500.0,20,20.0,0.0,1702931500.0,20,0,0.0,1702931500.0,20.0,0,0.0,1702931500.0,20.0,0.0,0.0,1702931500.0,20.0,0.0,0.0,1702931500.0,20,0.0,1702931500.0,1702931500.0,20,1,1702931500.0,1702931500.0,20,0,1702931500.0,0.0,20.0,0.0,1702931500.0,0.0,Attack,Attack-TCP-Flag-ACK-PSH
24,24.0,0.0,1702931500.0,24,24.0,1.0,1702931500.0,24,65535,0.0,1702931500.0,24.0,0,0.0,1702931500.0,24.0,0.0,1.0,1702931500.0,24.0,0.0,0.0,1702931500.0,24,0.0,1702931500.0,1702931500.0,24,0,1702931500.0,1702931500.0,24,0,1702931500.0,0.0,24.0,1.0,1702931500.0,0.0,Attack,Attack-TCP-Flag-ACK-PSH
40,0.0,0.5,0.11,20,0.0,0.0,0.11,20,0,0.5,0.0,20.0,62605,0.0,0.0,20.0,18.187748,0.0,0.0,20.0,18.187748,0.0,0.0,0,0.0,0.11,0.0,0,1,0.10996413,0.0,0,1,0.10996413,0.10996413,0.0,0.0,0.10996413,0.11,Attack,Attack-TCP-Flag-ACK-PSH
24,24.0,0.0,1702931500.0,24,24.0,1.0,1702931500.0,24,1025,0.0,1702931500.0,24.0,0,0.0,1702931500.0,24.0,0.0,1.0,1702931500.0,24.0,0.0,0.0,1702931500.0,24,0.0,1702931500.0,1702931500.0,24,0,1702931500.0,1702931500.0,24,0,1702931500.0,0.0,24.0,1.0,1702931500.0,0.0,Attack,Attack-TCP-Flag-ACK-PSH
40,0.0,0.5,0.1101,20,0.0,0.0,0.1101,20,0,0.5,0.0,20.0,62602,0.0,0.0,20.0,18.161013,0.0,0.0,20.0,18.161013,0.0,0.0,0,0.0,0.1101,0.0,0,1,0.11012602,0.0,0,1,0.11012602,0.11012602,0.0,0.0,0.11012602,0.1101,Attack,Attack-TCP-Flag-ACK-PSH
20,20.0,1.0,1702931500.0,20,20.0,0.0,1702931500.0,20,1200,0.0,1702931500.0,20.0,0,0.0,1702931500.0,20.0,0.0,0.0,1702931500.0,20.0,0.0,0.0,1702931500.0,20,0.0,1702931500.0,1702931500.0,20,1,1702931500.0,1702931500.0,20,0,1702931500.0,0.0,20.0,0.0,1702931500.0,0.0,Attack,Attack-TCP-Flag-ACK-PSH
20,20.0,1.0,1702931500.0,20,20.0,0.0,1702931500.0,20,0,0.0,1702931500.0,20.0,0,0.0,1702931500.0,20.0,0.0,0.0,1702931500.0,20.0,0.0,0.0,1702931500.0,20,0.0,1702931500.0,1702931500.0,20,1,1702931500.0,1702931500.0,20,0,1702931500.0,0.0,20.0,0.0,1702931500.0,0.0,Attack,Attack-TCP-Flag-ACK-PSH
40,0.0,0.5,0.1113,20,0.0,0.0,0.1113,20,0,0.5,0.0,20.0,62602,0.0,0.0,20.0,17.976885,0.0,0.0,20.0,17.976885,0.0,0.0,0,0.0,0.1113,0.0,0,1,0.11125398,0.0,0,1,0.11125398,0.11125398,0.0,0.0,0.11125398,0.1113,Attack,Attack-TCP-Flag-ACK-PSH
20,20.0,1.0,1702931500.0,20,20.0,0.0,1702931500.0,20,0,0.0,1702931500.0,20.0,0,0.0,1702931500.0,20.0,0.0,0.0,1702931500.0,20.0,0.0,0.0,1702931500.0,20,0.0,1702931500.0,1702931500.0,20,1,1702931500.0,1702931500.0,20,0,1702931500.0,0.0,20.0,0.0,1702931500.0,0.0,Attack,Attack-TCP-Flag-ACK-PSH
40,0.0,0.5,0.1111,20,0.0,0.0,0.1111,20,0,0.5,0.0,20.0,62602,0.0,0.0,20.0,18.005865,0.0,0.0,20.0,18.005865,0.0,0.0,0,0.0,0.1111,0.0,0,1,0.111074924,0.0,0,1,0.111074924,0.111074924,0.0,0.0,0.111074924,0.1111,Attack,Attack-TCP-Flag-ACK-PSH
44,24.0,0.5,0.0002,24,24.0,0.5,0.0002,20,65535,0.5,1702931500.0,22.0,0,0.0,1702931500.0,22.0,8338.576,1.0,1702931500.0,20.0,4169.288,0.0,1702931500.0,24,4169.288,0.0002,1702931500.0,24,1,0.00023984909,1702931500.0,24,1,0.00023984909,1702931500.0,24.0,0.5,0.00023984909,1702931500.0,Attack,Attack-TCP-Flag-ACK-PSH
20,20.0,1.0,1702931500.0,20,20.0,0.0,1702931500.0,20,0,0.0,1702931500.0,20.0,0,0.0,1702931500.0,20.0,0.0,0.0,1702931500.0,20.0,0.0,0.0,1702931500.0,20,0.0,1702931500.0,1702931500.0,20,1,1702931500.0,1702931500.0,20,0,1702931500.0,0.0,20.0,0.0,1702931500.0,0.0,Attack,Attack-TCP-Flag-ACK-PSH
20,20.0,1.0,1702931500.0,20,20.0,0.0,1702931500.0,20,0,0.0,1702931500.0,20.0,0,0.0,1702931500.0,20.0,0.0,0.0,1702931500.0,20.0,0.0,0.0,1702931500.0,20,0.0,1702931500.0,1702931500.0,20,1,1702931500.0,1702931500.0,20,0,1702931500.0,0.0,20.0,0.0,1702931500.0,0.0,Attack,Attack-TCP-Flag-ACK-PSH
20,20.0,1.0,1702931500.0,20,20.0,0.0,1702931500.0,20,0,0.0,1702931500.0,20.0,0,0.0,1702931500.0,20.0,0.0,0.0,1702931500.0,20.0,0.0,0.0,1702931500.0,20,0.0,1702931500.0,1702931500.0,20,1,1702931500.0,1702931500.0,20,0,1702931500.0,0.0,20.0,0.0,1702931500.0,0.0,Attack,Attack-TCP-Flag-ACK-PSH
40,0.0,0.5,0.1093,20,0.0,0.0,0.1093,20,0,0.5,0.0,20.0,62611,0.0,0.0,20.0,18.303988,0.0,0.0,20.0,18.303988,0.0,0.0,0,0.0,0.1093,0.0,0,1,0.109265804,0.0,0,1,0.109265804,0.109265804,0.0,0.0,0.109265804,0.1093,Attack,Attack-TCP-Flag-ACK-PSH
24,24.0,0.0,1702931500.0,24,24.0,1.0,1702931500.0,24,1025,0.0,1702931500.0,24.0,0,0.0,1702931500.0,24.0,0.0,1.0,1702931500.0,24.0,0.0,0.0,1702931500.0,24,0.0,1702931500.0,1702931500.0,24,0,1702931500.0,1702931500.0,24,0,1702931500.0,0.0,24.0,1.0,1702931500.0,0.0,Attack,Attack-TCP-Flag-ACK-PSH
20,20.0,1.0,1702931500.0,20,20.0,0.0,1702931500.0,20,0,0.0,1702931500.0,20.0,0,0.0,1702931500.0,20.0,0.0,0.0,1702931500.0,20.0,0.0,0.0,1702931500.0,20,0.0,1702931500.0,1702931500.0,20,1,1702931500.0,1702931500.0,20,0,1702931500.0,0.0,20.0,0.0,1702931500.0,0.0,Attack,Attack-TCP-Flag-ACK-PSH
40,0.0,0.5,0.1113,20,0.0,0.0,0.1113,20,0,0.5,0.0,20.0,62602,0.0,0.0,20.0,17.977386,0.0,0.0,20.0,17.977386,0.0,0.0,0,0.0,0.1113,0.0,0,1,0.11125088,0.0,0,1,0.11125088,0.11125088,0.0,0.0,0.11125088,0.1113,Attack,Attack-TCP-Flag-ACK-PSH
40,0.0,0.5,0.1112,20,0.0,0.0,0.1112,20,0,0.5,0.0,20.0,62605,0.0,0.0,20.0,17.993042,0.0,0.0,20.0,17.993042,0.0,0.0,0,0.0,0.1112,0.0,0,1,0.11115408,0.0,0,1,0.11115408,0.11115408,0.0,0.0,0.11115408,0.1112,Attack,Attack-TCP-Flag-ACK-PSH
40,0.0,0.5,0.1072,20,0.0,0.0,0.1072,20,0,0.5,0.0,20.0,62599,0.0,0.0,20.0,18.66192,0.0,0.0,20.0,18.66192,0.0,0.0,0,0.0,0.1072,0.0,0,1,0.107170105,0.0,0,1,0.107170105,0.107170105,0.0,0.0,0.107170105,0.1072,Attack,Attack-TCP-Flag-ACK-PSH
20,20.0,1.0,1702931500.0,20,20.0,0.0,1702931500.0,20,0,0.0,1702931500.0,20.0,0,0.0,1702931500.0,20.0,0.0,0.0,1702931500.0,20.0,0.0,0.0,1702931500.0,20,0.0,1702931500.0,1702931500.0,20,1,1702931500.0,1702931500.0,20,0,1702931500.0,0.0,20.0,0.0,1702931500.0,0.0,Attack,Attack-TCP-Flag-ACK-PSH
20,20.0,1.0,1702931500.0,20,20.0,0.0,1702931500.0,20,0,0.0,1702931500.0,20.0,0,0.0,1702931500.0,20.0,0.0,0.0,1702931500.0,20.0,0.0,0.0,1702931500.0,20,0.0,1702931500.0,1702931500.0,20,1,1702931500.0,1702931500.0,20,0,1702931500.0,0.0,20.0,0.0,1702931500.0,0.0,Attack,Attack-TCP-Flag-ACK-PSH
20,20.0,1.0,1702931500.0,20,20.0,0.0,1702931500.0,20,0,0.0,1702931500.0,20.0,0,0.0,1702931500.0,20.0,0.0,0.0,1702931500.0,20.0,0.0,0.0,1702931500.0,20,0.0,1702931500.0,1702931500.0,20,1,1702931500.0,1702931500.0,20,0,1702931500.0,0.0,20.0,0.0,1702931500.0,0.0,Attack,Attack-TCP-Flag-ACK-PSH
40,0.0,0.5,0.1109,20,0.0,0.0,0.1109,20,0,0.5,0.0,20.0,62608,0.0,0.0,20.0,18.030518,0.0,0.0,20.0,18.030518,0.0,0.0,0,0.0,0.1109,0.0,0,1,0.11092305,0.0,0,1,0.11092305,0.11092305,0.0,0.0,0.11092305,0.1109,Attack,Attack-TCP-Flag-ACK-PSH
20,20.0,1.0,1702931500.0,20,20.0,0.0,1702931500.0,20,0,0.0,1702931500.0,20.0,0,0.0,1702931500.0,20.0,0.0,0.0,1702931500.0,20.0,0.0,0.0,1702931500.0,20,0.0,1702931500.0,1702931500.0,20,1,1702931500.0,1702931500.0,20,0,1702931500.0,0.0,20.0,0.0,1702931500.0,0.0,Attack,Attack-TCP-Flag-ACK-PSH
40,20.0,0.5,0.0002,20,20.0,0.5,0.0002,20,65535,0.5,1702931500.0,20.0,0,0.0,1702931500.0,20.0,10810.062,1.0,1702931500.0,20.0,5405.031,0.0,1702931500.0,20,5405.031,0.0002,1702931500.0,20,1,0.00018501282,1702931500.0,20,1,0.00018501282,1702931500.0,20.0,0.5,0.00018501282,1702931500.0,Attack,Attack-TCP-Flag-ACK-PSH
40,0.0,0.5,0.1077,20,0.0,0.0,0.1077,20,0,0.5,0.0,20.0,62605,0.0,0.0,20.0,18.570782,0.0,0.0,20.0,18.570782,0.0,0.0,0,0.0,0.1077,0.0,0,1,0.10769606,0.0,0,1,0.10769606,0.10769606,0.0,0.0,0.10769606,0.1077,Attack,Attack-TCP-Flag-ACK-PSH
40,0.0,0.5,0.1104,20,0.0,0.0,0.1104,20,0,0.5,0.0,20.0,62611,0.0,0.0,20.0,18.121662,0.0,0.0,20.0,18.121662,0.0,0.0,0,0.0,0.1104,0.0,0,1,0.11036515,0.0,0,1,0.11036515,0.11036515,0.0,0.0,0.11036515,0.1104,Attack,Attack-TCP-Flag-ACK-PSH
40,0.0,0.5,0.1091,20,0.0,0.0,0.1091,20,0,0.5,0.0,20.0,62608,0.0,0.0,20.0,18.333992,0.0,0.0,20.0,18.333992,0.0,0.0,0,0.0,0.1091,0.0,0,1,0.10908699,0.0,0,1,0.10908699,0.10908699,0.0,0.0,0.10908699,0.1091,Attack,Attack-TCP-Flag-ACK-PSH
20,20.0,1.0,1702931500.0,20,20.0,0.0,1702931500.0,20,0,0.0,1702931500.0,20.0,0,0.0,1702931500.0,20.0,0.0,0.0,1702931500.0,20.0,0.0,0.0,1702931500.0,20,0.0,1702931500.0,1702931500.0,20,1,1702931500.0,1702931500.0,20,0,1702931500.0,0.0,20.0,0.0,1702931500.0,0.0,Attack,Attack-TCP-Flag-ACK-PSH
40,0.0,0.5,0.1077,20,0.0,0.0,0.1077,20,0,0.5,0.0,20.0,62596,0.0,0.0,20.0,18.564945,0.0,0.0,20.0,18.564945,0.0,0.0,0,0.0,0.1077,0.0,0,1,0.10772991,0.0,0,1,0.10772991,0.10772991,0.0,0.0,0.10772991,0.1077,Attack,Attack-TCP-Flag-ACK-PSH
24,24.0,0.0,1702931500.0,24,24.0,1.0,1702931500.0,24,65535,0.0,1702931500.0,24.0,0,0.0,1702931500.0,24.0,0.0,1.0,1702931500.0,24.0,0.0,0.0,1702931500.0,24,0.0,1702931500.0,1702931500.0,24,0,1702931500.0,1702931500.0,24,0,1702931500.0,0.0,24.0,1.0,1702931500.0,0.0,Attack,Attack-TCP-Flag-ACK-PSH
24,24.0,0.0,1702931500.0,24,24.0,1.0,1702931500.0,24,1024,0.0,1702931500.0,24.0,0,0.0,1702931500.0,24.0,0.0,1.0,1702931500.0,24.0,0.0,0.0,1702931500.0,24,0.0,1702931500.0,1702931500.0,24,0,1702931500.0,1702931500.0,24,0,1702931500.0,0.0,24.0,1.0,1702931500.0,0.0,Attack,Attack-TCP-Flag-ACK-PSH
20,20.0,1.0,1702931500.0,20,20.0,0.0,1702931500.0,20,0,0.0,1702931500.0,20.0,0,0.0,1702931500.0,20.0,0.0,0.0,1702931500.0,20.0,0.0,0.0,1702931500.0,20,0.0,1702931500.0,1702931500.0,20,1,1702931500.0,1702931500.0,20,0,1702931500.0,0.0,20.0,0.0,1702931500.0,0.0,Attack,Attack-TCP-Flag-ACK-PSH
20,20.0,1.0,1702931500.0,20,20.0,0.0,1702931500.0,20,1200,0.0,1702931500.0,20.0,0,0.0,1702931500.0,20.0,0.0,0.0,1702931500.0,20.0,0.0,0.0,1702931500.0,20,0.0,1702931500.0,1702931500.0,20,1,1702931500.0,1702931500.0,20,0,1702931500.0,0.0,20.0,0.0,1702931500.0,0.0,Attack,Attack-TCP-Flag-ACK-PSH
40,0.0,0.5,0.1077,20,0.0,0.0,0.1077,20,0,0.5,0.0,20.0,62605,0.0,0.0,20.0,18.574072,0.0,0.0,20.0,18.574072,0.0,0.0,0,0.0,0.1077,0.0,0,1,0.10767698,0.0,0,1,0.10767698,0.10767698,0.0,0.0,0.10767698,0.1077,Attack,Attack-TCP-Flag-ACK-PSH
24,24.0,0.0,1702931500.0,24,24.0,1.0,1702931500.0,24,1024,0.0,1702931500.0,24.0,0,0.0,1702931500.0,24.0,0.0,1.0,1702931500.0,24.0,0.0,0.0,1702931500.0,24,0.0,1702931500.0,1702931500.0,24,0,1702931500.0,1702931500.0,24,0,1702931500.0,0.0,24.0,1.0,1702931500.0,0.0,Attack,Attack-TCP-Flag-ACK-PSH
40,0.0,0.5,0.111,20,0.0,0.0,0.111,20,0,0.5,0.0,20.0,62596,0.0,0.0,20.0,18.012823,0.0,0.0,20.0,18.012823,0.0,0.0,0,0.0,0.111,0.0,0,1,0.11103201,0.0,0,1,0.11103201,0.11103201,0.0,0.0,0.11103201,0.111,Attack,Attack-TCP-Flag-ACK-PSH
44,24.0,0.5,1e-04,24,24.0,0.5,1e-04,20,1024,0.5,1702931500.0,22.0,0,0.0,1702931500.0,22.0,16946.684,1.0,1702931500.0,20.0,8473.342,0.0,1702931500.0,24,8473.342,1e-04,1702931500.0,24,1,0.0001180172,1702931500.0,24,1,0.0001180172,1702931500.0,24.0,0.5,0.0001180172,1702931500.0,Attack,Attack-TCP-Flag-ACK-PSH
40,0.0,0.5,0.108,20,0.0,0.0,0.108,20,0,0.5,0.0,20.0,62611,0.0,0.0,20.0,18.510462,0.0,0.0,20.0,18.510462,0.0,0.0,0,0.0,0.108,0.0,0,1,0.10804701,0.0,0,1,0.10804701,0.10804701,0.0,0.0,0.10804701,0.108,Attack,Attack-TCP-Flag-ACK-PSH
20,20.0,1.0,1702931500.0,20,20.0,0.0,1702931500.0,20,0,0.0,1702931500.0,20.0,0,0.0,1702931500.0,20.0,0.0,0.0,1702931500.0,20.0,0.0,0.0,1702931500.0,20,0.0,1702931500.0,1702931500.0,20,1,1702931500.0,1702931500.0,20,0,1702931500.0,0.0,20.0,0.0,1702931500.0,0.0,Attack,Attack-TCP-Flag-ACK-PSH
20,20.0,1.0,1702931500.0,20,20.0,0.0,1702931500.0,20,0,0.0,1702931500.0,20.0,0,0.0,1702931500.0,20.0,0.0,0.0,1702931500.0,20.0,0.0,0.0,1702931500.0,20,0.0,1702931500.0,1702931500.0,20,1,1702931500.0,1702931500.0,20,0,1702931500.0,0.0,20.0,0.0,1702931500.0,0.0,Attack,Attack-TCP-Flag-ACK-PSH
40,0.0,0.5,0.111,20,0.0,0.0,0.111,20,0,0.5,0.0,20.0,62608,0.0,0.0,20.0,18.017351,0.0,0.0,20.0,18.017351,0.0,0.0,0,0.0,0.111,0.0,0,1,0.111004114,0.0,0,1,0.111004114,0.111004114,0.0,0.0,0.111004114,0.111,Attack,Attack-TCP-Flag-ACK-PSH
40,0.0,0.5,0.111,20,0.0,0.0,0.111,20,0,0.5,0.0,20.0,62590,0.0,0.0,20.0,18.013172,0.0,0.0,20.0,18.013172,0.0,0.0,0,0.0,0.111,0.0,0,1,0.11102986,0.0,0,1,0.11102986,0.11102986,0.0,0.0,0.11102986,0.111,Attack,Attack-TCP-Flag-ACK-PSH
40,20.0,0.5,0.0013,20,20.0,0.5,0.0013,20,39603,0.5,1702931500.0,20.0,0,0.0,1702931500.0,20.0,1513.9159,1.0,1702931500.0,20.0,756.95795,0.0,1702931500.0,20,756.95795,0.0013,1702931500.0,20,1,0.0013210773,1702931500.0,20,1,0.0013210773,1702931500.0,20.0,0.5,0.0013210773,1702931500.0,Attack,Attack-TCP-Flag-ACK-PSH
40,0.0,0.5,0.1069,20,0.0,0.0,0.1069,20,0,0.5,0.0,20.0,62590,0.0,0.0,20.0,18.708744,0.0,0.0,20.0,18.708744,0.0,0.0,0,0.0,0.1069,0.0,0,1,0.106901884,0.0,0,1,0.106901884,0.106901884,0.0,0.0,0.106901884,0.1069,Attack,Attack-TCP-Flag-ACK-PSH
40,0.0,0.5,0.111,20,0.0,0.0,0.111,20,0,0.5,0.0,20.0,62605,0.0,0.0,20.0,18.011702,0.0,0.0,20.0,18.011702,0.0,0.0,0,0.0,0.111,0.0,0,1,0.11103892,0.0,0,1,0.11103892,0.11103892,0.0,0.0,0.11103892,0.111,Attack,Attack-TCP-Flag-ACK-PSH
40,20.0,0.5,1e-04,20,20.0,0.5,1e-04,20,65535,0.5,1702931500.0,20.0,0,0.0,1702931500.0,20.0,23763.762,1.0,1702931500.0,20.0,11881.881,0.0,1702931500.0,20,11881.881,1e-04,1702931500.0,20,1,8.416176e-05,1702931500.0,20,1,8.416176e-05,1702931500.0,20.0,0.5,8.416176e-05,1702931500.0,Attack,Attack-TCP-Flag-ACK-PSH
40,0.0,0.5,0.1108,20,0.0,0.0,0.1108,20,0,0.5,0.0,20.0,62605,0.0,0.0,20.0,18.054617,0.0,0.0,20.0,18.054617,0.0,0.0,0,0.0,0.1108,0.0,0,1,0.110774994,0.0,0,1,0.110774994,0.110774994,0.0,0.0,0.110774994,0.1108,Attack,Attack-TCP-Flag-ACK-PSH
40,0.0,0.5,0.1077,20,0.0,0.0,0.1077,20,0,0.5,0.0,20.0,62592,0.0,0.0,20.0,18.564945,0.0,0.0,20.0,18.564945,0.0,0.0,0,0.0,0.1077,0.0,0,1,0.10772991,0.0,0,1,0.10772991,0.10772991,0.0,0.0,0.10772991,0.1077,Attack,Attack-TCP-Flag-ACK-PSH
40,0.0,0.5,0.1109,20,0.0,0.0,0.1109,20,0,0.5,0.0,20.0,62608,0.0,0.0,20.0,18.034431,0.0,0.0,20.0,18.034431,0.0,0.0,0,0.0,0.1109,0.0,0,1,0.11089897,0.0,0,1,0.11089897,0.11089897,0.0,0.0,0.11089897,0.1109,Attack,Attack-TCP-Flag-ACK-PSH
40,0.0,0.5,0.1108,20,0.0,0.0,0.1108,20,0,0.5,0.0,20.0,62590,0.0,0.0,20.0,18.055393,0.0,0.0,20.0,18.055393,0.0,0.0,0,0.0,0.1108,0.0,0,1,0.110770226,0.0,0,1,0.110770226,0.110770226,0.0,0.0,0.110770226,0.1108,Attack,Attack-TCP-Flag-ACK-PSH
20,20.0,1.0,1702931500.0,20,20.0,0.0,1702931500.0,20,0,0.0,1702931500.0,20.0,0,0.0,1702931500.0,20.0,0.0,0.0,1702931500.0,20.0,0.0,0.0,1702931500.0,20,0.0,1702931500.0,1702931500.0,20,1,1702931500.0,1702931500.0,20,0,1702931500.0,0.0,20.0,0.0,1702931500.0,0.0,Attack,Attack-TCP-Flag-ACK-PSH
20,20.0,1.0,1702931500.0,20,20.0,0.0,1702931500.0,20,0,0.0,1702931500.0,20.0,0,0.0,1702931500.0,20.0,0.0,0.0,1702931500.0,20.0,0.0,0.0,1702931500.0,20,0.0,1702931500.0,1702931500.0,20,1,1702931500.0,1702931500.0,20,0,1702931500.0,0.0,20.0,0.0,1702931500.0,0.0,Attack,Attack-TCP-Flag-ACK-PSH
24,24.0,0.0,1702931500.0,24,24.0,1.0,1702931500.0,24,65535,0.0,1702931500.0,24.0,0,0.0,1702931500.0,24.0,0.0,1.0,1702931500.0,24.0,0.0,0.0,1702931500.0,24,0.0,1702931500.0,1702931500.0,24,0,1702931500.0,1702931500.0,24,0,1702931500.0,0.0,24.0,1.0,1702931500.0,0.0,Attack,Attack-TCP-Flag-ACK-PSH
40,0.0,0.5,0.1113,20,0.0,0.0,0.1113,20,0,0.5,0.0,20.0,62594,0.0,0.0,20.0,17.968184,0.0,0.0,20.0,17.968184,0.0,0.0,0,0.0,0.1113,0.0,0,1,0.11130786,0.0,0,1,0.11130786,0.11130786,0.0,0.0,0.11130786,0.1113,Attack,Attack-TCP-Flag-ACK-PSH
24,24.0,0.0,1702931500.0,24,24.0,1.0,1702931500.0,24,65535,0.0,1702931500.0,24.0,0,0.0,1702931500.0,24.0,0.0,1.0,1702931500.0,24.0,0.0,0.0,1702931500.0,24,0.0,1702931500.0,1702931500.0,24,0,1702931500.0,1702931500.0,24,0,1702931500.0,0.0,24.0,1.0,1702931500.0,0.0,Attack,Attack-TCP-Flag-ACK-PSH
40,20.0,0.5,1e-04,20,20.0,0.5,1e-04,20,1024,0.5,1702931500.0,20.0,0,0.0,1702931500.0,20.0,19972.877,1.0,1702931500.0,20.0,9986.438,0.0,1702931500.0,20,9986.438,1e-04,1702931500.0,20,1,0.0001001358,1702931500.0,20,1,0.0001001358,1702931500.0,20.0,0.5,0.0001001358,1702931500.0,Attack,Attack-TCP-Flag-ACK-PSH
20,20.0,1.0,1702931500.0,20,20.0,0.0,1702931500.0,20,0,0.0,1702931500.0,20.0,0,0.0,1702931500.0,20.0,0.0,0.0,1702931500.0,20.0,0.0,0.0,1702931500.0,20,0.0,1702931500.0,1702931500.0,20,1,1702931500.0,1702931500.0,20,0,1702931500.0,0.0,20.0,0.0,1702931500.0,0.0,Attack,Attack-TCP-Flag-ACK-PSH
52,32.0,0.5,0.0002,32,32.0,0.5,0.0002,20,1024,0.5,1702931500.0,26.0,0,0.0,1702931500.0,26.0,13231.243,1.0,1702931500.0,20.0,6615.6216,0.0,1702931500.0,32,6615.6216,0.0002,1702931500.0,32,1,0.00015115738,1702931500.0,32,1,0.00015115738,1702931500.0,32.0,0.5,0.00015115738,1702931500.0,Attack,Attack-TCP-Flag-ACK-PSH
40,0.0,0.5,0.1078,20,0.0,0.0,0.1078,20,0,0.5,0.0,20.0,62602,0.0,0.0,20.0,18.54582,0.0,0.0,20.0,18.54582,0.0,0.0,0,0.0,0.1078,0.0,0,1,0.107841015,0.0,0,1,0.107841015,0.107841015,0.0,0.0,0.107841015,0.1078,Attack,Attack-TCP-Flag-ACK-PSH
40,0.0,0.5,0.1098,20,0.0,0.0,0.1098,20,0,0.5,0.0,20.0,62605,0.0,0.0,20.0,18.211796,0.0,0.0,20.0,18.211796,0.0,0.0,0,0.0,0.1098,0.0,0,1,0.109818935,0.0,0,1,0.109818935,0.109818935,0.0,0.0,0.109818935,0.1098,Attack,Attack-TCP-Flag-ACK-PSH
24,24.0,0.0,1702931500.0,24,24.0,1.0,1702931500.0,24,65535,0.0,1702931500.0,24.0,0,0.0,1702931500.0,24.0,0.0,1.0,1702931500.0,24.0,0.0,0.0,1702931500.0,24,0.0,1702931500.0,1702931500.0,24,0,1702931500.0,1702931500.0,24,0,1702931500.0,0.0,24.0,1.0,1702931500.0,0.0,Attack,Attack-TCP-Flag-ACK-PSH
20,20.0,1.0,1702931500.0,20,20.0,0.0,1702931500.0,20,0,0.0,1702931500.0,20.0,0,0.0,1702931500.0,20.0,0.0,0.0,1702931500.0,20.0,0.0,0.0,1702931500.0,20,0.0,1702931500.0,1702931500.0,20,1,1702931500.0,1702931500.0,20,0,1702931500.0,0.0,20.0,0.0,1702931500.0,0.0,Attack,Attack-TCP-Flag-ACK-PSH
20,20.0,1.0,1702931500.0,20,20.0,0.0,1702931500.0,20,0,0.0,1702931500.0,20.0,0,0.0,1702931500.0,20.0,0.0,0.0,1702931500.0,20.0,0.0,0.0,1702931500.0,20,0.0,1702931500.0,1702931500.0,20,1,1702931500.0,1702931500.0,20,0,1702931500.0,0.0,20.0,0.0,1702931500.0,0.0,Attack,Attack-TCP-Flag-ACK-PSH
40,0.0,0.5,0.1107,20,0.0,0.0,0.1107,20,0,0.5,0.0,20.0,62611,0.0,0.0,20.0,18.063908,0.0,0.0,20.0,18.063908,0.0,0.0,0,0.0,0.1107,0.0,0,1,0.11071801,0.0,0,1,0.11071801,0.11071801,0.0,0.0,0.11071801,0.1107,Attack,Attack-TCP-Flag-ACK-PSH
24,24.0,0.0,1702931500.0,24,24.0,1.0,1702931500.0,24,65535,0.0,1702931500.0,24.0,0,0.0,1702931500.0,24.0,0.0,1.0,1702931500.0,24.0,0.0,0.0,1702931500.0,24,0.0,1702931500.0,1702931500.0,24,0,1702931500.0,1702931500.0,24,0,1702931500.0,0.0,24.0,1.0,1702931500.0,0.0,Attack,Attack-TCP-Flag-ACK-PSH
40,0.0,0.5,0.1091,20,0.0,0.0,0.1091,20,0,0.5,0.0,20.0,62605,0.0,0.0,20.0,18.327463,0.0,0.0,20.0,18.327463,0.0,0.0,0,0.0,0.1091,0.0,0,1,0.10912585,0.0,0,1,0.10912585,0.10912585,0.0,0.0,0.10912585,0.1091,Attack,Attack-TCP-Flag-ACK-PSH
20,20.0,0.0,1702931600.0,20,20.0,1.0,1702931600.0,20,1024,0.0,1702931600.0,20.0,0,0.0,1702931600.0,20.0,0.0,1.0,1702931600.0,20.0,0.0,0.0,1702931600.0,20,0.0,1702931600.0,1702931600.0,20,0,1702931600.0,1702931600.0,20,0,1702931600.0,0.0,20.0,1.0,1702931600.0,0.0,Attack,Attack-TCP-Flag-ACK-PSH
40,0.0,0.5,0.1083,20,0.0,0.0,0.1083,20,0,0.5,0.0,20.0,62605,0.0,0.0,20.0,18.460398,0.0,0.0,20.0,18.460398,0.0,0.0,0,0.0,0.1083,0.0,0,1,0.108340025,0.0,0,1,0.108340025,0.108340025,0.0,0.0,0.108340025,0.1083,Attack,Attack-TCP-Flag-ACK-PSH
40,0.0,0.5,0.1081,20,0.0,0.0,0.1081,20,0,0.5,0.0,20.0,62605,0.0,0.0,20.0,18.503603,0.0,0.0,20.0,18.503603,0.0,0.0,0,0.0,0.1081,0.0,0,1,0.10808706,0.0,0,1,0.10808706,0.10808706,0.0,0.0,0.10808706,0.1081,Attack,Attack-TCP-Flag-ACK-PSH
40,0.0,0.5,0.11,20,0.0,0.0,0.11,20,0,0.5,0.0,20.0,62605,0.0,0.0,20.0,18.174902,0.0,0.0,20.0,18.174902,0.0,0.0,0,0.0,0.11,0.0,0,1,0.11004186,0.0,0,1,0.11004186,0.11004186,0.0,0.0,0.11004186,0.11,Attack,Attack-TCP-Flag-ACK-PSH
24,24.0,0.0,1702931600.0,24,24.0,1.0,1702931600.0,24,65535,0.0,1702931600.0,24.0,0,0.0,1702931600.0,24.0,0.0,1.0,1702931600.0,24.0,0.0,0.0,1702931600.0,24,0.0,1702931600.0,1702931600.0,24,0,1702931600.0,1702931600.0,24,0,1702931600.0,0.0,24.0,1.0,1702931600.0,0.0,Attack,Attack-TCP-Flag-ACK-PSH
24,24.0,0.0,1702931600.0,24,24.0,1.0,1702931600.0,24,65535,0.0,1702931600.0,24.0,0,0.0,1702931600.0,24.0,0.0,1.0,1702931600.0,24.0,0.0,0.0,1702931600.0,24,0.0,1702931600.0,1702931600.0,24,0,1702931600.0,1702931600.0,24,0,1702931600.0,0.0,24.0,1.0,1702931600.0,0.0,Attack,Attack-TCP-Flag-ACK-PSH
40,0.0,0.5,0.1109,20,0.0,0.0,0.1109,20,0,0.5,0.0,20.0,62602,0.0,0.0,20.0,18.027765,0.0,0.0,20.0,18.027765,0.0,0.0,0,0.0,0.1109,0.0,0,1,0.11093998,0.0,0,1,0.11093998,0.11093998,0.0,0.0,0.11093998,0.1109,Attack,Attack-TCP-Flag-ACK-PSH
20,20.0,1.0,1702931600.0,20,20.0,0.0,1702931600.0,20,0,0.0,1702931600.0,20.0,0,0.0,1702931600.0,20.0,0.0,0.0,1702931600.0,20.0,0.0,0.0,1702931600.0,20,0.0,1702931600.0,1702931600.0,20,1,1702931600.0,1702931600.0,20,0,1702931600.0,0.0,20.0,0.0,1702931600.0,0.0,Attack,Attack-TCP-Flag-ACK-PSH
40,0.0,0.5,0.1109,20,0.0,0.0,0.1109,20,0,0.5,0.0,20.0,62596,0.0,0.0,20.0,18.03769,0.0,0.0,20.0,18.03769,0.0,0.0,0,0.0,0.1109,0.0,0,1,0.110878944,0.0,0,1,0.110878944,0.110878944,0.0,0.0,0.110878944,0.1109,Attack,Attack-TCP-Flag-ACK-PSH
40,0.0,0.5,0.1077,20,0.0,0.0,0.1077,20,0,0.5,0.0,20.0,62602,0.0,0.0,20.0,18.57181,0.0,0.0,20.0,18.57181,0.0,0.0,0,0.0,0.1077,0.0,0,1,0.107690096,0.0,0,1,0.107690096,0.107690096,0.0,0.0,0.107690096,0.1077,Attack,Attack-TCP-Flag-ACK-PSH
40,0.0,0.5,0.11,20,0.0,0.0,0.11,20,0,0.5,0.0,20.0,62588,0.0,0.0,20.0,18.176832,0.0,0.0,20.0,18.176832,0.0,0.0,0,0.0,0.11,0.0,0,1,0.110030174,0.0,0,1,0.110030174,0.110030174,0.0,0.0,0.110030174,0.11,Attack,Attack-TCP-Flag-ACK-PSH
40,20.0,0.5,0.0029,20,20.0,0.5,0.0029,20,1024,0.5,1702931600.0,20.0,0,0.0,1702931600.0,20.0,696.15,1.0,1702931600.0,20.0,348.075,0.0,1702931600.0,20,348.075,0.0029,1702931600.0,20,1,0.0028729439,1702931600.0,20,1,0.0028729439,1702931600.0,20.0,0.5,0.0028729439,1702931600.0,Attack,Attack-TCP-Flag-ACK-PSH
40,0.0,0.5,0.1079,20,0.0,0.0,0.1079,20,0,0.5,0.0,20.0,62594,0.0,0.0,20.0,18.528452,0.0,0.0,20.0,18.528452,0.0,0.0,0,0.0,0.1079,0.0,0,1,0.107942104,0.0,0,1,0.107942104,0.107942104,0.0,0.0,0.107942104,0.1079,Attack,Attack-TCP-Flag-ACK-PSH
52,32.0,0.5,1e-04,32,32.0,0.5,1e-04,20,1024,0.5,1702931600.0,26.0,0,0.0,1702931600.0,26.0,24385.488,1.0,1702931600.0,20.0,12192.744,0.0,1702931600.0,32,12192.744,1e-04,1702931600.0,32,1,8.201599e-05,1702931600.0,32,1,8.201599e-05,1702931600.0,32.0,0.5,8.201599e-05,1702931600.0,Attack,Attack-TCP-Flag-ACK-PSH
40,0.0,0.5,0.1102,20,0.0,0.0,0.1102,20,0,0.5,0.0,20.0,62599,0.0,0.0,20.0,18.142904,0.0,0.0,20.0,18.142904,0.0,0.0,0,0.0,0.1102,0.0,0,1,0.11023593,0.0,0,1,0.11023593,0.11023593,0.0,0.0,0.11023593,0.1102,Attack,Attack-TCP-Flag-ACK-PSH
20,20.0,1.0,1702931600.0,20,20.0,0.0,1702931600.0,20,0,0.0,1702931600.0,20.0,0,0.0,1702931600.0,20.0,0.0,0.0,1702931600.0,20.0,0.0,0.0,1702931600.0,20,0.0,1702931600.0,1702931600.0,20,1,1702931600.0,1702931600.0,20,0,1702931600.0,0.0,20.0,0.0,1702931600.0,0.0,Attack,Attack-TCP-Flag-ACK-PSH
40,0.0,0.5,0.108,20,0.0,0.0,0.108,20,0,0.5,0.0,20.0,62602,0.0,0.0,20.0,18.511646,0.0,0.0,20.0,18.511646,0.0,0.0,0,0.0,0.108,0.0,0,1,0.108040094,0.0,0,1,0.108040094,0.108040094,0.0,0.0,0.108040094,0.108,Attack,Attack-TCP-Flag-ACK-PSH
40,0.0,0.5,0.1109,20,0.0,0.0,0.1109,20,0,0.5,0.0,20.0,62602,0.0,0.0,20.0,18.037031,0.0,0.0,20.0,18.037031,0.0,0.0,0,0.0,0.1109,0.0,0,1,0.110883,0.0,0,1,0.110883,0.110883,0.0,0.0,0.110883,0.1109,Attack,Attack-TCP-Flag-ACK-PSH
40,0.0,0.5,0.1111,20,0.0,0.0,0.1111,20,0,0.5,0.0,20.0,62605,0.0,0.0,20.0,17.996593,0.0,0.0,20.0,17.996593,0.0,0.0,0,0.0,0.1111,0.0,0,1,0.111132145,0.0,0,1,0.111132145,0.111132145,0.0,0.0,0.111132145,0.1111,Attack,Attack-TCP-Flag-ACK-PSH
20,20.0,1.0,1702931600.0,20,20.0,0.0,1702931600.0,20,0,0.0,1702931600.0,20.0,0,0.0,1702931600.0,20.0,0.0,0.0,1702931600.0,20.0,0.0,0.0,1702931600.0,20,0.0,1702931600.0,1702931600.0,20,1,1702931600.0,1702931600.0,20,0,1702931600.0,0.0,20.0,0.0,1702931600.0,0.0,Attack,Attack-TCP-Flag-ACK-PSH
24,24.0,0.0,1702931600.0,24,24.0,1.0,1702931600.0,24,1024,0.0,1702931600.0,24.0,0,0.0,1702931600.0,24.0,0.0,1.0,1702931600.0,24.0,0.0,0.0,1702931600.0,24,0.0,1702931600.0,1702931600.0,24,0,1702931600.0,1702931600.0,24,0,1702931600.0,0.0,24.0,1.0,1702931600.0,0.0,Attack,Attack-TCP-Flag-ACK-PSH
20,20.0,1.0,1702931600.0,20,20.0,0.0,1702931600.0,20,0,0.0,1702931600.0,20.0,0,0.0,1702931600.0,20.0,0.0,0.0,1702931600.0,20.0,0.0,0.0,1702931600.0,20,0.0,1702931600.0,1702931600.0,20,1,1702931600.0,1702931600.0,20,0,1702931600.0,0.0,20.0,0.0,1702931600.0,0.0,Attack,Attack-TCP-Flag-ACK-PSH
20,20.0,1.0,1702931600.0,20,20.0,0.0,1702931600.0,20,0,0.0,1702931600.0,20.0,0,0.0,1702931600.0,20.0,0.0,0.0,1702931600.0,20.0,0.0,0.0,1702931600.0,20,0.0,1702931600.0,1702931600.0,20,1,1702931600.0,1702931600.0,20,0,1702931600.0,0.0,20.0,0.0,1702931600.0,0.0,Attack,Attack-TCP-Flag-ACK-PSH
24,24.0,0.0,1702931600.0,24,24.0,1.0,1702931600.0,24,65535,0.0,1702931600.0,24.0,0,0.0,1702931600.0,24.0,0.0,1.0,1702931600.0,24.0,0.0,0.0,1702931600.0,24,0.0,1702931600.0,1702931600.0,24,0,1702931600.0,1702931600.0,24,0,1702931600.0,0.0,24.0,1.0,1702931600.0,0.0,Attack,Attack-TCP-Flag-ACK-PSH
40,0.0,0.5,0.108,20,0.0,0.0,0.108,20,0,0.5,0.0,20.0,62588,0.0,0.0,20.0,18.512709,0.0,0.0,20.0,18.512709,0.0,0.0,0,0.0,0.108,0.0,0,1,0.108033895,0.0,0,1,0.108033895,0.108033895,0.0,0.0,0.108033895,0.108,Attack,Attack-TCP-Flag-ACK-PSH
20,20.0,1.0,1702931600.0,20,20.0,0.0,1702931600.0,20,0,0.0,1702931600.0,20.0,0,0.0,1702931600.0,20.0,0.0,0.0,1702931600.0,20.0,0.0,0.0,1702931600.0,20,0.0,1702931600.0,1702931600.0,20,1,1702931600.0,1702931600.0,20,0,1702931600.0,0.0,20.0,0.0,1702931600.0,0.0,Attack,Attack-TCP-Flag-ACK-PSH
40,0.0,0.5,0.1099,20,0.0,0.0,0.1099,20,0,0.5,0.0,20.0,62588,0.0,0.0,20.0,18.202667,0.0,0.0,20.0,18.202667,0.0,0.0,0,0.0,0.1099,0.0,0,1,0.10987401,0.0,0,1,0.10987401,0.10987401,0.0,0.0,0.10987401,0.1099,Attack,Attack-TCP-Flag-ACK-PSH
40,0.0,0.5,0.1114,20,0.0,0.0,0.1114,20,0,0.5,0.0,20.0,62605,0.0,0.0,20.0,17.95188,0.0,0.0,20.0,17.95188,0.0,0.0,0,0.0,0.1114,0.0,0,1,0.11140895,0.0,0,1,0.11140895,0.11140895,0.0,0.0,0.11140895,0.1114,Attack,Attack-TCP-Flag-ACK-PSH
24,24.0,0.0,1702931600.0,24,24.0,1.0,1702931600.0,24,65535,0.0,1702931600.0,24.0,0,0.0,1702931600.0,24.0,0.0,1.0,1702931600.0,24.0,0.0,0.0,1702931600.0,24,0.0,1702931600.0,1702931600.0,24,0,1702931600.0,1702931600.0,24,0,1702931600.0,0.0,24.0,1.0,1702931600.0,0.0,Attack,Attack-TCP-Flag-ACK-PSH
24,24.0,0.0,1702931600.0,24,24.0,1.0,1702931600.0,24,1025,0.0,1702931600.0,24.0,0,0.0,1702931600.0,24.0,0.0,1.0,1702931600.0,24.0,0.0,0.0,1702931600.0,24,0.0,1702931600.0,1702931600.0,24,0,1702931600.0,1702931600.0,24,0,1702931600.0,0.0,24.0,1.0,1702931600.0,0.0,Attack,Attack-TCP-Flag-ACK-PSH
40,0.0,0.5,0.1072,20,0.0,0.0,0.1072,20,0,0.5,0.0,20.0,62588,0.0,0.0,20.0,18.658974,0.0,0.0,20.0,18.658974,0.0,0.0,0,0.0,0.1072,0.0,0,1,0.10718703,0.0,0,1,0.10718703,0.10718703,0.0,0.0,0.10718703,0.1072,Attack,Attack-TCP-Flag-ACK-PSH
20,20.0,0.0,1702931600.0,20,20.0,1.0,1702931600.0,20,1024,0.0,1702931600.0,20.0,0,0.0,1702931600.0,20.0,0.0,1.0,1702931600.0,20.0,0.0,0.0,1702931600.0,20,0.0,1702931600.0,1702931600.0,20,0,1702931600.0,1702931600.0,20,0,1702931600.0,0.0,20.0,1.0,1702931600.0,0.0,Attack,Attack-TCP-Flag-ACK-PSH
20,20.0,1.0,1702931600.0,20,20.0,0.0,1702931600.0,20,0,0.0,1702931600.0,20.0,0,0.0,1702931600.0,20.0,0.0,0.0,1702931600.0,20.0,0.0,0.0,1702931600.0,20,0.0,1702931600.0,1702931600.0,20,1,1702931600.0,1702931600.0,20,0,1702931600.0,0.0,20.0,0.0,1702931600.0,0.0,Attack,Attack-TCP-Flag-ACK-PSH
20,20.0,1.0,1702931600.0,20,20.0,0.0,1702931600.0,20,0,0.0,1702931600.0,20.0,0,0.0,1702931600.0,20.0,0.0,0.0,1702931600.0,20.0,0.0,0.0,1702931600.0,20,0.0,1702931600.0,1702931600.0,20,1,1702931600.0,1702931600.0,20,0,1702931600.0,0.0,20.0,0.0,1702931600.0,0.0,Attack,Attack-TCP-Flag-ACK-PSH
40,0.0,0.5,0.1079,20,0.0,0.0,0.1079,20,0,0.5,0.0,20.0,62596,0.0,0.0,20.0,18.543442,0.0,0.0,20.0,18.543442,0.0,0.0,0,0.0,0.1079,0.0,0,1,0.10785484,0.0,0,1,0.10785484,0.10785484,0.0,0.0,0.10785484,0.1079,Attack,Attack-TCP-Flag-ACK-PSH
364,20.0,0.05882353,0.031,32,20.0,0.05882353,0.0,20,8192,0.0,0.1872,21.4118,64000,0.7,1.122627,20.0,10.089973,0.1,0.0,20.0,4.154695,0.71428573,1.6848409,212,5.9352784,0.1053,0.1106,32,1,0.95941615,0.0,20,0,0.0,1.5744932,21.2,0.11764706,1.6848409,0.1105,Attack,Attack-TCP-Flag-ACK-PSH
20,20.0,1.0,1702931600.0,20,20.0,0.0,1702931600.0,20,1200,0.0,1702931600.0,20.0,0,0.0,1702931600.0,20.0,0.0,0.0,1702931600.0,20.0,0.0,0.0,1702931600.0,20,0.0,1702931600.0,1702931600.0,20,1,1702931600.0,1702931600.0,20,0,1702931600.0,0.0,20.0,0.0,1702931600.0,0.0,Attack,Attack-TCP-Flag-ACK-PSH
20,20.0,1.0,1702931600.0,20,20.0,0.0,1702931600.0,20,0,0.0,1702931600.0,20.0,0,0.0,1702931600.0,20.0,0.0,0.0,1702931600.0,20.0,0.0,0.0,1702931600.0,20,0.0,1702931600.0,1702931600.0,20,1,1702931600.0,1702931600.0,20,0,1702931600.0,0.0,20.0,0.0,1702931600.0,0.0,Attack,Attack-TCP-Flag-ACK-PSH
40,0.0,0.5,0.1078,20,0.0,0.0,0.1078,20,0,0.5,0.0,20.0,62602,0.0,0.0,20.0,18.56129,0.0,0.0,20.0,18.56129,0.0,0.0,0,0.0,0.1078,0.0,0,1,0.10775113,0.0,0,1,0.10775113,0.10775113,0.0,0.0,0.10775113,0.1078,Attack,Attack-TCP-Flag-ACK-PSH
40,0.0,0.5,0.1076,20,0.0,0.0,0.1076,20,0,0.5,0.0,20.0,62605,0.0,0.0,20.0,18.586994,0.0,0.0,20.0,18.586994,0.0,0.0,0,0.0,0.1076,0.0,0,1,0.10760212,0.0,0,1,0.10760212,0.10760212,0.0,0.0,0.10760212,0.1076,Attack,Attack-TCP-Flag-ACK-PSH
40,0.0,0.5,0.1077,20,0.0,0.0,0.1077,20,0,0.5,0.0,20.0,62605,0.0,0.0,20.0,18.575594,0.0,0.0,20.0,18.575594,0.0,0.0,0,0.0,0.1077,0.0,0,1,0.10766816,0.0,0,1,0.10766816,0.10766816,0.0,0.0,0.10766816,0.1077,Attack,Attack-TCP-Flag-ACK-PSH
40,0.0,0.5,0.111,20,0.0,0.0,0.111,20,0,0.5,0.0,20.0,62596,0.0,0.0,20.0,18.014448,0.0,0.0,20.0,18.014448,0.0,0.0,0,0.0,0.111,0.0,0,1,0.111021996,0.0,0,1,0.111021996,0.111021996,0.0,0.0,0.111021996,0.111,Attack,Attack-TCP-Flag-ACK-PSH
40,0.0,0.5,0.111,20,0.0,0.0,0.111,20,0,0.5,0.0,20.0,62599,0.0,0.0,20.0,18.020098,0.0,0.0,20.0,18.020098,0.0,0.0,0,0.0,0.111,0.0,0,1,0.11098719,0.0,0,1,0.11098719,0.11098719,0.0,0.0,0.11098719,0.111,Attack,Attack-TCP-Flag-ACK-PSH
24,24.0,0.0,1702931600.0,24,24.0,1.0,1702931600.0,24,1024,0.0,1702931600.0,24.0,0,0.0,1702931600.0,24.0,0.0,1.0,1702931600.0,24.0,0.0,0.0,1702931600.0,24,0.0,1702931600.0,1702931600.0,24,0,1702931600.0,1702931600.0,24,0,1702931600.0,0.0,24.0,1.0,1702931600.0,0.0,Attack,Attack-TCP-Flag-ACK-PSH
40,0.0,0.5,0.1081,20,0.0,0.0,0.1081,20,0,0.5,0.0,20.0,62596,0.0,0.0,20.0,18.503275,0.0,0.0,20.0,18.503275,0.0,0.0,0,0.0,0.1081,0.0,0,1,0.10808897,0.0,0,1,0.10808897,0.10808897,0.0,0.0,0.10808897,0.1081,Attack,Attack-TCP-Flag-ACK-PSH
40,0.0,0.5,0.1079,20,0.0,0.0,0.1079,20,0,0.5,0.0,20.0,62596,0.0,0.0,20.0,18.530334,0.0,0.0,20.0,18.530334,0.0,0.0,0,0.0,0.1079,0.0,0,1,0.10793114,0.0,0,1,0.10793114,0.10793114,0.0,0.0,0.10793114,0.1079,Attack,Attack-TCP-Flag-ACK-PSH
20,20.0,1.0,1702931600.0,20,20.0,0.0,1702931600.0,20,0,0.0,1702931600.0,20.0,0,0.0,1702931600.0,20.0,0.0,0.0,1702931600.0,20.0,0.0,0.0,1702931600.0,20,0.0,1702931600.0,1702931600.0,20,1,1702931600.0,1702931600.0,20,0,1702931600.0,0.0,20.0,0.0,1702931600.0,0.0,Attack,Attack-TCP-Flag-ACK-PSH
20,20.0,0.0,1702931600.0,20,20.0,1.0,1702931600.0,20,1024,0.0,1702931600.0,20.0,0,0.0,1702931600.0,20.0,0.0,1.0,1702931600.0,20.0,0.0,0.0,1702931600.0,20,0.0,1702931600.0,1702931600.0,20,0,1702931600.0,1702931600.0,20,0,1702931600.0,0.0,20.0,1.0,1702931600.0,0.0,Attack,Attack-TCP-Flag-ACK-PSH
20,20.0,0.0,1702931600.0,20,20.0,1.0,1702931600.0,20,1024,0.0,1702931600.0,20.0,0,0.0,1702931600.0,20.0,0.0,1.0,1702931600.0,20.0,0.0,0.0,1702931600.0,20,0.0,1702931600.0,1702931600.0,20,0,1702931600.0,1702931600.0,20,0,1702931600.0,0.0,20.0,1.0,1702931600.0,0.0,Attack,Attack-TCP-Flag-ACK-PSH
40,0.0,0.5,0.1108,20,0.0,0.0,0.1108,20,0,0.5,0.0,20.0,62608,0.0,0.0,20.0,18.052479,0.0,0.0,20.0,18.052479,0.0,0.0,0,0.0,0.1108,0.0,0,1,0.11078811,0.0,0,1,0.11078811,0.11078811,0.0,0.0,0.11078811,0.1108,Attack,Attack-TCP-Flag-ACK-PSH
40,0.0,0.5,0.1108,20,0.0,0.0,0.1108,20,0,0.5,0.0,20.0,62605,0.0,0.0,20.0,18.050692,0.0,0.0,20.0,18.050692,0.0,0.0,0,0.0,0.1108,0.0,0,1,0.110799074,0.0,0,1,0.110799074,0.110799074,0.0,0.0,0.110799074,0.1108,Attack,Attack-TCP-Flag-ACK-PSH
40,0.0,0.5,0.1093,20,0.0,0.0,0.1093,20,0,0.5,0.0,20.0,62608,0.0,0.0,20.0,18.29022,0.0,0.0,20.0,18.29022,0.0,0.0,0,0.0,0.1093,0.0,0,1,0.10934806,0.0,0,1,0.10934806,0.10934806,0.0,0.0,0.10934806,0.1093,Attack,Attack-TCP-Flag-ACK-PSH
40,0.0,0.5,0.11,20,0.0,0.0,0.11,20,0,0.5,0.0,20.0,62594,0.0,0.0,20.0,18.179195,0.0,0.0,20.0,18.179195,0.0,0.0,0,0.0,0.11,0.0,0,1,0.11001587,0.0,0,1,0.11001587,0.11001587,0.0,0.0,0.11001587,0.11,Attack,Attack-TCP-Flag-ACK-PSH
40,20.0,0.5,1e-04,20,20.0,0.5,1e-04,20,1024,0.5,1702931600.0,20.0,0,0.0,1702931600.0,20.0,22429.434,1.0,1702931600.0,20.0,11214.717,0.0,1702931600.0,20,11214.717,1e-04,1702931600.0,20,1,8.916855e-05,1702931600.0,20,1,8.916855e-05,1702931600.0,20.0,0.5,8.916855e-05,1702931600.0,Attack,Attack-TCP-Flag-ACK-PSH
20,20.0,0.0,1702931600.0,20,20.0,1.0,1702931600.0,20,1024,0.0,1702931600.0,20.0,0,0.0,1702931600.0,20.0,0.0,1.0,1702931600.0,20.0,0.0,0.0,1702931600.0,20,0.0,1702931600.0,1702931600.0,20,0,1702931600.0,1702931600.0,20,0,1702931600.0,0.0,20.0,1.0,1702931600.0,0.0,Attack,Attack-TCP-Flag-ACK-PSH
40,0.0,0.5,0.111,20,0.0,0.0,0.111,20,0,0.5,0.0,20.0,62599,0.0,0.0,20.0,18.01851,0.0,0.0,20.0,18.01851,0.0,0.0,0,0.0,0.111,0.0,0,1,0.11099696,0.0,0,1,0.11099696,0.11099696,0.0,0.0,0.11099696,0.111,Attack,Attack-TCP-Flag-ACK-PSH
40,0.0,0.5,0.1112,20,0.0,0.0,0.1112,20,0,0.5,0.0,20.0,62614,0.0,0.0,20.0,17.985441,0.0,0.0,20.0,17.985441,0.0,0.0,0,0.0,0.1112,0.0,0,1,0.11120105,0.0,0,1,0.11120105,0.11120105,0.0,0.0,0.11120105,0.1112,Attack,Attack-TCP-Flag-ACK-PSH
20,20.0,1.0,1702931600.0,20,20.0,0.0,1702931600.0,20,0,0.0,1702931600.0,20.0,0,0.0,1702931600.0,20.0,0.0,0.0,1702931600.0,20.0,0.0,0.0,1702931600.0,20,0.0,1702931600.0,1702931600.0,20,1,1702931600.0,1702931600.0,20,0,1702931600.0,0.0,20.0,0.0,1702931600.0,0.0,Attack,Attack-TCP-Flag-ACK-PSH
40,0.0,0.5,0.1111,20,0.0,0.0,0.1111,20,0,0.5,0.0,20.0,62608,0.0,0.0,20.0,18.002928,0.0,0.0,20.0,18.002928,0.0,0.0,0,0.0,0.1111,0.0,0,1,0.111093044,0.0,0,1,0.111093044,0.111093044,0.0,0.0,0.111093044,0.1111,Attack,Attack-TCP-Flag-ACK-PSH
20,20.0,1.0,1702931600.0,20,20.0,0.0,1702931600.0,20,0,0.0,1702931600.0,20.0,0,0.0,1702931600.0,20.0,0.0,0.0,1702931600.0,20.0,0.0,0.0,1702931600.0,20,0.0,1702931600.0,1702931600.0,20,1,1702931600.0,1702931600.0,20,0,1702931600.0,0.0,20.0,0.0,1702931600.0,0.0,Attack,Attack-TCP-Flag-ACK-PSH
40,0.0,0.5,0.111,20,0.0,0.0,0.111,20,0,0.5,0.0,20.0,62602,0.0,0.0,20.0,18.022886,0.0,0.0,20.0,18.022886,0.0,0.0,0,0.0,0.111,0.0,0,1,0.11097002,0.0,0,1,0.11097002,0.11097002,0.0,0.0,0.11097002,0.111,Attack,Attack-TCP-Flag-ACK-PSH
40,20.0,0.5,1e-04,20,20.0,0.5,1e-04,20,65535,0.5,1702931600.0,20.0,0,0.0,1702931600.0,20.0,24105.195,1.0,1702931600.0,20.0,12052.598,0.0,1702931600.0,20,12052.598,1e-04,1702931600.0,20,1,8.2969666e-05,1702931600.0,20,1,8.2969666e-05,1702931600.0,20.0,0.5,8.2969666e-05,1702931600.0,Attack,Attack-TCP-Flag-ACK-PSH
20,0.0,1.0,1702931600.0,20,0.0,0.0,1702931600.0,20,0,1.0,0.0,20.0,0,0.0,0.0,20.0,0.0,0.0,0.0,20.0,0.0,0.0,0.0,0,0.0,1702931600.0,0.0,0,1,1702931600.0,0.0,0,1,1702931600.0,1702931600.0,0.0,0.0,1702931600.0,1702931600.0,Attack,Attack-TCP-Flag-ACK-PSH
40,0.0,0.5,0.111,20,0.0,0.0,0.111,20,0,0.5,0.0,20.0,62594,0.0,0.0,20.0,18.01913,0.0,0.0,20.0,18.01913,0.0,0.0,0,0.0,0.111,0.0,0,1,0.11099315,0.0,0,1,0.11099315,0.11099315,0.0,0.0,0.11099315,0.111,Attack,Attack-TCP-Flag-ACK-PSH
40,0.0,0.5,0.1078,20,0.0,0.0,0.1078,20,0,0.5,0.0,20.0,62602,0.0,0.0,20.0,18.546188,0.0,0.0,20.0,18.546188,0.0,0.0,0,0.0,0.1078,0.0,0,1,0.10783887,0.0,0,1,0.10783887,0.10783887,0.0,0.0,0.10783887,0.1078,Attack,Attack-TCP-Flag-ACK-PSH
40,0.0,0.5,0.1111,20,0.0,0.0,0.1111,20,0,0.5,0.0,20.0,62599,0.0,0.0,20.0,18.000648,0.0,0.0,20.0,18.000648,0.0,0.0,0,0.0,0.1111,0.0,0,1,0.11110711,0.0,0,1,0.11110711,0.11110711,0.0,0.0,0.11110711,0.1111,Attack,Attack-TCP-Flag-ACK-PSH
40,0.0,0.5,0.1063,20,0.0,0.0,0.1063,20,0,0.5,0.0,20.0,62608,0.0,0.0,20.0,18.822466,0.0,0.0,20.0,18.822466,0.0,0.0,0,0.0,0.1063,0.0,0,1,0.10625601,0.0,0,1,0.10625601,0.10625601,0.0,0.0,0.10625601,0.1063,Attack,Attack-TCP-Flag-ACK-PSH
20,20.0,1.0,1702931600.0,20,20.0,0.0,1702931600.0,20,0,0.0,1702931600.0,20.0,0,0.0,1702931600.0,20.0,0.0,0.0,1702931600.0,20.0,0.0,0.0,1702931600.0,20,0.0,1702931600.0,1702931600.0,20,1,1702931600.0,1702931600.0,20,0,1702931600.0,0.0,20.0,0.0,1702931600.0,0.0,Attack,Attack-TCP-Flag-ACK-PSH
40,0.0,0.5,0.1109,20,0.0,0.0,0.1109,20,0,0.5,0.0,20.0,62596,0.0,0.0,20.0,18.033113,0.0,0.0,20.0,18.033113,0.0,0.0,0,0.0,0.1109,0.0,0,1,0.11090708,0.0,0,1,0.11090708,0.11090708,0.0,0.0,0.11090708,0.1109,Attack,Attack-TCP-Flag-ACK-PSH
52,32.0,0.5,1e-04,32,32.0,0.5,1e-04,20,1024,0.5,1702931600.0,26.0,0,0.0,1702931600.0,26.0,29852.697,1.0,1702931600.0,20.0,14926.349,0.0,1702931600.0,32,14926.349,1e-04,1702931600.0,32,1,6.699562e-05,1702931600.0,32,1,6.699562e-05,1702931600.0,32.0,0.5,6.699562e-05,1702931600.0,Attack,Attack-TCP-Flag-ACK-PSH
20,20.0,1.0,1702931600.0,20,20.0,0.0,1702931600.0,20,0,0.0,1702931600.0,20.0,0,0.0,1702931600.0,20.0,0.0,0.0,1702931600.0,20.0,0.0,0.0,1702931600.0,20,0.0,1702931600.0,1702931600.0,20,1,1702931600.0,1702931600.0,20,0,1702931600.0,0.0,20.0,0.0,1702931600.0,0.0,Attack,Attack-TCP-Flag-ACK-PSH
40,0.0,0.5,0.1078,20,0.0,0.0,0.1078,20,0,0.5,0.0,20.0,62602,0.0,0.0,20.0,18.552546,0.0,0.0,20.0,18.552546,0.0,0.0,0,0.0,0.1078,0.0,0,1,0.107801914,0.0,0,1,0.107801914,0.107801914,0.0,0.0,0.107801914,0.1078,Attack,Attack-TCP-Flag-ACK-PSH
40,0.0,0.5,0.1093,20,0.0,0.0,0.1093,20,0,0.5,0.0,20.0,62596,0.0,0.0,20.0,18.293411,0.0,0.0,20.0,18.293411,0.0,0.0,0,0.0,0.1093,0.0,0,1,0.109328985,0.0,0,1,0.109328985,0.109328985,0.0,0.0,0.109328985,0.1093,Attack,Attack-TCP-Flag-ACK-PSH
40,0.0,0.5,0.1111,20,0.0,0.0,0.1111,20,0,0.5,0.0,20.0,62602,0.0,0.0,20.0,17.99501,0.0,0.0,20.0,17.99501,0.0,0.0,0,0.0,0.1111,0.0,0,1,0.11114192,0.0,0,1,0.11114192,0.11114192,0.0,0.0,0.11114192,0.1111,Attack,Attack-TCP-Flag-ACK-PSH
20,20.0,1.0,1702931600.0,20,20.0,0.0,1702931600.0,20,0,0.0,1702931600.0,20.0,0,0.0,1702931600.0,20.0,0.0,0.0,1702931600.0,20.0,0.0,0.0,1702931600.0,20,0.0,1702931600.0,1702931600.0,20,1,1702931600.0,1702931600.0,20,0,1702931600.0,0.0,20.0,0.0,1702931600.0,0.0,Attack,Attack-TCP-Flag-ACK-PSH
24,24.0,0.0,1702931600.0,24,24.0,1.0,1702931600.0,24,65535,0.0,1702931600.0,24.0,0,0.0,1702931600.0,24.0,0.0,1.0,1702931600.0,24.0,0.0,0.0,1702931600.0,24,0.0,1702931600.0,1702931600.0,24,0,1702931600.0,1702931600.0,24,0,1702931600.0,0.0,24.0,1.0,1702931600.0,0.0,Attack,Attack-TCP-Flag-ACK-PSH
40,0.0,0.5,0.1107,20,0.0,0.0,0.1107,20,0,0.5,0.0,20.0,62590,0.0,0.0,20.0,18.06702,0.0,0.0,20.0,18.06702,0.0,0.0,0,0.0,0.1107,0.0,0,1,0.11069894,0.0,0,1,0.11069894,0.11069894,0.0,0.0,0.11069894,0.1107,Attack,Attack-TCP-Flag-ACK-PSH
40,0.0,0.5,0.107,20,0.0,0.0,0.107,20,0,0.5,0.0,20.0,62602,0.0,0.0,20.0,18.68599,0.0,0.0,20.0,18.68599,0.0,0.0,0,0.0,0.107,0.0,0,1,0.10703206,0.0,0,1,0.10703206,0.10703206,0.0,0.0,0.10703206,0.107,Attack,Attack-TCP-Flag-ACK-PSH
40,20.0,0.5,1e-04,20,20.0,0.5,1e-04,20,1024,0.5,1702931600.0,20.0,0,0.0,1702931600.0,20.0,25343.227,1.0,1702931600.0,20.0,12671.613,0.0,1702931600.0,20,12671.613,1e-04,1702931600.0,20,1,7.891655e-05,1702931600.0,20,1,7.891655e-05,1702931600.0,20.0,0.5,7.891655e-05,1702931600.0,Attack,Attack-TCP-Flag-ACK-PSH
40,0.0,0.5,0.1082,20,0.0,0.0,0.1082,20,0,0.5,0.0,20.0,62602,0.0,0.0,20.0,18.476582,0.0,0.0,20.0,18.476582,0.0,0.0,0,0.0,0.1082,0.0,0,1,0.108245134,0.0,0,1,0.108245134,0.108245134,0.0,0.0,0.108245134,0.1082,Attack,Attack-TCP-Flag-ACK-PSH
20,20.0,1.0,1702931600.0,20,20.0,0.0,1702931600.0,20,0,0.0,1702931600.0,20.0,0,0.0,1702931600.0,20.0,0.0,0.0,1702931600.0,20.0,0.0,0.0,1702931600.0,20,0.0,1702931600.0,1702931600.0,20,1,1702931600.0,1702931600.0,20,0,1702931600.0,0.0,20.0,0.0,1702931600.0,0.0,Attack,Attack-TCP-Flag-ACK-PSH
40,0.0,0.5,0.1111,20,0.0,0.0,0.1111,20,0,0.5,0.0,20.0,62602,0.0,0.0,20.0,18.007952,0.0,0.0,20.0,18.007952,0.0,0.0,0,0.0,0.1111,0.0,0,1,0.11106205,0.0,0,1,0.11106205,0.11106205,0.0,0.0,0.11106205,0.1111,Attack,Attack-TCP-Flag-ACK-PSH
40,0.0,0.5,0.1081,20,0.0,0.0,0.1081,20,0,0.5,0.0,20.0,62605,0.0,0.0,20.0,18.501562,0.0,0.0,20.0,18.501562,0.0,0.0,0,0.0,0.1081,0.0,0,1,0.108098984,0.0,0,1,0.108098984,0.108098984,0.0,0.0,0.108098984,0.1081,Attack,Attack-TCP-Flag-ACK-PSH
40,0.0,0.5,0.1116,20,0.0,0.0,0.1116,20,0,0.5,0.0,20.0,62590,0.0,0.0,20.0,17.926138,0.0,0.0,20.0,17.926138,0.0,0.0,0,0.0,0.1116,0.0,0,1,0.11156893,0.0,0,1,0.11156893,0.11156893,0.0,0.0,0.11156893,0.1116,Attack,Attack-TCP-Flag-ACK-PSH
40,0.0,0.5,0.1079,20,0.0,0.0,0.1079,20,0,0.5,0.0,20.0,62608,0.0,0.0,20.0,18.534306,0.0,0.0,20.0,18.534306,0.0,0.0,0,0.0,0.1079,0.0,0,1,0.10790801,0.0,0,1,0.10790801,0.10790801,0.0,0.0,0.10790801,0.1079,Attack,Attack-TCP-Flag-ACK-PSH
20,20.0,1.0,1702931600.0,20,20.0,0.0,1702931600.0,20,0,0.0,1702931600.0,20.0,0,0.0,1702931600.0,20.0,0.0,0.0,1702931600.0,20.0,0.0,0.0,1702931600.0,20,0.0,1702931600.0,1702931600.0,20,1,1702931600.0,1702931600.0,20,0,1702931600.0,0.0,20.0,0.0,1702931600.0,0.0,Attack,Attack-TCP-Flag-ACK-PSH
40,0.0,0.5,0.1079,20,0.0,0.0,0.1079,20,0,0.5,0.0,20.0,62611,0.0,0.0,20.0,18.536516,0.0,0.0,20.0,18.536516,0.0,0.0,0,0.0,0.1079,0.0,0,1,0.107895136,0.0,0,1,0.107895136,0.107895136,0.0,0.0,0.107895136,0.1079,Attack,Attack-TCP-Flag-ACK-PSH
20,20.0,1.0,1702931600.0,20,20.0,0.0,1702931600.0,20,0,0.0,1702931600.0,20.0,0,0.0,1702931600.0,20.0,0.0,0.0,1702931600.0,20.0,0.0,0.0,1702931600.0,20,0.0,1702931600.0,1702931600.0,20,1,1702931600.0,1702931600.0,20,0,1702931600.0,0.0,20.0,0.0,1702931600.0,0.0,Attack,Attack-TCP-Flag-ACK-PSH
40,0.0,0.5,0.1069,20,0.0,0.0,0.1069,20,0,0.5,0.0,20.0,62605,0.0,0.0,20.0,18.706116,0.0,0.0,20.0,18.706116,0.0,0.0,0,0.0,0.1069,0.0,0,1,0.106916904,0.0,0,1,0.106916904,0.106916904,0.0,0.0,0.106916904,0.1069,Attack,Attack-TCP-Flag-ACK-PSH
20,20.0,1.0,1702931600.0,20,20.0,0.0,1702931600.0,20,0,0.0,1702931600.0,20.0,0,0.0,1702931600.0,20.0,0.0,0.0,1702931600.0,20.0,0.0,0.0,1702931600.0,20,0.0,1702931600.0,1702931600.0,20,1,1702931600.0,1702931600.0,20,0,1702931600.0,0.0,20.0,0.0,1702931600.0,0.0,Attack,Attack-TCP-Flag-ACK-PSH
32,32.0,0.0,1702931600.0,32,32.0,0.0,1702931600.0,32,127,0.0,1702931600.0,32.0,0,0.0,1702931600.0,32.0,0.0,0.0,1702931600.0,32.0,0.0,0.0,1702931600.0,32,0.0,1702931600.0,1702931600.0,32,0,1702931600.0,1702931600.0,32,0,1702931600.0,0.0,32.0,0.0,1702931600.0,0.0,Attack,Attack-TCP-Flag-ACK-PSH
24,24.0,0.0,1702931600.0,24,24.0,1.0,1702931600.0,24,65535,0.0,1702931600.0,24.0,0,0.0,1702931600.0,24.0,0.0,1.0,1702931600.0,24.0,0.0,0.0,1702931600.0,24,0.0,1702931600.0,1702931600.0,24,0,1702931600.0,1702931600.0,24,0,1702931600.0,0.0,24.0,1.0,1702931600.0,0.0,Attack,Attack-TCP-Flag-ACK-PSH
20,20.0,1.0,1702931600.0,20,20.0,0.0,1702931600.0,20,0,0.0,1702931600.0,20.0,0,0.0,1702931600.0,20.0,0.0,0.0,1702931600.0,20.0,0.0,0.0,1702931600.0,20,0.0,1702931600.0,1702931600.0,20,1,1702931600.0,1702931600.0,20,0,1702931600.0,0.0,20.0,0.0,1702931600.0,0.0,Attack,Attack-TCP-Flag-ACK-PSH
20,0.0,1.0,1702931600.0,20,0.0,0.0,1702931600.0,20,0,1.0,0.0,20.0,0,0.0,0.0,20.0,0.0,0.0,0.0,20.0,0.0,0.0,0.0,0,0.0,1702931600.0,0.0,0,1,1702931600.0,0.0,0,1,1702931600.0,1702931600.0,0.0,0.0,1702931600.0,1702931600.0,Attack,Attack-TCP-Flag-ACK-PSH
20,20.0,1.0,1702931600.0,20,20.0,0.0,1702931600.0,20,0,0.0,1702931600.0,20.0,0,0.0,1702931600.0,20.0,0.0,0.0,1702931600.0,20.0,0.0,0.0,1702931600.0,20,0.0,1702931600.0,1702931600.0,20,1,1702931600.0,1702931600.0,20,0,1702931600.0,0.0,20.0,0.0,1702931600.0,0.0,Attack,Attack-TCP-Flag-ACK-PSH
64,0.0,0.0,0.0011,32,0.0,0.0,0.0011,32,0,0.0,0.0,32.0,485,0.0,0.0,32.0,1768.2563,0.0,0.0,32.0,1768.2563,0.0,0.0,0,0.0,0.0011,0.0,0,0,0.0011310577,0.0,0,0,0.0011310577,0.0011310577,0.0,0.0,0.0011310577,0.0011,Attack,Attack-TCP-Flag-ACK-PSH
24,24.0,0.0,1702931600.0,24,24.0,1.0,1702931600.0,24,65535,0.0,1702931600.0,24.0,0,0.0,1702931600.0,24.0,0.0,1.0,1702931600.0,24.0,0.0,0.0,1702931600.0,24,0.0,1702931600.0,1702931600.0,24,0,1702931600.0,1702931600.0,24,0,1702931600.0,0.0,24.0,1.0,1702931600.0,0.0,Attack,Attack-TCP-Flag-ACK-PSH
24,24.0,0.0,1702931600.0,24,24.0,1.0,1702931600.0,24,65535,0.0,1702931600.0,24.0,0,0.0,1702931600.0,24.0,0.0,1.0,1702931600.0,24.0,0.0,0.0,1702931600.0,24,0.0,1702931600.0,1702931600.0,24,0,1702931600.0,1702931600.0,24,0,1702931600.0,0.0,24.0,1.0,1702931600.0,0.0,Attack,Attack-TCP-Flag-ACK-PSH
40,0.0,0.5,0.1095,20,0.0,0.0,0.1095,20,0,0.5,0.0,20.0,62588,0.0,0.0,20.0,18.272331,0.0,0.0,20.0,18.272331,0.0,0.0,0,0.0,0.1095,0.0,0,1,0.10945511,0.0,0,1,0.10945511,0.10945511,0.0,0.0,0.10945511,0.1095,Attack,Attack-TCP-Flag-ACK-PSH
40,0.0,0.5,0.1107,20,0.0,0.0,0.1107,20,0,0.5,0.0,20.0,62611,0.0,0.0,20.0,18.064219,0.0,0.0,20.0,18.064219,0.0,0.0,0,0.0,0.1107,0.0,0,1,0.110716105,0.0,0,1,0.110716105,0.110716105,0.0,0.0,0.110716105,0.1107,Attack,Attack-TCP-Flag-ACK-PSH
40,0.0,0.5,0.111,20,0.0,0.0,0.111,20,0,0.5,0.0,20.0,62599,0.0,0.0,20.0,18.02583,0.0,0.0,20.0,18.02583,0.0,0.0,0,0.0,0.111,0.0,0,1,0.1109519,0.0,0,1,0.1109519,0.1109519,0.0,0.0,0.1109519,0.111,Attack,Attack-TCP-Flag-ACK-PSH
20,20.0,1.0,1702931600.0,20,20.0,0.0,1702931600.0,20,0,0.0,1702931600.0,20.0,0,0.0,1702931600.0,20.0,0.0,0.0,1702931600.0,20.0,0.0,0.0,1702931600.0,20,0.0,1702931600.0,1702931600.0,20,1,1702931600.0,1702931600.0,20,0,1702931600.0,0.0,20.0,0.0,1702931600.0,0.0,Attack,Attack-TCP-Flag-ACK-PSH
40,0.0,0.5,0.1099,20,0.0,0.0,0.1099,20,0,0.5,0.0,20.0,62599,0.0,0.0,20.0,18.200022,0.0,0.0,20.0,18.200022,0.0,0.0,0,0.0,0.1099,0.0,0,1,0.109889984,0.0,0,1,0.109889984,0.109889984,0.0,0.0,0.109889984,0.1099,Attack,Attack-TCP-Flag-ACK-PSH
40,0.0,0.5,0.1078,20,0.0,0.0,0.1078,20,0,0.5,0.0,20.0,62608,0.0,0.0,20.0,18.548609,0.0,0.0,20.0,18.548609,0.0,0.0,0,0.0,0.1078,0.0,0,1,0.1078248,0.0,0,1,0.1078248,0.1078248,0.0,0.0,0.1078248,0.1078,Attack,Attack-TCP-Flag-ACK-PSH
24,24.0,0.0,1702931600.0,24,24.0,1.0,1702931600.0,24,65535,0.0,1702931600.0,24.0,0,0.0,1702931600.0,24.0,0.0,1.0,1702931600.0,24.0,0.0,0.0,1702931600.0,24,0.0,1702931600.0,1702931600.0,24,0,1702931600.0,1702931600.0,24,0,1702931600.0,0.0,24.0,1.0,1702931600.0,0.0,Attack,Attack-TCP-Flag-ACK-PSH
40,0.0,0.5,0.1112,20,0.0,0.0,0.1112,20,0,0.5,0.0,20.0,62592,0.0,0.0,20.0,17.985441,0.0,0.0,20.0,17.985441,0.0,0.0,0,0.0,0.1112,0.0,0,1,0.11120105,0.0,0,1,0.11120105,0.11120105,0.0,0.0,0.11120105,0.1112,Attack,Attack-TCP-Flag-ACK-PSH
40,0.0,0.5,0.1112,20,0.0,0.0,0.1112,20,0,0.5,0.0,20.0,62605,0.0,0.0,20.0,17.989647,0.0,0.0,20.0,17.989647,0.0,0.0,0,0.0,0.1112,0.0,0,1,0.11117506,0.0,0,1,0.11117506,0.11117506,0.0,0.0,0.11117506,0.1112,Attack,Attack-TCP-Flag-ACK-PSH
20,20.0,1.0,1702931600.0,20,20.0,0.0,1702931600.0,20,0,0.0,1702931600.0,20.0,0,0.0,1702931600.0,20.0,0.0,0.0,1702931600.0,20.0,0.0,0.0,1702931600.0,20,0.0,1702931600.0,1702931600.0,20,1,1702931600.0,1702931600.0,20,0,1702931600.0,0.0,20.0,0.0,1702931600.0,0.0,Attack,Attack-TCP-Flag-ACK-PSH
40,0.0,0.5,0.1077,20,0.0,0.0,0.1077,20,0,0.5,0.0,20.0,62605,0.0,0.0,20.0,18.571482,0.0,0.0,20.0,18.571482,0.0,0.0,0,0.0,0.1077,0.0,0,1,0.107692,0.0,0,1,0.107692,0.107692,0.0,0.0,0.107692,0.1077,Attack,Attack-TCP-Flag-ACK-PSH
40,0.0,0.5,0.1069,20,0.0,0.0,0.1069,20,0,0.5,0.0,20.0,62602,0.0,0.0,20.0,18.715715,0.0,0.0,20.0,18.715715,0.0,0.0,0,0.0,0.1069,0.0,0,1,0.10686207,0.0,0,1,0.10686207,0.10686207,0.0,0.0,0.10686207,0.1069,Attack,Attack-TCP-Flag-ACK-PSH
40,0.0,0.5,0.1078,20,0.0,0.0,0.1078,20,0,0.5,0.0,20.0,62590,0.0,0.0,20.0,18.5539,0.0,0.0,20.0,18.5539,0.0,0.0,0,0.0,0.1078,0.0,0,1,0.10779405,0.0,0,1,0.10779405,0.10779405,0.0,0.0,0.10779405,0.1078,Attack,Attack-TCP-Flag-ACK-PSH
24,24.0,0.0,1702931600.0,24,24.0,1.0,1702931600.0,24,65535,0.0,1702931600.0,24.0,0,0.0,1702931600.0,24.0,0.0,1.0,1702931600.0,24.0,0.0,0.0,1702931600.0,24,0.0,1702931600.0,1702931600.0,24,0,1702931600.0,1702931600.0,24,0,1702931600.0,0.0,24.0,1.0,1702931600.0,0.0,Attack,Attack-TCP-Flag-ACK-PSH
40,20.0,0.5,1e-04,20,20.0,0.5,1e-04,20,65535,0.5,1702931600.0,20.0,0,0.0,1702931600.0,20.0,21290.883,1.0,1702931600.0,20.0,10645.441,0.0,1702931600.0,20,10645.441,1e-04,1702931600.0,20,1,9.393692e-05,1702931600.0,20,1,9.393692e-05,1702931600.0,20.0,0.5,9.393692e-05,1702931600.0,Attack,Attack-TCP-Flag-ACK-PSH
20,20.0,1.0,1702931600.0,20,20.0,0.0,1702931600.0,20,0,0.0,1702931600.0,20.0,0,0.0,1702931600.0,20.0,0.0,0.0,1702931600.0,20.0,0.0,0.0,1702931600.0,20,0.0,1702931600.0,1702931600.0,20,1,1702931600.0,1702931600.0,20,0,1702931600.0,0.0,20.0,0.0,1702931600.0,0.0,Attack,Attack-TCP-Flag-ACK-PSH
20,20.0,1.0,1702931600.0,20,20.0,0.0,1702931600.0,20,0,0.0,1702931600.0,20.0,0,0.0,1702931600.0,20.0,0.0,0.0,1702931600.0,20.0,0.0,0.0,1702931600.0,20,0.0,1702931600.0,1702931600.0,20,1,1702931600.0,1702931600.0,20,0,1702931600.0,0.0,20.0,0.0,1702931600.0,0.0,Attack,Attack-TCP-Flag-ACK-PSH
40,0.0,0.5,0.1078,20,0.0,0.0,0.1078,20,0,0.5,0.0,20.0,62592,0.0,0.0,20.0,18.55665,0.0,0.0,20.0,18.55665,0.0,0.0,0,0.0,0.1078,0.0,0,1,0.10777807,0.0,0,1,0.10777807,0.10777807,0.0,0.0,0.10777807,0.1078,Attack,Attack-TCP-Flag-ACK-PSH
20,20.0,1.0,1702931600.0,20,20.0,0.0,1702931600.0,20,0,0.0,1702931600.0,20.0,0,0.0,1702931600.0,20.0,0.0,0.0,1702931600.0,20.0,0.0,0.0,1702931600.0,20,0.0,1702931600.0,1702931600.0,20,1,1702931600.0,1702931600.0,20,0,1702931600.0,0.0,20.0,0.0,1702931600.0,0.0,Attack,Attack-TCP-Flag-ACK-PSH
20,20.0,1.0,1702931600.0,20,20.0,0.0,1702931600.0,20,0,0.0,1702931600.0,20.0,0,0.0,1702931600.0,20.0,0.0,0.0,1702931600.0,20.0,0.0,0.0,1702931600.0,20,0.0,1702931600.0,1702931600.0,20,1,1702931600.0,1702931600.0,20,0,1702931600.0,0.0,20.0,0.0,1702931600.0,0.0,Attack,Attack-TCP-Flag-ACK-PSH
24,24.0,0.0,1702931600.0,24,24.0,1.0,1702931600.0,24,65535,0.0,1702931600.0,24.0,0,0.0,1702931600.0,24.0,0.0,1.0,1702931600.0,24.0,0.0,0.0,1702931600.0,24,0.0,1702931600.0,1702931600.0,24,0,1702931600.0,1702931600.0,24,0,1702931600.0,0.0,24.0,1.0,1702931600.0,0.0,Attack,Attack-TCP-Flag-ACK-PSH
40,20.0,0.5,1e-04,20,20.0,0.5,1e-04,20,65535,0.5,1702931600.0,20.0,0,0.0,1702931600.0,20.0,27324.455,1.0,1702931600.0,20.0,13662.228,0.0,1702931600.0,20,13662.228,1e-04,1702931600.0,20,1,7.3194504e-05,1702931600.0,20,1,7.3194504e-05,1702931600.0,20.0,0.5,7.3194504e-05,1702931600.0,Attack,Attack-TCP-Flag-ACK-PSH
40,0.0,0.5,0.1118,20,0.0,0.0,0.1118,20,0,0.5,0.0,20.0,62608,0.0,0.0,20.0,17.883032,0.0,0.0,20.0,17.883032,0.0,0.0,0,0.0,0.1118,0.0,0,1,0.111837864,0.0,0,1,0.111837864,0.111837864,0.0,0.0,0.111837864,0.1118,Attack,Attack-TCP-Flag-ACK-PSH
20,20.0,1.0,1702931600.0,20,20.0,0.0,1702931600.0,20,0,0.0,1702931600.0,20.0,0,0.0,1702931600.0,20.0,0.0,0.0,1702931600.0,20.0,0.0,0.0,1702931600.0,20,0.0,1702931600.0,1702931600.0,20,1,1702931600.0,1702931600.0,20,0,1702931600.0,0.0,20.0,0.0,1702931600.0,0.0,Attack,Attack-TCP-Flag-ACK-PSH
40,0.0,0.5,0.1099,20,0.0,0.0,0.1099,20,0,0.5,0.0,20.0,62611,0.0,0.0,20.0,18.20085,0.0,0.0,20.0,18.20085,0.0,0.0,0,0.0,0.1099,0.0,0,1,0.10988498,0.0,0,1,0.10988498,0.10988498,0.0,0.0,0.10988498,0.1099,Attack,Attack-TCP-Flag-ACK-PSH
40,0.0,0.5,0.1101,20,0.0,0.0,0.1101,20,0,0.5,0.0,20.0,62602,0.0,0.0,20.0,18.171242,0.0,0.0,20.0,18.171242,0.0,0.0,0,0.0,0.1101,0.0,0,1,0.11006403,0.0,0,1,0.11006403,0.11006403,0.0,0.0,0.11006403,0.1101,Attack,Attack-TCP-Flag-ACK-PSH
40,0.0,0.5,0.1063,20,0.0,0.0,0.1063,20,0,0.5,0.0,20.0,62590,0.0,0.0,20.0,18.811321,0.0,0.0,20.0,18.811321,0.0,0.0,0,0.0,0.1063,0.0,0,1,0.10631895,0.0,0,1,0.10631895,0.10631895,0.0,0.0,0.10631895,0.1063,Attack,Attack-TCP-Flag-ACK-PSH
40,0.0,0.5,0.1079,20,0.0,0.0,0.1079,20,0,0.5,0.0,20.0,62602,0.0,0.0,20.0,18.535862,0.0,0.0,20.0,18.535862,0.0,0.0,0,0.0,0.1079,0.0,0,1,0.10789895,0.0,0,1,0.10789895,0.10789895,0.0,0.0,0.10789895,0.1079,Attack,Attack-TCP-Flag-ACK-PSH
20,20.0,0.0,1702931600.0,20,20.0,1.0,1702931600.0,20,1024,0.0,1702931600.0,20.0,0,0.0,1702931600.0,20.0,0.0,1.0,1702931600.0,20.0,0.0,0.0,1702931600.0,20,0.0,1702931600.0,1702931600.0,20,0,1702931600.0,1702931600.0,20,0,1702931600.0,0.0,20.0,1.0,1702931600.0,0.0,Attack,Attack-TCP-Flag-ACK-PSH
40,0.0,0.5,0.1112,20,0.0,0.0,0.1112,20,0,0.5,0.0,20.0,62599,0.0,0.0,20.0,17.991112,0.0,0.0,20.0,17.991112,0.0,0.0,0,0.0,0.1112,0.0,0,1,0.111166,0.0,0,1,0.111166,0.111166,0.0,0.0,0.111166,0.1112,Attack,Attack-TCP-Flag-ACK-PSH
20,20.0,1.0,1702931600.0,20,20.0,0.0,1702931600.0,20,0,0.0,1702931600.0,20.0,0,0.0,1702931600.0,20.0,0.0,0.0,1702931600.0,20.0,0.0,0.0,1702931600.0,20,0.0,1702931600.0,1702931600.0,20,1,1702931600.0,1702931600.0,20,0,1702931600.0,0.0,20.0,0.0,1702931600.0,0.0,Attack,Attack-TCP-Flag-ACK-PSH
40,20.0,0.5,1e-04,20,20.0,0.5,1e-04,20,1024,0.5,1702931600.0,20.0,0,0.0,1702931600.0,20.0,22489.566,1.0,1702931600.0,20.0,11244.783,0.0,1702931600.0,20,11244.783,1e-04,1702931600.0,20,1,8.893013e-05,1702931600.0,20,1,8.893013e-05,1702931600.0,20.0,0.5,8.893013e-05,1702931600.0,Attack,Attack-TCP-Flag-ACK-PSH
52,32.0,0.5,0.0003,32,32.0,0.5,0.0003,20,1024,0.5,1702931600.0,26.0,0,0.0,1702931600.0,26.0,6825.5557,1.0,1702931600.0,20.0,3412.7778,0.0,1702931600.0,32,3412.7778,0.0003,1702931600.0,32,1,0.00029301643,1702931600.0,32,1,0.00029301643,1702931600.0,32.0,0.5,0.00029301643,1702931600.0,Attack,Attack-TCP-Flag-ACK-PSH
40,0.0,0.5,0.1081,20,0.0,0.0,0.1081,20,0,0.5,0.0,20.0,62594,0.0,0.0,20.0,18.507399,0.0,0.0,20.0,18.507399,0.0,0.0,0,0.0,0.1081,0.0,0,1,0.10806489,0.0,0,1,0.10806489,0.10806489,0.0,0.0,0.10806489,0.1081,Attack,Attack-TCP-Flag-ACK-PSH
40,0.0,0.5,0.1112,20,0.0,0.0,0.1112,20,0,0.5,0.0,20.0,62611,0.0,0.0,20.0,17.982203,0.0,0.0,20.0,17.982203,0.0,0.0,0,0.0,0.1112,0.0,0,1,0.111221075,0.0,0,1,0.111221075,0.111221075,0.0,0.0,0.111221075,0.1112,Attack,Attack-TCP-Flag-ACK-PSH
20,20.0,0.0,1702931600.0,20,20.0,0.0,1702931600.0,20,1022,0.0,1702931600.0,20.0,0,0.0,1702931600.0,20.0,0.0,0.0,1702931600.0,20.0,0.0,0.0,1702931600.0,20,0.0,1702931600.0,1702931600.0,20,0,1702931600.0,1702931600.0,20,0,1702931600.0,0.0,20.0,0.0,1702931600.0,0.0,Attack,Attack-TCP-Flag-ACK-PSH
20,20.0,1.0,1702931600.0,20,20.0,0.0,1702931600.0,20,0,0.0,1702931600.0,20.0,0,0.0,1702931600.0,20.0,0.0,0.0,1702931600.0,20.0,0.0,0.0,1702931600.0,20,0.0,1702931600.0,1702931600.0,20,1,1702931600.0,1702931600.0,20,0,1702931600.0,0.0,20.0,0.0,1702931600.0,0.0,Attack,Attack-TCP-Flag-ACK-PSH
20,20.0,1.0,1702931600.0,20,20.0,0.0,1702931600.0,20,0,0.0,1702931600.0,20.0,0,0.0,1702931600.0,20.0,0.0,0.0,1702931600.0,20.0,0.0,0.0,1702931600.0,20,0.0,1702931600.0,1702931600.0,20,1,1702931600.0,1702931600.0,20,0,1702931600.0,0.0,20.0,0.0,1702931600.0,0.0,Attack,Attack-TCP-Flag-ACK-PSH
20,20.0,1.0,1702931600.0,20,20.0,0.0,1702931600.0,20,0,0.0,1702931600.0,20.0,0,0.0,1702931600.0,20.0,0.0,0.0,1702931600.0,20.0,0.0,0.0,1702931600.0,20,0.0,1702931600.0,1702931600.0,20,1,1702931600.0,1702931600.0,20,0,1702931600.0,0.0,20.0,0.0,1702931600.0,0.0,Attack,Attack-TCP-Flag-ACK-PSH
40,0.0,0.5,0.1111,20,0.0,0.0,0.1111,20,0,0.5,0.0,20.0,62608,0.0,0.0,20.0,18.009073,0.0,0.0,20.0,18.009073,0.0,0.0,0,0.0,0.1111,0.0,0,1,0.111055136,0.0,0,1,0.111055136,0.111055136,0.0,0.0,0.111055136,0.1111,Attack,Attack-TCP-Flag-ACK-PSH
40,0.0,0.5,0.111,20,0.0,0.0,0.111,20,0,0.5,0.0,20.0,62596,0.0,0.0,20.0,18.015764,0.0,0.0,20.0,18.015764,0.0,0.0,0,0.0,0.111,0.0,0,1,0.11101389,0.0,0,1,0.11101389,0.11101389,0.0,0.0,0.11101389,0.111,Attack,Attack-TCP-Flag-ACK-PSH
40,0.0,0.5,0.1111,20,0.0,0.0,0.1111,20,0,0.5,0.0,20.0,62594,0.0,0.0,20.0,18.009266,0.0,0.0,20.0,18.009266,0.0,0.0,0,0.0,0.1111,0.0,0,1,0.11105394,0.0,0,1,0.11105394,0.11105394,0.0,0.0,0.11105394,0.1111,Attack,Attack-TCP-Flag-ACK-PSH
40,0.0,0.5,0.1111,20,0.0,0.0,0.1111,20,0,0.5,0.0,20.0,62605,0.0,0.0,20.0,18.003584,0.0,0.0,20.0,18.003584,0.0,0.0,0,0.0,0.1111,0.0,0,1,0.11108899,0.0,0,1,0.11108899,0.11108899,0.0,0.0,0.11108899,0.1111,Attack,Attack-TCP-Flag-ACK-PSH
24,24.0,0.0,1702931600.0,24,24.0,1.0,1702931600.0,24,1024,0.0,1702931600.0,24.0,0,0.0,1702931600.0,24.0,0.0,1.0,1702931600.0,24.0,0.0,0.0,1702931600.0,24,0.0,1702931600.0,1702931600.0,24,0,1702931600.0,1702931600.0,24,0,1702931600.0,0.0,24.0,1.0,1702931600.0,0.0,Attack,Attack-TCP-Flag-ACK-PSH
40,0.0,0.5,0.1092,20,0.0,0.0,0.1092,20,0,0.5,0.0,20.0,62599,0.0,0.0,20.0,18.31466,0.0,0.0,20.0,18.31466,0.0,0.0,0,0.0,0.1092,0.0,0,1,0.10920215,0.0,0,1,0.10920215,0.10920215,0.0,0.0,0.10920215,0.1092,Attack,Attack-TCP-Flag-ACK-PSH
40,0.0,0.5,0.1112,20,0.0,0.0,0.1112,20,0,0.5,0.0,20.0,62586,0.0,0.0,20.0,17.982512,0.0,0.0,20.0,17.982512,0.0,0.0,0,0.0,0.1112,0.0,0,1,0.11121917,0.0,0,1,0.11121917,0.11121917,0.0,0.0,0.11121917,0.1112,Attack,Attack-TCP-Flag-ACK-PSH
20,20.0,0.0,1702931600.0,20,20.0,1.0,1702931600.0,20,1024,0.0,1702931600.0,20.0,0,0.0,1702931600.0,20.0,0.0,1.0,1702931600.0,20.0,0.0,0.0,1702931600.0,20,0.0,1702931600.0,1702931600.0,20,0,1702931600.0,1702931600.0,20,0,1702931600.0,0.0,20.0,1.0,1702931600.0,0.0,Attack,Attack-TCP-Flag-ACK-PSH
20,20.0,1.0,1702931600.0,20,20.0,0.0,1702931600.0,20,0,0.0,1702931600.0,20.0,0,0.0,1702931600.0,20.0,0.0,0.0,1702931600.0,20.0,0.0,0.0,1702931600.0,20,0.0,1702931600.0,1702931600.0,20,1,1702931600.0,1702931600.0,20,0,1702931600.0,0.0,20.0,0.0,1702931600.0,0.0,Attack,Attack-TCP-Flag-ACK-PSH
40,20.0,0.5,1e-04,20,20.0,0.5,1e-04,20,1024,0.5,1702931600.0,20.0,0,0.0,1702931600.0,20.0,20815.404,1.0,1702931600.0,20.0,10407.702,0.0,1702931600.0,20,10407.702,1e-04,1702931600.0,20,1,9.608269e-05,1702931600.0,20,1,9.608269e-05,1702931600.0,20.0,0.5,9.608269e-05,1702931600.0,Attack,Attack-TCP-Flag-ACK-PSH
20,20.0,0.0,1702931600.0,20,20.0,1.0,1702931600.0,20,1024,0.0,1702931600.0,20.0,0,0.0,1702931600.0,20.0,0.0,1.0,1702931600.0,20.0,0.0,0.0,1702931600.0,20,0.0,1702931600.0,1702931600.0,20,0,1702931600.0,1702931600.0,20,0,1702931600.0,0.0,20.0,1.0,1702931600.0,0.0,Attack,Attack-TCP-Flag-ACK-PSH
40,0.0,0.5,0.1099,20,0.0,0.0,0.1099,20,0,0.5,0.0,20.0,62590,0.0,0.0,20.0,18.197376,0.0,0.0,20.0,18.197376,0.0,0.0,0,0.0,0.1099,0.0,0,1,0.10990596,0.0,0,1,0.10990596,0.10990596,0.0,0.0,0.10990596,0.1099,Attack,Attack-TCP-Flag-ACK-PSH
40,20.0,0.5,1e-04,20,20.0,0.5,1e-04,20,1024,0.5,1702931600.0,20.0,0,0.0,1702931600.0,20.0,24036.127,1.0,1702931600.0,20.0,12018.063,0.0,1702931600.0,20,12018.063,1e-04,1702931600.0,20,1,8.3208084e-05,1702931600.0,20,1,8.3208084e-05,1702931600.0,20.0,0.5,8.3208084e-05,1702931600.0,Attack,Attack-TCP-Flag-ACK-PSH
20,20.0,0.0,1702931600.0,20,20.0,1.0,1702931600.0,20,1024,0.0,1702931600.0,20.0,0,0.0,1702931600.0,20.0,0.0,1.0,1702931600.0,20.0,0.0,0.0,1702931600.0,20,0.0,1702931600.0,1702931600.0,20,0,1702931600.0,1702931600.0,20,0,1702931600.0,0.0,20.0,1.0,1702931600.0,0.0,Attack,Attack-TCP-Flag-ACK-PSH
20,20.0,1.0,1702931600.0,20,20.0,0.0,1702931600.0,20,0,0.0,1702931600.0,20.0,0,0.0,1702931600.0,20.0,0.0,0.0,1702931600.0,20.0,0.0,0.0,1702931600.0,20,0.0,1702931600.0,1702931600.0,20,1,1702931600.0,1702931600.0,20,0,1702931600.0,0.0,20.0,0.0,1702931600.0,0.0,Attack,Attack-TCP-Flag-ACK-PSH
40,0.0,0.5,0.1099,20,0.0,0.0,0.1099,20,0,0.5,0.0,20.0,62596,0.0,0.0,20.0,18.192877,0.0,0.0,20.0,18.192877,0.0,0.0,0,0.0,0.1099,0.0,0,1,0.10993314,0.0,0,1,0.10993314,0.10993314,0.0,0.0,0.10993314,0.1099,Attack,Attack-TCP-Flag-ACK-PSH
20,20.0,1.0,1702931600.0,20,20.0,0.0,1702931600.0,20,0,0.0,1702931600.0,20.0,0,0.0,1702931600.0,20.0,0.0,0.0,1702931600.0,20.0,0.0,0.0,1702931600.0,20,0.0,1702931600.0,1702931600.0,20,1,1702931600.0,1702931600.0,20,0,1702931600.0,0.0,20.0,0.0,1702931600.0,0.0,Attack,Attack-TCP-Flag-ACK-PSH
52,32.0,0.5,1e-04,32,32.0,0.5,1e-04,20,1024,0.5,1702931600.0,26.0,0,0.0,1702931600.0,26.0,20164.924,1.0,1702931600.0,20.0,10082.462,0.0,1702931600.0,32,10082.462,1e-04,1702931600.0,32,1,9.918213e-05,1702931600.0,32,1,9.918213e-05,1702931600.0,32.0,0.5,9.918213e-05,1702931600.0,Attack,Attack-TCP-Flag-ACK-PSH
40,0.0,0.5,0.1137,20,0.0,0.0,0.1137,20,0,0.5,0.0,20.0,62594,0.0,0.0,20.0,17.583048,0.0,0.0,20.0,17.583048,0.0,0.0,0,0.0,0.1137,0.0,0,1,0.11374593,0.0,0,1,0.11374593,0.11374593,0.0,0.0,0.11374593,0.1137,Attack,Attack-TCP-Flag-ACK-PSH
20,20.0,1.0,1702931600.0,20,20.0,0.0,1702931600.0,20,1200,0.0,1702931600.0,20.0,0,0.0,1702931600.0,20.0,0.0,0.0,1702931600.0,20.0,0.0,0.0,1702931600.0,20,0.0,1702931600.0,1702931600.0,20,1,1702931600.0,1702931600.0,20,0,1702931600.0,0.0,20.0,0.0,1702931600.0,0.0,Attack,Attack-TCP-Flag-ACK-PSH
24,24.0,0.0,1702931600.0,24,24.0,1.0,1702931600.0,24,1025,0.0,1702931600.0,24.0,0,0.0,1702931600.0,24.0,0.0,1.0,1702931600.0,24.0,0.0,0.0,1702931600.0,24,0.0,1702931600.0,1702931600.0,24,0,1702931600.0,1702931600.0,24,0,1702931600.0,0.0,24.0,1.0,1702931600.0,0.0,Attack,Attack-TCP-Flag-ACK-PSH
40,0.0,0.5,0.11,20,0.0,0.0,0.11,20,0,0.5,0.0,20.0,62590,0.0,0.0,20.0,18.178684,0.0,0.0,20.0,18.178684,0.0,0.0,0,0.0,0.11,0.0,0,1,0.11001897,0.0,0,1,0.11001897,0.11001897,0.0,0.0,0.11001897,0.11,Attack,Attack-TCP-Flag-ACK-PSH
40,20.0,0.5,1e-04,20,20.0,0.5,1e-04,20,65535,0.5,1702931600.0,20.0,0,0.0,1702931600.0,20.0,21959.707,1.0,1702931600.0,20.0,10979.854,0.0,1702931600.0,20,10979.854,1e-04,1702931600.0,20,1,9.10759e-05,1702931600.0,20,1,9.10759e-05,1702931600.0,20.0,0.5,9.10759e-05,1702931600.0,Attack,Attack-TCP-Flag-ACK-PSH
40,0.0,0.5,0.1108,20,0.0,0.0,0.1108,20,0,0.5,0.0,20.0,62605,0.0,0.0,20.0,18.053295,0.0,0.0,20.0,18.053295,0.0,0.0,0,0.0,0.1108,0.0,0,1,0.1107831,0.0,0,1,0.1107831,0.1107831,0.0,0.0,0.1107831,0.1108,Attack,Attack-TCP-Flag-ACK-PSH
40,0.0,0.5,0.111,20,0.0,0.0,0.111,20,0,0.5,0.0,20.0,62605,0.0,0.0,20.0,18.025131,0.0,0.0,20.0,18.025131,0.0,0.0,0,0.0,0.111,0.0,0,1,0.11095619,0.0,0,1,0.11095619,0.11095619,0.0,0.0,0.11095619,0.111,Attack,Attack-TCP-Flag-ACK-PSH
40,0.0,0.5,0.111,20,0.0,0.0,0.111,20,0,0.5,0.0,20.0,62599,0.0,0.0,20.0,18.013134,0.0,0.0,20.0,18.013134,0.0,0.0,0,0.0,0.111,0.0,0,1,0.1110301,0.0,0,1,0.1110301,0.1110301,0.0,0.0,0.1110301,0.111,Attack,Attack-TCP-Flag-ACK-PSH
32,32.0,0.0,1702931600.0,32,32.0,1.0,1702931600.0,32,65535,0.0,1702931600.0,32.0,0,0.0,1702931600.0,32.0,0.0,1.0,1702931600.0,32.0,0.0,0.0,1702931600.0,32,0.0,1702931600.0,1702931600.0,32,0,1702931600.0,1702931600.0,32,0,1702931600.0,0.0,32.0,1.0,1702931600.0,0.0,Attack,Attack-TCP-Flag-ACK-PSH
40,0.0,0.5,0.1109,20,0.0,0.0,0.1109,20,0,0.5,0.0,20.0,62602,0.0,0.0,20.0,18.026953,0.0,0.0,20.0,18.026953,0.0,0.0,0,0.0,0.1109,0.0,0,1,0.11094499,0.0,0,1,0.11094499,0.11094499,0.0,0.0,0.11094499,0.1109,Attack,Attack-TCP-Flag-ACK-PSH
40,0.0,0.5,0.1119,20,0.0,0.0,0.1119,20,0,0.5,0.0,20.0,62596,0.0,0.0,20.0,17.88044,0.0,0.0,20.0,17.88044,0.0,0.0,0,0.0,0.1119,0.0,0,1,0.11185408,0.0,0,1,0.11185408,0.11185408,0.0,0.0,0.11185408,0.1119,Attack,Attack-TCP-Flag-ACK-PSH
40,0.0,0.5,0.1111,20,0.0,0.0,0.1111,20,0,0.5,0.0,20.0,62608,0.0,0.0,20.0,18.005207,0.0,0.0,20.0,18.005207,0.0,0.0,0,0.0,0.1111,0.0,0,1,0.11107898,0.0,0,1,0.11107898,0.11107898,0.0,0.0,0.11107898,0.1111,Attack,Attack-TCP-Flag-ACK-PSH
20,20.0,1.0,1702931600.0,20,20.0,0.0,1702931600.0,20,1200,0.0,1702931600.0,20.0,0,0.0,1702931600.0,20.0,0.0,0.0,1702931600.0,20.0,0.0,0.0,1702931600.0,20,0.0,1702931600.0,1702931600.0,20,1,1702931600.0,1702931600.0,20,0,1702931600.0,0.0,20.0,0.0,1702931600.0,0.0,Attack,Attack-TCP-Flag-ACK-PSH
40,0.0,0.5,0.1101,20,0.0,0.0,0.1101,20,0,0.5,0.0,20.0,62594,0.0,0.0,20.0,18.164316,0.0,0.0,20.0,18.164316,0.0,0.0,0,0.0,0.1101,0.0,0,1,0.11010599,0.0,0,1,0.11010599,0.11010599,0.0,0.0,0.11010599,0.1101,Attack,Attack-TCP-Flag-ACK-PSH
20,20.0,1.0,1702931600.0,20,20.0,0.0,1702931600.0,20,0,0.0,1702931600.0,20.0,0,0.0,1702931600.0,20.0,0.0,0.0,1702931600.0,20.0,0.0,0.0,1702931600.0,20,0.0,1702931600.0,1702931600.0,20,1,1702931600.0,1702931600.0,20,0,1702931600.0,0.0,20.0,0.0,1702931600.0,0.0,Attack,Attack-TCP-Flag-ACK-PSH
40,0.0,0.5,0.1103,20,0.0,0.0,0.1103,20,0,0.5,0.0,20.0,62608,0.0,0.0,20.0,18.1391,0.0,0.0,20.0,18.1391,0.0,0.0,0,0.0,0.1103,0.0,0,1,0.110259056,0.0,0,1,0.110259056,0.110259056,0.0,0.0,0.110259056,0.1103,Attack,Attack-TCP-Flag-ACK-PSH
20,20.0,1.0,1702931600.0,20,20.0,0.0,1702931600.0,20,0,0.0,1702931600.0,20.0,0,0.0,1702931600.0,20.0,0.0,0.0,1702931600.0,20.0,0.0,0.0,1702931600.0,20,0.0,1702931600.0,1702931600.0,20,1,1702931600.0,1702931600.0,20,0,1702931600.0,0.0,20.0,0.0,1702931600.0,0.0,Attack,Attack-TCP-Flag-ACK-PSH
20,20.0,1.0,1702931600.0,20,20.0,0.0,1702931600.0,20,0,0.0,1702931600.0,20.0,0,0.0,1702931600.0,20.0,0.0,0.0,1702931600.0,20.0,0.0,0.0,1702931600.0,20,0.0,1702931600.0,1702931600.0,20,1,1702931600.0,1702931600.0,20,0,1702931600.0,0.0,20.0,0.0,1702931600.0,0.0,Attack,Attack-TCP-Flag-ACK-PSH
40,0.0,0.5,0.108,20,0.0,0.0,0.108,20,0,0.5,0.0,20.0,62590,0.0,0.0,20.0,18.513689,0.0,0.0,20.0,18.513689,0.0,0.0,0,0.0,0.108,0.0,0,1,0.10802817,0.0,0,1,0.10802817,0.10802817,0.0,0.0,0.10802817,0.108,Attack,Attack-TCP-Flag-ACK-PSH
40,0.0,0.5,0.108,20,0.0,0.0,0.108,20,0,0.5,0.0,20.0,62599,0.0,0.0,20.0,18.526937,0.0,0.0,20.0,18.526937,0.0,0.0,0,0.0,0.108,0.0,0,1,0.107950926,0.0,0,1,0.107950926,0.107950926,0.0,0.0,0.107950926,0.108,Attack,Attack-TCP-Flag-ACK-PSH
40,20.0,0.5,1e-04,20,20.0,0.5,1e-04,20,1024,0.5,1702931600.0,20.0,0,0.0,1702931600.0,20.0,22982.488,1.0,1702931600.0,20.0,11491.244,0.0,1702931600.0,20,11491.244,1e-04,1702931600.0,20,1,8.702278e-05,1702931600.0,20,1,8.702278e-05,1702931600.0,20.0,0.5,8.702278e-05,1702931600.0,Attack,Attack-TCP-Flag-ACK-PSH
60,40.0,0.5,1e-04,40,40.0,0.5,1e-04,20,29040,0.5,1702931600.0,30.0,0,0.0,1702931600.0,30.0,18196.547,1.0,1702931600.0,20.0,9098.273,0.0,1702931600.0,40,9098.273,1e-04,1702931600.0,40,1,0.000109910965,1702931600.0,40,1,0.000109910965,1702931600.0,40.0,0.5,0.000109910965,1702931600.0,Attack,Attack-TCP-Flag-ACK-PSH
20,20.0,1.0,1702931600.0,20,20.0,0.0,1702931600.0,20,0,0.0,1702931600.0,20.0,0,0.0,1702931600.0,20.0,0.0,0.0,1702931600.0,20.0,0.0,0.0,1702931600.0,20,0.0,1702931600.0,1702931600.0,20,1,1702931600.0,1702931600.0,20,0,1702931600.0,0.0,20.0,0.0,1702931600.0,0.0,Attack,Attack-TCP-Flag-ACK-PSH
40,0.0,0.5,0.1079,20,0.0,0.0,0.1079,20,0,0.5,0.0,20.0,62602,0.0,0.0,20.0,18.535166,0.0,0.0,20.0,18.535166,0.0,0.0,0,0.0,0.1079,0.0,0,1,0.107903,0.0,0,1,0.107903,0.107903,0.0,0.0,0.107903,0.1079,Attack,Attack-TCP-Flag-ACK-PSH
20,20.0,0.0,1702931600.0,20,20.0,1.0,1702931600.0,20,1024,0.0,1702931600.0,20.0,0,0.0,1702931600.0,20.0,0.0,1.0,1702931600.0,20.0,0.0,0.0,1702931600.0,20,0.0,1702931600.0,1702931600.0,20,0,1702931600.0,1702931600.0,20,0,1702931600.0,0.0,20.0,1.0,1702931600.0,0.0,Attack,Attack-TCP-Flag-ACK-PSH
20,20.0,0.0,1702931600.0,20,20.0,1.0,1702931600.0,20,1024,0.0,1702931600.0,20.0,0,0.0,1702931600.0,20.0,0.0,1.0,1702931600.0,20.0,0.0,0.0,1702931600.0,20,0.0,1702931600.0,1702931600.0,20,0,1702931600.0,1702931600.0,20,0,1702931600.0,0.0,20.0,1.0,1702931600.0,0.0,Attack,Attack-TCP-Flag-ACK-PSH
40,0.0,0.5,0.1061,20,0.0,0.0,0.1061,20,0,0.5,0.0,20.0,62590,0.0,0.0,20.0,18.857584,0.0,0.0,20.0,18.857584,0.0,0.0,0,0.0,0.1061,0.0,0,1,0.10605812,0.0,0,1,0.10605812,0.10605812,0.0,0.0,0.10605812,0.1061,Attack,Attack-TCP-Flag-ACK-PSH
40,0.0,0.5,0.108,20,0.0,0.0,0.108,20,0,0.5,0.0,20.0,62608,0.0,0.0,20.0,18.510952,0.0,0.0,20.0,18.510952,0.0,0.0,0,0.0,0.108,0.0,0,1,0.10804415,0.0,0,1,0.10804415,0.10804415,0.0,0.0,0.10804415,0.108,Attack,Attack-TCP-Flag-ACK-PSH
24,24.0,0.0,1702931600.0,24,24.0,1.0,1702931600.0,24,1025,0.0,1702931600.0,24.0,0,0.0,1702931600.0,24.0,0.0,1.0,1702931600.0,24.0,0.0,0.0,1702931600.0,24,0.0,1702931600.0,1702931600.0,24,0,1702931600.0,1702931600.0,24,0,1702931600.0,0.0,24.0,1.0,1702931600.0,0.0,Attack,Attack-TCP-Flag-ACK-PSH
24,24.0,0.0,1702931600.0,24,24.0,1.0,1702931600.0,24,65535,0.0,1702931600.0,24.0,0,0.0,1702931600.0,24.0,0.0,1.0,1702931600.0,24.0,0.0,0.0,1702931600.0,24,0.0,1702931600.0,1702931600.0,24,0,1702931600.0,1702931600.0,24,0,1702931600.0,0.0,24.0,1.0,1702931600.0,0.0,Attack,Attack-TCP-Flag-ACK-PSH
24,24.0,0.0,1702931600.0,24,24.0,1.0,1702931600.0,24,1024,0.0,1702931600.0,24.0,0,0.0,1702931600.0,24.0,0.0,1.0,1702931600.0,24.0,0.0,0.0,1702931600.0,24,0.0,1702931600.0,1702931600.0,24,0,1702931600.0,1702931600.0,24,0,1702931600.0,0.0,24.0,1.0,1702931600.0,0.0,Attack,Attack-TCP-Flag-ACK-PSH
20,20.0,1.0,1702931600.0,20,20.0,0.0,1702931600.0,20,0,0.0,1702931600.0,20.0,0,0.0,1702931600.0,20.0,0.0,0.0,1702931600.0,20.0,0.0,0.0,1702931600.0,20,0.0,1702931600.0,1702931600.0,20,1,1702931600.0,1702931600.0,20,0,1702931600.0,0.0,20.0,0.0,1702931600.0,0.0,Attack,Attack-TCP-Flag-ACK-PSH
20,20.0,0.0,1702931600.0,20,20.0,1.0,1702931600.0,20,1024,0.0,1702931600.0,20.0,0,0.0,1702931600.0,20.0,0.0,1.0,1702931600.0,20.0,0.0,0.0,1702931600.0,20,0.0,1702931600.0,1702931600.0,20,0,1702931600.0,1702931600.0,20,0,1702931600.0,0.0,20.0,1.0,1702931600.0,0.0,Attack,Attack-TCP-Flag-ACK-PSH
20,20.0,1.0,1702931600.0,20,20.0,0.0,1702931600.0,20,1200,0.0,1702931600.0,20.0,0,0.0,1702931600.0,20.0,0.0,0.0,1702931600.0,20.0,0.0,0.0,1702931600.0,20,0.0,1702931600.0,1702931600.0,20,1,1702931600.0,1702931600.0,20,0,1702931600.0,0.0,20.0,0.0,1702931600.0,0.0,Attack,Attack-TCP-Flag-ACK-PSH
40,0.0,0.5,0.1112,20,0.0,0.0,0.1112,20,0,0.5,0.0,20.0,62596,0.0,0.0,20.0,17.983707,0.0,0.0,20.0,17.983707,0.0,0.0,0,0.0,0.1112,0.0,0,1,0.11121178,0.0,0,1,0.11121178,0.11121178,0.0,0.0,0.11121178,0.1112,Attack,Attack-TCP-Flag-ACK-PSH
40,0.0,0.5,0.1076,20,0.0,0.0,0.1076,20,0,0.5,0.0,20.0,62605,0.0,0.0,20.0,18.580078,0.0,0.0,20.0,18.580078,0.0,0.0,0,0.0,0.1076,0.0,0,1,0.107642174,0.0,0,1,0.107642174,0.107642174,0.0,0.0,0.107642174,0.1076,Attack,Attack-TCP-Flag-ACK-PSH
40,0.0,0.5,0.1069,20,0.0,0.0,0.1069,20,0,0.5,0.0,20.0,62605,0.0,0.0,20.0,18.706991,0.0,0.0,20.0,18.706991,0.0,0.0,0,0.0,0.1069,0.0,0,1,0.1069119,0.0,0,1,0.1069119,0.1069119,0.0,0.0,0.1069119,0.1069,Attack,Attack-TCP-Flag-ACK-PSH
40,0.0,0.5,0.1079,20,0.0,0.0,0.1079,20,0,0.5,0.0,20.0,62602,0.0,0.0,20.0,18.53107,0.0,0.0,20.0,18.53107,0.0,0.0,0,0.0,0.1079,0.0,0,1,0.107926846,0.0,0,1,0.107926846,0.107926846,0.0,0.0,0.107926846,0.1079,Attack,Attack-TCP-Flag-ACK-PSH
40,0.0,0.5,0.1077,20,0.0,0.0,0.1077,20,0,0.5,0.0,20.0,62590,0.0,0.0,20.0,18.565973,0.0,0.0,20.0,18.565973,0.0,0.0,0,0.0,0.1077,0.0,0,1,0.10772395,0.0,0,1,0.10772395,0.10772395,0.0,0.0,0.10772395,0.1077,Attack,Attack-TCP-Flag-ACK-PSH
24,24.0,0.0,1702931600.0,24,24.0,1.0,1702931600.0,24,65535,0.0,1702931600.0,24.0,0,0.0,1702931600.0,24.0,0.0,1.0,1702931600.0,24.0,0.0,0.0,1702931600.0,24,0.0,1702931600.0,1702931600.0,24,0,1702931600.0,1702931600.0,24,0,1702931600.0,0.0,24.0,1.0,1702931600.0,0.0,Attack,Attack-TCP-Flag-ACK-PSH
20,20.0,1.0,1702931600.0,20,20.0,0.0,1702931600.0,20,0,0.0,1702931600.0,20.0,0,0.0,1702931600.0,20.0,0.0,0.0,1702931600.0,20.0,0.0,0.0,1702931600.0,20,0.0,1702931600.0,1702931600.0,20,1,1702931600.0,1702931600.0,20,0,1702931600.0,0.0,20.0,0.0,1702931600.0,0.0,Attack,Attack-TCP-Flag-ACK-PSH
20,20.0,1.0,1702931600.0,20,20.0,0.0,1702931600.0,20,0,0.0,1702931600.0,20.0,0,0.0,1702931600.0,20.0,0.0,0.0,1702931600.0,20.0,0.0,0.0,1702931600.0,20,0.0,1702931600.0,1702931600.0,20,1,1702931600.0,1702931600.0,20,0,1702931600.0,0.0,20.0,0.0,1702931600.0,0.0,Attack,Attack-TCP-Flag-ACK-PSH
40,0.0,0.5,0.1111,20,0.0,0.0,0.1111,20,0,0.5,0.0,20.0,62596,0.0,0.0,20.0,18.004047,0.0,0.0,20.0,18.004047,0.0,0.0,0,0.0,0.1111,0.0,0,1,0.11108613,0.0,0,1,0.11108613,0.11108613,0.0,0.0,0.11108613,0.1111,Attack,Attack-TCP-Flag-ACK-PSH
40,0.0,0.5,0.1111,20,0.0,0.0,0.1111,20,0,0.5,0.0,20.0,62596,0.0,0.0,20.0,17.99891,0.0,0.0,20.0,17.99891,0.0,0.0,0,0.0,0.1111,0.0,0,1,0.11111784,0.0,0,1,0.11111784,0.11111784,0.0,0.0,0.11111784,0.1111,Attack,Attack-TCP-Flag-ACK-PSH
40,20.0,0.5,1e-04,20,20.0,0.5,1e-04,20,65535,0.5,1702931600.0,20.0,0,0.0,1702931600.0,20.0,18850.805,1.0,1702931600.0,20.0,9425.402,0.0,1702931600.0,20,9425.402,1e-04,1702931600.0,20,1,0.00010609627,1702931600.0,20,1,0.00010609627,1702931600.0,20.0,0.5,0.00010609627,1702931600.0,Attack,Attack-TCP-Flag-ACK-PSH
44,24.0,0.5,1e-04,24,24.0,0.5,1e-04,20,65535,0.5,1702931600.0,22.0,0,0.0,1702931600.0,22.0,16384.0,1.0,1702931600.0,20.0,8192.0,0.0,1702931600.0,24,8192.0,1e-04,1702931600.0,24,1,0.00012207031,1702931600.0,24,1,0.00012207031,1702931600.0,24.0,0.5,0.00012207031,1702931600.0,Attack,Attack-TCP-Flag-ACK-PSH
40,0.0,0.5,0.1112,20,0.0,0.0,0.1112,20,0,0.5,0.0,20.0,62611,0.0,0.0,20.0,17.988682,0.0,0.0,20.0,17.988682,0.0,0.0,0,0.0,0.1112,0.0,0,1,0.11118102,0.0,0,1,0.11118102,0.11118102,0.0,0.0,0.11118102,0.1112,Attack,Attack-TCP-Flag-ACK-PSH
60,40.0,0.5,1e-04,40,40.0,0.5,1e-04,20,5808,0.5,1702931700.0,30.0,0,0.0,1702931700.0,30.0,21732.145,1.0,1702931700.0,20.0,10866.072,0.0,1702931700.0,40,10866.072,1e-04,1702931700.0,40,1,9.202957e-05,1702931700.0,40,1,9.202957e-05,1702931700.0,40.0,0.5,9.202957e-05,1702931700.0,Attack,Attack-TCP-Flag-ACK-PSH
40,0.0,0.5,0.111,20,0.0,0.0,0.111,20,0,0.5,0.0,20.0,62596,0.0,0.0,20.0,18.010233,0.0,0.0,20.0,18.010233,0.0,0.0,0,0.0,0.111,0.0,0,1,0.11104798,0.0,0,1,0.11104798,0.11104798,0.0,0.0,0.11104798,0.111,Attack,Attack-TCP-Flag-ACK-PSH
40,0.0,0.5,0.1078,20,0.0,0.0,0.1078,20,0,0.5,0.0,20.0,62594,0.0,0.0,20.0,18.55427,0.0,0.0,20.0,18.55427,0.0,0.0,0,0.0,0.1078,0.0,0,1,0.1077919,0.0,0,1,0.1077919,0.1077919,0.0,0.0,0.1077919,0.1078,Attack,Attack-TCP-Flag-ACK-PSH
20,20.0,1.0,1702931700.0,20,20.0,0.0,1702931700.0,20,0,0.0,1702931700.0,20.0,0,0.0,1702931700.0,20.0,0.0,0.0,1702931700.0,20.0,0.0,0.0,1702931700.0,20,0.0,1702931700.0,1702931700.0,20,1,1702931700.0,1702931700.0,20,0,1702931700.0,0.0,20.0,0.0,1702931700.0,0.0,Attack,Attack-TCP-Flag-ACK-PSH
40,0.0,0.5,0.1077,20,0.0,0.0,0.1077,20,0,0.5,0.0,20.0,62605,0.0,0.0,20.0,18.57288,0.0,0.0,20.0,18.57288,0.0,0.0,0,0.0,0.1077,0.0,0,1,0.1076839,0.0,0,1,0.1076839,0.1076839,0.0,0.0,0.1076839,0.1077,Attack,Attack-TCP-Flag-ACK-PSH
40,0.0,0.5,0.1076,20,0.0,0.0,0.1076,20,0,0.5,0.0,20.0,62605,0.0,0.0,20.0,18.579214,0.0,0.0,20.0,18.579214,0.0,0.0,0,0.0,0.1076,0.0,0,1,0.10764718,0.0,0,1,0.10764718,0.10764718,0.0,0.0,0.10764718,0.1076,Attack,Attack-TCP-Flag-ACK-PSH
20,20.0,1.0,1702931700.0,20,20.0,0.0,1702931700.0,20,0,0.0,1702931700.0,20.0,0,0.0,1702931700.0,20.0,0.0,0.0,1702931700.0,20.0,0.0,0.0,1702931700.0,20,0.0,1702931700.0,1702931700.0,20,1,1702931700.0,1702931700.0,20,0,1702931700.0,0.0,20.0,0.0,1702931700.0,0.0,Attack,Attack-TCP-Flag-ACK-PSH
40,0.0,0.5,0.1069,20,0.0,0.0,0.1069,20,0,0.5,0.0,20.0,62592,0.0,0.0,20.0,18.71396,0.0,0.0,20.0,18.71396,0.0,0.0,0,0.0,0.1069,0.0,0,1,0.10687208,0.0,0,1,0.10687208,0.10687208,0.0,0.0,0.10687208,0.1069,Attack,Attack-TCP-Flag-ACK-PSH
20,20.0,1.0,1702931700.0,20,20.0,0.0,1702931700.0,20,0,0.0,1702931700.0,20.0,0,0.0,1702931700.0,20.0,0.0,0.0,1702931700.0,20.0,0.0,0.0,1702931700.0,20,0.0,1702931700.0,1702931700.0,20,1,1702931700.0,1702931700.0,20,0,1702931700.0,0.0,20.0,0.0,1702931700.0,0.0,Attack,Attack-TCP-Flag-ACK-PSH
20,20.0,1.0,1702931700.0,20,20.0,0.0,1702931700.0,20,0,0.0,1702931700.0,20.0,0,0.0,1702931700.0,20.0,0.0,0.0,1702931700.0,20.0,0.0,0.0,1702931700.0,20,0.0,1702931700.0,1702931700.0,20,1,1702931700.0,1702931700.0,20,0,1702931700.0,0.0,20.0,0.0,1702931700.0,0.0,Attack,Attack-TCP-Flag-ACK-PSH
40,0.0,0.5,0.1101,20,0.0,0.0,0.1101,20,0,0.5,0.0,20.0,62611,0.0,0.0,20.0,18.1701,0.0,0.0,20.0,18.1701,0.0,0.0,0,0.0,0.1101,0.0,0,1,0.110070944,0.0,0,1,0.110070944,0.110070944,0.0,0.0,0.110070944,0.1101,Attack,Attack-TCP-Flag-ACK-PSH
40,0.0,0.5,0.1109,20,0.0,0.0,0.1109,20,0,0.5,0.0,20.0,62605,0.0,0.0,20.0,18.031176,0.0,0.0,20.0,18.031176,0.0,0.0,0,0.0,0.1109,0.0,0,1,0.110919,0.0,0,1,0.110919,0.110919,0.0,0.0,0.110919,0.1109,Attack,Attack-TCP-Flag-ACK-PSH
20,20.0,0.0,1702931700.0,20,20.0,1.0,1702931700.0,20,1024,0.0,1702931700.0,20.0,0,0.0,1702931700.0,20.0,0.0,1.0,1702931700.0,20.0,0.0,0.0,1702931700.0,20,0.0,1702931700.0,1702931700.0,20,0,1702931700.0,1702931700.0,20,0,1702931700.0,0.0,20.0,1.0,1702931700.0,0.0,Attack,Attack-TCP-Flag-ACK-PSH
20,20.0,1.0,1702931700.0,20,20.0,0.0,1702931700.0,20,1200,0.0,1702931700.0,20.0,0,0.0,1702931700.0,20.0,0.0,0.0,1702931700.0,20.0,0.0,0.0,1702931700.0,20,0.0,1702931700.0,1702931700.0,20,1,1702931700.0,1702931700.0,20,0,1702931700.0,0.0,20.0,0.0,1702931700.0,0.0,Attack,Attack-TCP-Flag-ACK-PSH
40,0.0,0.5,0.108,20,0.0,0.0,0.108,20,0,0.5,0.0,20.0,62605,0.0,0.0,20.0,18.51749,0.0,0.0,20.0,18.51749,0.0,0.0,0,0.0,0.108,0.0,0,1,0.108006,0.0,0,1,0.108006,0.108006,0.0,0.0,0.108006,0.108,Attack,Attack-TCP-Flag-ACK-PSH
40,0.0,0.5,0.1073,20,0.0,0.0,0.1073,20,0,0.5,0.0,20.0,62590,0.0,0.0,20.0,18.640398,0.0,0.0,20.0,18.640398,0.0,0.0,0,0.0,0.1073,0.0,0,1,0.107293844,0.0,0,1,0.107293844,0.107293844,0.0,0.0,0.107293844,0.1073,Attack,Attack-TCP-Flag-ACK-PSH
40,20.0,0.5,1e-04,20,20.0,0.5,1e-04,20,1024,0.5,1702931700.0,20.0,0,0.0,1702931700.0,20.0,17403.752,1.0,1702931700.0,20.0,8701.876,0.0,1702931700.0,20,8701.876,1e-04,1702931700.0,20,1,0.000114917755,1702931700.0,20,1,0.000114917755,1702931700.0,20.0,0.5,0.000114917755,1702931700.0,Attack,Attack-TCP-Flag-ACK-PSH
20,20.0,1.0,1702931700.0,20,20.0,0.0,1702931700.0,20,0,0.0,1702931700.0,20.0,0,0.0,1702931700.0,20.0,0.0,0.0,1702931700.0,20.0,0.0,0.0,1702931700.0,20,0.0,1702931700.0,1702931700.0,20,1,1702931700.0,1702931700.0,20,0,1702931700.0,0.0,20.0,0.0,1702931700.0,0.0,Attack,Attack-TCP-Flag-ACK-PSH
40,0.0,0.5,0.1091,20,0.0,0.0,0.1091,20,0,0.5,0.0,20.0,62592,0.0,0.0,20.0,18.329426,0.0,0.0,20.0,18.329426,0.0,0.0,0,0.0,0.1091,0.0,0,1,0.10911417,0.0,0,1,0.10911417,0.10911417,0.0,0.0,0.10911417,0.1091,Attack,Attack-TCP-Flag-ACK-PSH
24,24.0,0.0,1702931700.0,24,24.0,1.0,1702931700.0,24,1024,0.0,1702931700.0,24.0,0,0.0,1702931700.0,24.0,0.0,1.0,1702931700.0,24.0,0.0,0.0,1702931700.0,24,0.0,1702931700.0,1702931700.0,24,0,1702931700.0,1702931700.0,24,0,1702931700.0,0.0,24.0,1.0,1702931700.0,0.0,Attack,Attack-TCP-Flag-ACK-PSH
44,24.0,0.5,0.0002,24,24.0,0.5,0.0002,20,1024,0.5,1702931700.0,22.0,0,0.0,1702931700.0,22.0,8264.639,1.0,1702931700.0,20.0,4132.3193,0.0,1702931700.0,24,4132.3193,0.0002,1702931700.0,24,1,0.00024199486,1702931700.0,24,1,0.00024199486,1702931700.0,24.0,0.5,0.00024199486,1702931700.0,Attack,Attack-TCP-Flag-ACK-PSH
20,20.0,1.0,1702931700.0,20,20.0,0.0,1702931700.0,20,0,0.0,1702931700.0,20.0,0,0.0,1702931700.0,20.0,0.0,0.0,1702931700.0,20.0,0.0,0.0,1702931700.0,20,0.0,1702931700.0,1702931700.0,20,1,1702931700.0,1702931700.0,20,0,1702931700.0,0.0,20.0,0.0,1702931700.0,0.0,Attack,Attack-TCP-Flag-ACK-PSH
20,20.0,0.0,1702931700.0,20,20.0,1.0,1702931700.0,20,63540,0.0,1702931700.0,20.0,0,0.0,1702931700.0,20.0,0.0,1.0,1702931700.0,20.0,0.0,0.0,1702931700.0,20,0.0,1702931700.0,1702931700.0,20,0,1702931700.0,1702931700.0,20,0,1702931700.0,0.0,20.0,1.0,1702931700.0,0.0,Attack,Attack-TCP-Flag-ACK-PSH
40,0.0,0.5,0.11,20,0.0,0.0,0.11,20,0,0.5,0.0,20.0,62590,0.0,0.0,20.0,18.174587,0.0,0.0,20.0,18.174587,0.0,0.0,0,0.0,0.11,0.0,0,1,0.110043764,0.0,0,1,0.110043764,0.110043764,0.0,0.0,0.110043764,0.11,Attack,Attack-TCP-Flag-ACK-PSH
40,0.0,0.5,0.1079,20,0.0,0.0,0.1079,20,0,0.5,0.0,20.0,62592,0.0,0.0,20.0,18.538443,0.0,0.0,20.0,18.538443,0.0,0.0,0,0.0,0.1079,0.0,0,1,0.10788393,0.0,0,1,0.10788393,0.10788393,0.0,0.0,0.10788393,0.1079,Attack,Attack-TCP-Flag-ACK-PSH
40,20.0,0.5,1e-04,20,20.0,0.5,1e-04,20,65535,0.5,1702931700.0,20.0,0,0.0,1702931700.0,20.0,20020.545,1.0,1702931700.0,20.0,10010.272,0.0,1702931700.0,20,10010.272,1e-04,1702931700.0,20,1,9.9897385e-05,1702931700.0,20,1,9.9897385e-05,1702931700.0,20.0,0.5,9.9897385e-05,1702931700.0,Attack,Attack-TCP-Flag-ACK-PSH
24,24.0,0.0,1702931700.0,24,24.0,1.0,1702931700.0,24,65535,0.0,1702931700.0,24.0,0,0.0,1702931700.0,24.0,0.0,1.0,1702931700.0,24.0,0.0,0.0,1702931700.0,24,0.0,1702931700.0,1702931700.0,24,0,1702931700.0,1702931700.0,24,0,1702931700.0,0.0,24.0,1.0,1702931700.0,0.0,Attack,Attack-TCP-Flag-ACK-PSH
40,0.0,0.5,0.1068,20,0.0,0.0,0.1068,20,0,0.5,0.0,20.0,62611,0.0,0.0,20.0,18.72081,0.0,0.0,20.0,18.72081,0.0,0.0,0,0.0,0.1068,0.0,0,1,0.10683298,0.0,0,1,0.10683298,0.10683298,0.0,0.0,0.10683298,0.1068,Attack,Attack-TCP-Flag-ACK-PSH
364,20.0,0.05882353,0.026,32,20.0,0.05882353,0.0,20,8192,0.0,0.1888,21.4118,64000,0.7,1.113492,20.0,10.00296,0.1,0.0,20.0,4.118866,0.71428573,1.699497,212,5.8840938,0.1062,0.1117,32,1,0.9578941,0.0,20,0,0.0,1.588177,21.2,0.11764706,1.699497,0.1116,Attack,Attack-TCP-Flag-ACK-PSH
20,20.0,1.0,1702931700.0,20,20.0,0.0,1702931700.0,20,0,0.0,1702931700.0,20.0,0,0.0,1702931700.0,20.0,0.0,0.0,1702931700.0,20.0,0.0,0.0,1702931700.0,20,0.0,1702931700.0,1702931700.0,20,1,1702931700.0,1702931700.0,20,0,1702931700.0,0.0,20.0,0.0,1702931700.0,0.0,Attack,Attack-TCP-Flag-ACK-PSH
40,20.0,0.5,1e-04,20,20.0,0.5,1e-04,20,1024,0.5,1702931700.0,20.0,0,0.0,1702931700.0,20.0,24105.195,1.0,1702931700.0,20.0,12052.598,0.0,1702931700.0,20,12052.598,1e-04,1702931700.0,20,1,8.2969666e-05,1702931700.0,20,1,8.2969666e-05,1702931700.0,20.0,0.5,8.2969666e-05,1702931700.0,Attack,Attack-TCP-Flag-ACK-PSH
20,20.0,1.0,1702931700.0,20,20.0,0.0,1702931700.0,20,0,0.0,1702931700.0,20.0,0,0.0,1702931700.0,20.0,0.0,0.0,1702931700.0,20.0,0.0,0.0,1702931700.0,20,0.0,1702931700.0,1702931700.0,20,1,1702931700.0,1702931700.0,20,0,1702931700.0,0.0,20.0,0.0,1702931700.0,0.0,Attack,Attack-TCP-Flag-ACK-PSH
40,0.0,0.5,0.1109,20,0.0,0.0,0.1109,20,0,0.5,0.0,20.0,62596,0.0,0.0,20.0,18.035402,0.0,0.0,20.0,18.035402,0.0,0.0,0,0.0,0.1109,0.0,0,1,0.11089301,0.0,0,1,0.11089301,0.11089301,0.0,0.0,0.11089301,0.1109,Attack,Attack-TCP-Flag-ACK-PSH
40,0.0,0.5,0.1109,20,0.0,0.0,0.1109,20,0,0.5,0.0,20.0,62599,0.0,0.0,20.0,18.03168,0.0,0.0,20.0,18.03168,0.0,0.0,0,0.0,0.1109,0.0,0,1,0.1109159,0.0,0,1,0.1109159,0.1109159,0.0,0.0,0.1109159,0.1109,Attack,Attack-TCP-Flag-ACK-PSH
40,20.0,0.5,1e-04,20,20.0,0.5,1e-04,20,1024,0.5,1702931700.0,20.0,0,0.0,1702931700.0,20.0,27060.025,1.0,1702931700.0,20.0,13530.013,0.0,1702931700.0,20,13530.013,1e-04,1702931700.0,20,1,7.390976e-05,1702931700.0,20,1,7.390976e-05,1702931700.0,20.0,0.5,7.390976e-05,1702931700.0,Attack,Attack-TCP-Flag-ACK-PSH
40,0.0,0.5,0.111,20,0.0,0.0,0.111,20,0,0.5,0.0,20.0,62596,0.0,0.0,20.0,18.023853,0.0,0.0,20.0,18.023853,0.0,0.0,0,0.0,0.111,0.0,0,1,0.11096406,0.0,0,1,0.11096406,0.11096406,0.0,0.0,0.11096406,0.111,Attack,Attack-TCP-Flag-ACK-PSH
24,24.0,0.0,1702931700.0,24,24.0,1.0,1702931700.0,24,1025,0.0,1702931700.0,24.0,0,0.0,1702931700.0,24.0,0.0,1.0,1702931700.0,24.0,0.0,0.0,1702931700.0,24,0.0,1702931700.0,1702931700.0,24,0,1702931700.0,1702931700.0,24,0,1702931700.0,0.0,24.0,1.0,1702931700.0,0.0,Attack,Attack-TCP-Flag-ACK-PSH
40,0.0,0.5,0.111,20,0.0,0.0,0.111,20,0,0.5,0.0,20.0,62605,0.0,0.0,20.0,18.010078,0.0,0.0,20.0,18.010078,0.0,0.0,0,0.0,0.111,0.0,0,1,0.11104894,0.0,0,1,0.11104894,0.11104894,0.0,0.0,0.11104894,0.111,Attack,Attack-TCP-Flag-ACK-PSH
40,0.0,0.5,0.111,20,0.0,0.0,0.111,20,0,0.5,0.0,20.0,62602,0.0,0.0,20.0,18.011856,0.0,0.0,20.0,18.011856,0.0,0.0,0,0.0,0.111,0.0,0,1,0.11103797,0.0,0,1,0.11103797,0.11103797,0.0,0.0,0.11103797,0.111,Attack,Attack-TCP-Flag-ACK-PSH
20,20.0,0.0,1702931700.0,20,20.0,1.0,1702931700.0,20,1024,0.0,1702931700.0,20.0,0,0.0,1702931700.0,20.0,0.0,1.0,1702931700.0,20.0,0.0,0.0,1702931700.0,20,0.0,1702931700.0,1702931700.0,20,0,1702931700.0,1702931700.0,20,0,1702931700.0,0.0,20.0,1.0,1702931700.0,0.0,Attack,Attack-TCP-Flag-ACK-PSH
40,20.0,0.5,0.0006,20,20.0,0.5,0.0006,20,1024,0.5,1702931700.0,20.0,0,0.0,1702931700.0,20.0,3396.1975,1.0,1702931700.0,20.0,1698.0988,0.0,1702931700.0,20,1698.0988,0.0006,1702931700.0,20,1,0.0005888939,1702931700.0,20,1,0.0005888939,1702931700.0,20.0,0.5,0.0005888939,1702931700.0,Attack,Attack-TCP-Flag-ACK-PSH
20,20.0,1.0,1702931700.0,20,20.0,0.0,1702931700.0,20,0,0.0,1702931700.0,20.0,0,0.0,1702931700.0,20.0,0.0,0.0,1702931700.0,20.0,0.0,0.0,1702931700.0,20,0.0,1702931700.0,1702931700.0,20,1,1702931700.0,1702931700.0,20,0,1702931700.0,0.0,20.0,0.0,1702931700.0,0.0,Attack,Attack-TCP-Flag-ACK-PSH
24,24.0,0.0,1702931700.0,24,24.0,1.0,1702931700.0,24,1025,0.0,1702931700.0,24.0,0,0.0,1702931700.0,24.0,0.0,1.0,1702931700.0,24.0,0.0,0.0,1702931700.0,24,0.0,1702931700.0,1702931700.0,24,0,1702931700.0,1702931700.0,24,0,1702931700.0,0.0,24.0,1.0,1702931700.0,0.0,Attack,Attack-TCP-Flag-ACK-PSH
40,0.0,0.5,0.1061,20,0.0,0.0,0.1061,20,0,0.5,0.0,20.0,62596,0.0,0.0,20.0,18.851736,0.0,0.0,20.0,18.851736,0.0,0.0,0,0.0,0.1061,0.0,0,1,0.10609102,0.0,0,1,0.10609102,0.10609102,0.0,0.0,0.10609102,0.1061,Attack,Attack-TCP-Flag-ACK-PSH
40,0.0,0.5,0.1111,20,0.0,0.0,0.1111,20,0,0.5,0.0,20.0,62605,0.0,0.0,20.0,18.008106,0.0,0.0,20.0,18.008106,0.0,0.0,0,0.0,0.1111,0.0,0,1,0.111061096,0.0,0,1,0.111061096,0.111061096,0.0,0.0,0.111061096,0.1111,Attack,Attack-TCP-Flag-ACK-PSH
40,20.0,0.5,0.0002,20,20.0,0.5,0.0002,20,65535,0.5,1702931700.0,20.0,0,0.0,1702931700.0,20.0,12122.266,1.0,1702931700.0,20.0,6061.133,0.0,1702931700.0,20,6061.133,0.0002,1702931700.0,20,1,0.00016498566,1702931700.0,20,1,0.00016498566,1702931700.0,20.0,0.5,0.00016498566,1702931700.0,Attack,Attack-TCP-Flag-ACK-PSH
24,24.0,0.0,1702931700.0,24,24.0,1.0,1702931700.0,24,1025,0.0,1702931700.0,24.0,0,0.0,1702931700.0,24.0,0.0,1.0,1702931700.0,24.0,0.0,0.0,1702931700.0,24,0.0,1702931700.0,1702931700.0,24,0,1702931700.0,1702931700.0,24,0,1702931700.0,0.0,24.0,1.0,1702931700.0,0.0,Attack,Attack-TCP-Flag-ACK-PSH
44,24.0,0.5,1e-04,24,24.0,0.5,1e-04,20,1024,0.5,1702931700.0,22.0,0,0.0,1702931700.0,22.0,27776.848,1.0,1702931700.0,20.0,13888.424,0.0,1702931700.0,24,13888.424,1e-04,1702931700.0,24,1,7.200241e-05,1702931700.0,24,1,7.200241e-05,1702931700.0,24.0,0.5,7.200241e-05,1702931700.0,Attack,Attack-TCP-Flag-ACK-PSH
20,20.0,0.0,1702931700.0,20,20.0,1.0,1702931700.0,20,65535,0.0,1702931700.0,20.0,0,0.0,1702931700.0,20.0,0.0,1.0,1702931700.0,20.0,0.0,0.0,1702931700.0,20,0.0,1702931700.0,1702931700.0,20,0,1702931700.0,1702931700.0,20,0,1702931700.0,0.0,20.0,1.0,1702931700.0,0.0,Attack,Attack-TCP-Flag-ACK-PSH
40,0.0,0.5,0.1113,20,0.0,0.0,0.1113,20,0,0.5,0.0,20.0,62611,0.0,0.0,20.0,17.972841,0.0,0.0,20.0,17.972841,0.0,0.0,0,0.0,0.1113,0.0,0,1,0.11127901,0.0,0,1,0.11127901,0.11127901,0.0,0.0,0.11127901,0.1113,Attack,Attack-TCP-Flag-ACK-PSH
40,0.0,0.5,0.11,20,0.0,0.0,0.11,20,0,0.5,0.0,20.0,62605,0.0,0.0,20.0,18.181166,0.0,0.0,20.0,18.181166,0.0,0.0,0,0.0,0.11,0.0,0,1,0.11000395,0.0,0,1,0.11000395,0.11000395,0.0,0.0,0.11000395,0.11,Attack,Attack-TCP-Flag-ACK-PSH
24,24.0,0.0,1702931700.0,24,24.0,1.0,1702931700.0,24,65535,0.0,1702931700.0,24.0,0,0.0,1702931700.0,24.0,0.0,1.0,1702931700.0,24.0,0.0,0.0,1702931700.0,24,0.0,1702931700.0,1702931700.0,24,0,1702931700.0,1702931700.0,24,0,1702931700.0,0.0,24.0,1.0,1702931700.0,0.0,Attack,Attack-TCP-Flag-ACK-PSH
40,0.0,0.5,0.1089,20,0.0,0.0,0.1089,20,0,0.5,0.0,20.0,62596,0.0,0.0,20.0,18.360395,0.0,0.0,20.0,18.360395,0.0,0.0,0,0.0,0.1089,0.0,0,1,0.10893011,0.0,0,1,0.10893011,0.10893011,0.0,0.0,0.10893011,0.1089,Attack,Attack-TCP-Flag-ACK-PSH
40,0.0,0.5,0.1117,20,0.0,0.0,0.1117,20,0,0.5,0.0,20.0,62602,0.0,0.0,20.0,17.911669,0.0,0.0,20.0,17.911669,0.0,0.0,0,0.0,0.1117,0.0,0,1,0.11165905,0.0,0,1,0.11165905,0.11165905,0.0,0.0,0.11165905,0.1117,Attack,Attack-TCP-Flag-ACK-PSH
20,20.0,1.0,1702931700.0,20,20.0,0.0,1702931700.0,20,0,0.0,1702931700.0,20.0,0,0.0,1702931700.0,20.0,0.0,0.0,1702931700.0,20.0,0.0,0.0,1702931700.0,20,0.0,1702931700.0,1702931700.0,20,1,1702931700.0,1702931700.0,20,0,1702931700.0,0.0,20.0,0.0,1702931700.0,0.0,Attack,Attack-TCP-Flag-ACK-PSH
20,20.0,1.0,1702931700.0,20,20.0,0.0,1702931700.0,20,0,0.0,1702931700.0,20.0,0,0.0,1702931700.0,20.0,0.0,0.0,1702931700.0,20.0,0.0,0.0,1702931700.0,20,0.0,1702931700.0,1702931700.0,20,1,1702931700.0,1702931700.0,20,0,1702931700.0,0.0,20.0,0.0,1702931700.0,0.0,Attack,Attack-TCP-Flag-ACK-PSH
40,0.0,0.5,0.1079,20,0.0,0.0,0.1079,20,0,0.5,0.0,20.0,62614,0.0,0.0,20.0,18.543934,0.0,0.0,20.0,18.543934,0.0,0.0,0,0.0,0.1079,0.0,0,1,0.10785198,0.0,0,1,0.10785198,0.10785198,0.0,0.0,0.10785198,0.1079,Attack,Attack-TCP-Flag-ACK-PSH
40,0.0,0.5,0.1079,20,0.0,0.0,0.1079,20,0,0.5,0.0,20.0,62605,0.0,0.0,20.0,18.533241,0.0,0.0,20.0,18.533241,0.0,0.0,0,0.0,0.1079,0.0,0,1,0.10791421,0.0,0,1,0.10791421,0.10791421,0.0,0.0,0.10791421,0.1079,Attack,Attack-TCP-Flag-ACK-PSH
40,0.0,0.5,0.108,20,0.0,0.0,0.108,20,0,0.5,0.0,20.0,62599,0.0,0.0,20.0,18.510666,0.0,0.0,20.0,18.510666,0.0,0.0,0,0.0,0.108,0.0,0,1,0.10804582,0.0,0,1,0.10804582,0.10804582,0.0,0.0,0.10804582,0.108,Attack,Attack-TCP-Flag-ACK-PSH
40,0.0,0.5,0.1111,20,0.0,0.0,0.1111,20,0,0.5,0.0,20.0,62596,0.0,0.0,20.0,18.008608,0.0,0.0,20.0,18.008608,0.0,0.0,0,0.0,0.1111,0.0,0,1,0.111058,0.0,0,1,0.111058,0.111058,0.0,0.0,0.111058,0.1111,Attack,Attack-TCP-Flag-ACK-PSH
40,0.0,0.5,0.1102,20,0.0,0.0,0.1102,20,0,0.5,0.0,20.0,62602,0.0,0.0,20.0,18.155745,0.0,0.0,20.0,18.155745,0.0,0.0,0,0.0,0.1102,0.0,0,1,0.11015797,0.0,0,1,0.11015797,0.11015797,0.0,0.0,0.11015797,0.1102,Attack,Attack-TCP-Flag-ACK-PSH
40,0.0,0.5,0.1078,20,0.0,0.0,0.1078,20,0,0.5,0.0,20.0,62592,0.0,0.0,20.0,18.5491,0.0,0.0,20.0,18.5491,0.0,0.0,0,0.0,0.1078,0.0,0,1,0.10782194,0.0,0,1,0.10782194,0.10782194,0.0,0.0,0.10782194,0.1078,Attack,Attack-TCP-Flag-ACK-PSH
40,0.0,0.5,0.111,20,0.0,0.0,0.111,20,0,0.5,0.0,20.0,62602,0.0,0.0,20.0,18.01704,0.0,0.0,20.0,18.01704,0.0,0.0,0,0.0,0.111,0.0,0,1,0.11100602,0.0,0,1,0.11100602,0.11100602,0.0,0.0,0.11100602,0.111,Attack,Attack-TCP-Flag-ACK-PSH
20,20.0,0.0,1702931700.0,20,20.0,1.0,1702931700.0,20,1024,0.0,1702931700.0,20.0,0,0.0,1702931700.0,20.0,0.0,1.0,1702931700.0,20.0,0.0,0.0,1702931700.0,20,0.0,1702931700.0,1702931700.0,20,0,1702931700.0,1702931700.0,20,0,1702931700.0,0.0,20.0,1.0,1702931700.0,0.0,Attack,Attack-TCP-Flag-ACK-PSH
40,0.0,0.5,0.1108,20,0.0,0.0,0.1108,20,0,0.5,0.0,20.0,62608,0.0,0.0,20.0,18.055626,0.0,0.0,20.0,18.055626,0.0,0.0,0,0.0,0.1108,0.0,0,1,0.110768795,0.0,0,1,0.110768795,0.110768795,0.0,0.0,0.110768795,0.1108,Attack,Attack-TCP-Flag-ACK-PSH
40,0.0,0.5,0.108,20,0.0,0.0,0.108,20,0,0.5,0.0,20.0,62596,0.0,0.0,20.0,18.526937,0.0,0.0,20.0,18.526937,0.0,0.0,0,0.0,0.108,0.0,0,1,0.107950926,0.0,0,1,0.107950926,0.107950926,0.0,0.0,0.107950926,0.108,Attack,Attack-TCP-Flag-ACK-PSH
40,20.0,0.5,0.0002,20,20.0,0.5,0.0002,20,65535,0.5,1702931700.0,20.0,0,0.0,1702931700.0,20.0,9903.905,1.0,1702931700.0,20.0,4951.9526,0.0,1702931700.0,20,4951.9526,0.0002,1702931700.0,20,1,0.00020194054,1702931700.0,20,1,0.00020194054,1702931700.0,20.0,0.5,0.00020194054,1702931700.0,Attack,Attack-TCP-Flag-ACK-PSH
24,24.0,0.0,1702931700.0,24,24.0,1.0,1702931700.0,24,65535,0.0,1702931700.0,24.0,0,0.0,1702931700.0,24.0,0.0,1.0,1702931700.0,24.0,0.0,0.0,1702931700.0,24,0.0,1702931700.0,1702931700.0,24,0,1702931700.0,1702931700.0,24,0,1702931700.0,0.0,24.0,1.0,1702931700.0,0.0,Attack,Attack-TCP-Flag-ACK-PSH
20,20.0,1.0,1702931700.0,20,20.0,0.0,1702931700.0,20,0,0.0,1702931700.0,20.0,0,0.0,1702931700.0,20.0,0.0,0.0,1702931700.0,20.0,0.0,0.0,1702931700.0,20,0.0,1702931700.0,1702931700.0,20,1,1702931700.0,1702931700.0,20,0,1702931700.0,0.0,20.0,0.0,1702931700.0,0.0,Attack,Attack-TCP-Flag-ACK-PSH
20,20.0,1.0,1702931700.0,20,20.0,0.0,1702931700.0,20,0,0.0,1702931700.0,20.0,0,0.0,1702931700.0,20.0,0.0,0.0,1702931700.0,20.0,0.0,0.0,1702931700.0,20,0.0,1702931700.0,1702931700.0,20,1,1702931700.0,1702931700.0,20,0,1702931700.0,0.0,20.0,0.0,1702931700.0,0.0,Attack,Attack-TCP-Flag-ACK-PSH
40,0.0,0.5,0.1111,20,0.0,0.0,0.1111,20,0,0.5,0.0,20.0,62611,0.0,0.0,20.0,18.009228,0.0,0.0,20.0,18.009228,0.0,0.0,0,0.0,0.1111,0.0,0,1,0.11105418,0.0,0,1,0.11105418,0.11105418,0.0,0.0,0.11105418,0.1111,Attack,Attack-TCP-Flag-ACK-PSH
40,0.0,0.5,0.111,20,0.0,0.0,0.111,20,0,0.5,0.0,20.0,62608,0.0,0.0,20.0,18.025015,0.0,0.0,20.0,18.025015,0.0,0.0,0,0.0,0.111,0.0,0,1,0.11095691,0.0,0,1,0.11095691,0.11095691,0.0,0.0,0.11095691,0.111,Attack,Attack-TCP-Flag-ACK-PSH
40,0.0,0.5,0.1076,20,0.0,0.0,0.1076,20,0,0.5,0.0,20.0,62611,0.0,0.0,20.0,18.586294,0.0,0.0,20.0,18.586294,0.0,0.0,0,0.0,0.1076,0.0,0,1,0.10760617,0.0,0,1,0.10760617,0.10760617,0.0,0.0,0.10760617,0.1076,Attack,Attack-TCP-Flag-ACK-PSH
40,0.0,0.5,0.111,20,0.0,0.0,0.111,20,0,0.5,0.0,20.0,62608,0.0,0.0,20.0,18.02548,0.0,0.0,20.0,18.02548,0.0,0.0,0,0.0,0.111,0.0,0,1,0.110954046,0.0,0,1,0.110954046,0.110954046,0.0,0.0,0.110954046,0.111,Attack,Attack-TCP-Flag-ACK-PSH
40,0.0,0.5,0.1113,20,0.0,0.0,0.1113,20,0,0.5,0.0,20.0,62599,0.0,0.0,20.0,17.97492,0.0,0.0,20.0,17.97492,0.0,0.0,0,0.0,0.1113,0.0,0,1,0.111266136,0.0,0,1,0.111266136,0.111266136,0.0,0.0,0.111266136,0.1113,Attack,Attack-TCP-Flag-ACK-PSH
40,0.0,0.5,0.1108,20,0.0,0.0,0.1108,20,0,0.5,0.0,20.0,62605,0.0,0.0,20.0,18.055431,0.0,0.0,20.0,18.055431,0.0,0.0,0,0.0,0.1108,0.0,0,1,0.11076999,0.0,0,1,0.11076999,0.11076999,0.0,0.0,0.11076999,0.1108,Attack,Attack-TCP-Flag-ACK-PSH
40,0.0,0.5,0.1103,20,0.0,0.0,0.1103,20,0,0.5,0.0,20.0,62602,0.0,0.0,20.0,18.13024,0.0,0.0,20.0,18.13024,0.0,0.0,0,0.0,0.1103,0.0,0,1,0.11031294,0.0,0,1,0.11031294,0.11031294,0.0,0.0,0.11031294,0.1103,Attack,Attack-TCP-Flag-ACK-PSH
20,20.0,0.0,1702931700.0,20,20.0,1.0,1702931700.0,20,1024,0.0,1702931700.0,20.0,0,0.0,1702931700.0,20.0,0.0,1.0,1702931700.0,20.0,0.0,0.0,1702931700.0,20,0.0,1702931700.0,1702931700.0,20,0,1702931700.0,1702931700.0,20,0,1702931700.0,0.0,20.0,1.0,1702931700.0,0.0,Attack,Attack-TCP-Flag-ACK-PSH
40,0.0,0.5,0.1095,20,0.0,0.0,0.1095,20,0,0.5,0.0,20.0,62596,0.0,0.0,20.0,18.272331,0.0,0.0,20.0,18.272331,0.0,0.0,0,0.0,0.1095,0.0,0,1,0.10945511,0.0,0,1,0.10945511,0.10945511,0.0,0.0,0.10945511,0.1095,Attack,Attack-TCP-Flag-ACK-PSH
40,20.0,0.5,0.0002,20,20.0,0.5,0.0002,20,1024,0.5,1702931700.0,20.0,0,0.0,1702931700.0,20.0,10810.062,1.0,1702931700.0,20.0,5405.031,0.0,1702931700.0,20,5405.031,0.0002,1702931700.0,20,1,0.00018501282,1702931700.0,20,1,0.00018501282,1702931700.0,20.0,0.5,0.00018501282,1702931700.0,Attack,Attack-TCP-Flag-ACK-PSH
40,0.0,0.5,0.1107,20,0.0,0.0,0.1107,20,0,0.5,0.0,20.0,62599,0.0,0.0,20.0,18.069433,0.0,0.0,20.0,18.069433,0.0,0.0,0,0.0,0.1107,0.0,0,1,0.11068416,0.0,0,1,0.11068416,0.11068416,0.0,0.0,0.11068416,0.1107,Attack,Attack-TCP-Flag-ACK-PSH
24,24.0,0.0,1702931700.0,24,24.0,1.0,1702931700.0,24,27898,0.0,1702931700.0,24.0,0,0.0,1702931700.0,24.0,0.0,1.0,1702931700.0,24.0,0.0,0.0,1702931700.0,24,0.0,1702931700.0,1702931700.0,24,0,1702931700.0,1702931700.0,24,0,1702931700.0,0.0,24.0,1.0,1702931700.0,0.0,Attack,Attack-TCP-Flag-ACK-PSH
40,0.0,0.5,0.1077,20,0.0,0.0,0.1077,20,0,0.5,0.0,20.0,62592,0.0,0.0,20.0,18.561825,0.0,0.0,20.0,18.561825,0.0,0.0,0,0.0,0.1077,0.0,0,1,0.10774803,0.0,0,1,0.10774803,0.10774803,0.0,0.0,0.10774803,0.1077,Attack,Attack-TCP-Flag-ACK-PSH
20,20.0,1.0,1702931700.0,20,20.0,0.0,1702931700.0,20,0,0.0,1702931700.0,20.0,0,0.0,1702931700.0,20.0,0.0,0.0,1702931700.0,20.0,0.0,0.0,1702931700.0,20,0.0,1702931700.0,1702931700.0,20,1,1702931700.0,1702931700.0,20,0,1702931700.0,0.0,20.0,0.0,1702931700.0,0.0,Attack,Attack-TCP-Flag-ACK-PSH
40,0.0,0.5,0.1081,20,0.0,0.0,0.1081,20,0,0.5,0.0,20.0,62592,0.0,0.0,20.0,18.503439,0.0,0.0,20.0,18.503439,0.0,0.0,0,0.0,0.1081,0.0,0,1,0.10808802,0.0,0,1,0.10808802,0.10808802,0.0,0.0,0.10808802,0.1081,Attack,Attack-TCP-Flag-ACK-PSH
40,0.0,0.5,0.1058,20,0.0,0.0,0.1058,20,0,0.5,0.0,20.0,62596,0.0,0.0,20.0,18.899986,0.0,0.0,20.0,18.899986,0.0,0.0,0,0.0,0.1058,0.0,0,1,0.10582018,0.0,0,1,0.10582018,0.10582018,0.0,0.0,0.10582018,0.1058,Attack,Attack-TCP-Flag-ACK-PSH
40,0.0,0.5,0.1108,20,0.0,0.0,0.1108,20,0,0.5,0.0,20.0,62599,0.0,0.0,20.0,18.052013,0.0,0.0,20.0,18.052013,0.0,0.0,0,0.0,0.1108,0.0,0,1,0.11079097,0.0,0,1,0.11079097,0.11079097,0.0,0.0,0.11079097,0.1108,Attack,Attack-TCP-Flag-ACK-PSH
40,40.0,0.0,1702931700.0,40,40.0,0.0,1702931700.0,40,0,0.0,1702931700.0,40.0,0,0.0,1702931700.0,40.0,0.0,0.0,1702931700.0,40.0,0.0,0.0,1702931700.0,40,0.0,1702931700.0,1702931700.0,40,0,1702931700.0,1702931700.0,40,0,1702931700.0,0.0,40.0,0.0,1702931700.0,0.0,Attack,Attack-TCP-Flag-ACK-PSH
40,0.0,0.5,0.1109,20,0.0,0.0,0.1109,20,0,0.5,0.0,20.0,62588,0.0,0.0,20.0,18.029045,0.0,0.0,20.0,18.029045,0.0,0.0,0,0.0,0.1109,0.0,0,1,0.11093211,0.0,0,1,0.11093211,0.11093211,0.0,0.0,0.11093211,0.1109,Attack,Attack-TCP-Flag-ACK-PSH
60,40.0,0.5,0.0008,40,40.0,0.5,0.0008,20,29200,0.5,1702931700.0,30.0,0,0.0,1702931700.0,30.0,2624.721,1.0,1702931700.0,20.0,1312.3605,0.0,1702931700.0,40,1312.3605,0.0008,1702931700.0,40,1,0.0007619858,1702931700.0,40,1,0.0007619858,1702931700.0,40.0,0.5,0.0007619858,1702931700.0,Attack,Attack-TCP-Flag-ACK-PSH
40,0.0,0.5,0.1103,20,0.0,0.0,0.1103,20,0,0.5,0.0,20.0,62592,0.0,0.0,20.0,18.134983,0.0,0.0,20.0,18.134983,0.0,0.0,0,0.0,0.1103,0.0,0,1,0.11028409,0.0,0,1,0.11028409,0.11028409,0.0,0.0,0.11028409,0.1103,Attack,Attack-TCP-Flag-ACK-PSH
24,24.0,0.0,1702931700.0,24,24.0,1.0,1702931700.0,24,65535,0.0,1702931700.0,24.0,0,0.0,1702931700.0,24.0,0.0,1.0,1702931700.0,24.0,0.0,0.0,1702931700.0,24,0.0,1702931700.0,1702931700.0,24,0,1702931700.0,1702931700.0,24,0,1702931700.0,0.0,24.0,1.0,1702931700.0,0.0,Attack,Attack-TCP-Flag-ACK-PSH
40,0.0,0.5,0.1081,20,0.0,0.0,0.1081,20,0,0.5,0.0,20.0,62602,0.0,0.0,20.0,18.508053,0.0,0.0,20.0,18.508053,0.0,0.0,0,0.0,0.1081,0.0,0,1,0.108061075,0.0,0,1,0.108061075,0.108061075,0.0,0.0,0.108061075,0.1081,Attack,Attack-TCP-Flag-ACK-PSH
44,24.0,0.5,1e-04,24,24.0,0.5,1e-04,20,65535,0.5,1702931700.0,22.0,0,0.0,1702931700.0,22.0,15621.244,1.0,1702931700.0,20.0,7810.622,0.0,1702931700.0,24,7810.622,1e-04,1702931700.0,24,1,0.00012803078,1702931700.0,24,1,0.00012803078,1702931700.0,24.0,0.5,0.00012803078,1702931700.0,Attack,Attack-TCP-Flag-ACK-PSH
52,32.0,0.5,1e-04,32,32.0,0.5,1e-04,20,1024,0.5,1702931700.0,26.0,0,0.0,1702931700.0,26.0,25653.236,1.0,1702931700.0,20.0,12826.618,0.0,1702931700.0,32,12826.618,1e-04,1702931700.0,32,1,7.7962875e-05,1702931700.0,32,1,7.7962875e-05,1702931700.0,32.0,0.5,7.7962875e-05,1702931700.0,Attack,Attack-TCP-Flag-ACK-PSH
24,24.0,0.0,1702931700.0,24,24.0,1.0,1702931700.0,24,1025,0.0,1702931700.0,24.0,0,0.0,1702931700.0,24.0,0.0,1.0,1702931700.0,24.0,0.0,0.0,1702931700.0,24,0.0,1702931700.0,1702931700.0,24,0,1702931700.0,1702931700.0,24,0,1702931700.0,0.0,24.0,1.0,1702931700.0,0.0,Attack,Attack-TCP-Flag-ACK-PSH
20,20.0,1.0,1702931700.0,20,20.0,0.0,1702931700.0,20,0,0.0,1702931700.0,20.0,0,0.0,1702931700.0,20.0,0.0,0.0,1702931700.0,20.0,0.0,0.0,1702931700.0,20,0.0,1702931700.0,1702931700.0,20,1,1702931700.0,1702931700.0,20,0,1702931700.0,0.0,20.0,0.0,1702931700.0,0.0,Attack,Attack-TCP-Flag-ACK-PSH
52,32.0,0.5,1e-04,32,32.0,0.5,1e-04,20,1024,0.5,1702931700.0,26.0,0,0.0,1702931700.0,26.0,19831.225,1.0,1702931700.0,20.0,9915.612,0.0,1702931700.0,32,9915.612,1e-04,1702931700.0,32,1,0.00010085106,1702931700.0,32,1,0.00010085106,1702931700.0,32.0,0.5,0.00010085106,1702931700.0,Attack,Attack-TCP-Flag-ACK-PSH
40,0.0,0.5,0.1109,20,0.0,0.0,0.1109,20,0,0.5,0.0,20.0,62590,0.0,0.0,20.0,18.027107,0.0,0.0,20.0,18.027107,0.0,0.0,0,0.0,0.1109,0.0,0,1,0.11094403,0.0,0,1,0.11094403,0.11094403,0.0,0.0,0.11094403,0.1109,Attack,Attack-TCP-Flag-ACK-PSH
40,0.0,0.5,0.1111,20,0.0,0.0,0.1111,20,0,0.5,0.0,20.0,62588,0.0,0.0,20.0,18.005516,0.0,0.0,20.0,18.005516,0.0,0.0,0,0.0,0.1111,0.0,0,1,0.11107707,0.0,0,1,0.11107707,0.11107707,0.0,0.0,0.11107707,0.1111,Attack,Attack-TCP-Flag-ACK-PSH
40,0.0,0.5,0.111,20,0.0,0.0,0.111,20,0,0.5,0.0,20.0,62611,0.0,0.0,20.0,18.015919,0.0,0.0,20.0,18.015919,0.0,0.0,0,0.0,0.111,0.0,0,1,0.111012936,0.0,0,1,0.111012936,0.111012936,0.0,0.0,0.111012936,0.111,Attack,Attack-TCP-Flag-ACK-PSH
20,20.0,1.0,1702931700.0,20,20.0,0.0,1702931700.0,20,0,0.0,1702931700.0,20.0,0,0.0,1702931700.0,20.0,0.0,0.0,1702931700.0,20.0,0.0,0.0,1702931700.0,20,0.0,1702931700.0,1702931700.0,20,1,1702931700.0,1702931700.0,20,0,1702931700.0,0.0,20.0,0.0,1702931700.0,0.0,Attack,Attack-TCP-Flag-ACK-PSH
40,0.0,0.5,0.1091,20,0.0,0.0,0.1091,20,0,0.5,0.0,20.0,62594,0.0,0.0,20.0,18.33199,0.0,0.0,20.0,18.33199,0.0,0.0,0,0.0,0.1091,0.0,0,1,0.10909891,0.0,0,1,0.10909891,0.10909891,0.0,0.0,0.10909891,0.1091,Attack,Attack-TCP-Flag-ACK-PSH
40,0.0,0.5,0.1071,20,0.0,0.0,0.1071,20,0,0.5,0.0,20.0,62599,0.0,0.0,20.0,18.672056,0.0,0.0,20.0,18.672056,0.0,0.0,0,0.0,0.1071,0.0,0,1,0.10711193,0.0,0,1,0.10711193,0.10711193,0.0,0.0,0.10711193,0.1071,Attack,Attack-TCP-Flag-ACK-PSH
40,20.0,0.5,1e-04,20,20.0,0.5,1e-04,20,65535,0.5,1702931700.0,20.0,0,0.0,1702931700.0,20.0,19065.018,1.0,1702931700.0,20.0,9532.509,0.0,1702931700.0,20,9532.509,1e-04,1702931700.0,20,1,0.000104904175,1702931700.0,20,1,0.000104904175,1702931700.0,20.0,0.5,0.000104904175,1702931700.0,Attack,Attack-TCP-Flag-ACK-PSH
20,20.0,0.0,1702931700.0,20,20.0,1.0,1702931700.0,20,1024,0.0,1702931700.0,20.0,0,0.0,1702931700.0,20.0,0.0,1.0,1702931700.0,20.0,0.0,0.0,1702931700.0,20,0.0,1702931700.0,1702931700.0,20,0,1702931700.0,1702931700.0,20,0,1702931700.0,0.0,20.0,1.0,1702931700.0,0.0,Attack,Attack-TCP-Flag-ACK-PSH
40,0.0,0.5,0.1229,20,0.0,0.0,0.1229,20,0,0.5,0.0,20.0,62602,0.0,0.0,20.0,16.27816,0.0,0.0,20.0,16.27816,0.0,0.0,0,0.0,0.1229,0.0,0,1,0.12286401,0.0,0,1,0.12286401,0.12286401,0.0,0.0,0.12286401,0.1229,Attack,Attack-TCP-Flag-ACK-PSH
20,20.0,1.0,1702931700.0,20,20.0,0.0,1702931700.0,20,0,0.0,1702931700.0,20.0,0,0.0,1702931700.0,20.0,0.0,0.0,1702931700.0,20.0,0.0,0.0,1702931700.0,20,0.0,1702931700.0,1702931700.0,20,1,1702931700.0,1702931700.0,20,0,1702931700.0,0.0,20.0,0.0,1702931700.0,0.0,Attack,Attack-TCP-Flag-ACK-PSH
40,20.0,0.5,0.0002,20,20.0,0.5,0.0002,20,1024,0.5,1702932000.0,20.0,0,0.0,1702932000.0,20.0,12576.624,1.0,1702932000.0,20.0,6288.312,0.0,1702932000.0,20,6288.312,0.0002,1702932000.0,20,1,0.00015902519,1702932000.0,20,1,0.00015902519,1702932000.0,20.0,0.5,0.00015902519,1702932000.0,Attack,Attack-TCP-Flag-ACK-PSH
40,20.0,0.5,1e-04,20,20.0,0.5,1e-04,20,1024,0.5,1702932000.0,20.0,0,0.0,1702932000.0,20.0,16384.0,1.0,1702932000.0,20.0,8192.0,0.0,1702932000.0,20,8192.0,1e-04,1702932000.0,20,1,0.00012207031,1702932000.0,20,1,0.00012207031,1702932000.0,20.0,0.5,0.00012207031,1702932000.0,Attack,Attack-TCP-Flag-ACK-PSH
260,20.0,0.07692308,0.0255,20,20.0,0.0,0.0,20,256,0.0,0.242,20.0,63792,0.85714287,1.1184351,20.0,8.952496,0.0,2.0980835e-05,20.0,4.131921,0.6666667,1.4521091,140,4.8205743,0.121,0.111,20,1,0.95855093,0.0,20,0,2.0980835e-05,1.451514,20.0,0.0,1.4521091,0.1103,Attack,Attack-TCP-Flag-ACK-PSH
40,20.0,0.5,1e-04,20,20.0,0.5,1e-04,20,1024,0.5,1702932100.0,20.0,0,0.0,1702932100.0,20.0,25343.227,1.0,1702932100.0,20.0,12671.613,0.0,1702932100.0,20,12671.613,1e-04,1702932100.0,20,1,7.891655e-05,1702932100.0,20,1,7.891655e-05,1702932100.0,20.0,0.5,7.891655e-05,1702932100.0,Attack,Attack-TCP-Flag-ACK-PSH
40,20.0,0.5,0.0069,20,20.0,0.5,0.0069,20,1024,0.5,1702932100.0,20.0,0,0.0,1702932100.0,20.0,289.063,1.0,1702932100.0,20.0,144.5315,0.0,1702932100.0,20,144.5315,0.0069,1702932100.0,20,1,0.006918907,1702932100.0,20,1,0.006918907,1702932100.0,20.0,0.5,0.006918907,1702932100.0,Attack,Attack-TCP-Flag-ACK-PSH
20,20.0,1.0,1702932100.0,20,20.0,0.0,1702932100.0,20,0,0.0,1702932100.0,20.0,0,0.0,1702932100.0,20.0,0.0,0.0,1702932100.0,20.0,0.0,0.0,1702932100.0,20,0.0,1702932100.0,1702932100.0,20,1,1702932100.0,1702932100.0,20,0,1702932100.0,0.0,20.0,0.0,1702932100.0,0.0,Attack,Attack-TCP-Flag-ACK-PSH
40,20.0,0.5,1e-04,20,20.0,0.5,1e-04,20,1024,0.5,1702932100.0,20.0,0,0.0,1702932100.0,20.0,23237.14,1.0,1702932100.0,20.0,11618.57,0.0,1702932100.0,20,11618.57,1e-04,1702932100.0,20,1,8.606911e-05,1702932100.0,20,1,8.606911e-05,1702932100.0,20.0,0.5,8.606911e-05,1702932100.0,Attack,Attack-TCP-Flag-ACK-PSH
40,20.0,0.5,1e-04,20,20.0,0.5,1e-04,20,1024,0.5,1702932100.0,20.0,0,0.0,1702932100.0,20.0,21509.252,1.0,1702932100.0,20.0,10754.626,0.0,1702932100.0,20,10754.626,1e-04,1702932100.0,20,1,9.2983246e-05,1702932100.0,20,1,9.2983246e-05,1702932100.0,20.0,0.5,9.2983246e-05,1702932100.0,Attack,Attack-TCP-Flag-ACK-PSH
364,20.0,0.05882353,0.0294,32,20.0,0.05882353,0.0,20,8192,0.0,0.1883,21.4118,64000,0.7,1.114279,20.0,10.030137,0.1,0.0,20.0,4.1300564,0.71428573,1.6948922,212,5.90008,0.1059,0.1109,32,1,0.95699286,0.0,20,0,0.0,1.584198,21.2,0.11764706,1.6948922,0.1106,Attack,Attack-TCP-Flag-ACK-PSH
40,20.0,0.5,1e-04,20,20.0,0.5,1e-04,20,1024,0.5,1702932100.0,20.0,0,0.0,1702932100.0,20.0,18517.898,1.0,1702932100.0,20.0,9258.949,0.0,1702932100.0,20,9258.949,1e-04,1702932100.0,20,1,0.000108003616,1702932100.0,20,1,0.000108003616,1702932100.0,20.0,0.5,0.000108003616,1702932100.0,Attack,Attack-TCP-Flag-ACK-PSH
40,20.0,0.5,1e-04,20,20.0,0.5,1e-04,20,1024,0.5,1702932100.0,20.0,0,0.0,1702932100.0,20.0,19239.926,1.0,1702932100.0,20.0,9619.963,0.0,1702932100.0,20,9619.963,1e-04,1702932100.0,20,1,0.0001039505,1702932100.0,20,1,0.0001039505,1702932100.0,20.0,0.5,0.0001039505,1702932100.0,Attack,Attack-TCP-Flag-ACK-PSH
40,20.0,0.5,1e-04,20,20.0,0.5,1e-04,20,1024,0.5,1702932100.0,20.0,0,0.0,1702932100.0,20.0,22250.95,1.0,1702932100.0,20.0,11125.475,0.0,1702932100.0,20,11125.475,1e-04,1702932100.0,20,1,8.9883804e-05,1702932100.0,20,1,8.9883804e-05,1702932100.0,20.0,0.5,8.9883804e-05,1702932100.0,Attack,Attack-TCP-Flag-ACK-PSH
40,20.0,0.5,1e-04,20,20.0,0.5,1e-04,20,1024,0.5,1702932100.0,20.0,0,0.0,1702932100.0,20.0,17225.068,1.0,1702932100.0,20.0,8612.534,0.0,1702932100.0,20,8612.534,1e-04,1702932100.0,20,1,0.00011610985,1702932100.0,20,1,0.00011610985,1702932100.0,20.0,0.5,0.00011610985,1702932100.0,Attack,Attack-TCP-Flag-ACK-PSH
40,0.0,0.5,0.1109,20,0.0,0.0,0.1109,20,0,0.5,0.0,20.0,62590,0.0,0.0,20.0,18.031021,0.0,0.0,20.0,18.031021,0.0,0.0,0,0.0,0.1109,0.0,0,1,0.11091995,0.0,0,1,0.11091995,0.11091995,0.0,0.0,0.11091995,0.1109,Attack,Attack-TCP-Flag-ACK-PSH
40,20.0,0.5,1e-04,20,20.0,0.5,1e-04,20,1024,0.5,1702932200.0,20.0,0,0.0,1702932200.0,20.0,15768.061,1.0,1702932200.0,20.0,7884.0303,0.0,1702932200.0,20,7884.0303,1e-04,1702932200.0,20,1,0.00012683868,1702932200.0,20,1,0.00012683868,1702932200.0,20.0,0.5,0.00012683868,1702932200.0,Attack,Attack-TCP-Flag-ACK-PSH
40,20.0,0.5,0.0004,20,20.0,0.5,0.0004,20,1024,0.5,1702932200.0,20.0,0,0.0,1702932200.0,20.0,5450.6875,1.0,1702932200.0,20.0,2725.3438,0.0,1702932200.0,20,2725.3438,0.0004,1702932200.0,20,1,0.0003669262,1702932200.0,20,1,0.0003669262,1702932200.0,20.0,0.5,0.0003669262,1702932200.0,Attack,Attack-TCP-Flag-ACK-PSH
44,24.0,0.5,1e-04,24,24.0,0.5,1e-04,20,0,0.5,1702932200.0,22.0,0,0.0,1702932200.0,22.0,17697.484,1.0,1702932200.0,20.0,8848.742,0.0,1702932200.0,24,8848.742,1e-04,1702932200.0,24,1,0.00011301041,1702932200.0,24,1,0.00011301041,1702932200.0,24.0,0.5,0.00011301041,1702932200.0,Attack,Attack-TCP-Flag-ACK-PSH
40,0.0,0.5,0.1063,20,0.0,0.0,0.1063,20,0,0.5,0.0,20.0,62596,0.0,0.0,20.0,18.8136,0.0,0.0,20.0,18.8136,0.0,0.0,0,0.0,0.1063,0.0,0,1,0.106306076,0.0,0,1,0.106306076,0.106306076,0.0,0.0,0.106306076,0.1063,Attack,Attack-TCP-Flag-ACK-PSH
40,20.0,0.5,1e-04,20,20.0,0.5,1e-04,20,1024,0.5,1702932200.0,20.0,0,0.0,1702932200.0,20.0,27776.848,1.0,1702932200.0,20.0,13888.424,0.0,1702932200.0,20,13888.424,1e-04,1702932200.0,20,1,7.200241e-05,1702932200.0,20,1,7.200241e-05,1702932200.0,20.0,0.5,7.200241e-05,1702932200.0,Attack,Attack-TCP-Flag-ACK-PSH
40,20.0,0.5,1e-04,20,20.0,0.5,1e-04,20,1024,0.5,1702932200.0,20.0,0,0.0,1702932200.0,20.0,19599.55,1.0,1702932200.0,20.0,9799.775,0.0,1702932200.0,20,9799.775,1e-04,1702932200.0,20,1,0.00010204315,1702932200.0,20,1,0.00010204315,1702932200.0,20.0,0.5,0.00010204315,1702932200.0,Attack,Attack-TCP-Flag-ACK-PSH
40,20.0,0.5,1e-04,20,20.0,0.5,1e-04,20,1024,0.5,1702932200.0,20.0,0,0.0,1702932200.0,20.0,24672.377,1.0,1702932200.0,20.0,12336.188,0.0,1702932200.0,20,12336.188,1e-04,1702932200.0,20,1,8.106232e-05,1702932200.0,20,1,8.106232e-05,1702932200.0,20.0,0.5,8.106232e-05,1702932200.0,Attack,Attack-TCP-Flag-ACK-PSH
40,20.0,0.5,0.0045,20,20.0,0.5,0.0045,20,1024,0.5,1702932200.0,20.0,0,0.0,1702932200.0,20.0,444.02963,1.0,1702932200.0,20.0,222.01482,0.0,1702932200.0,20,222.01482,0.0045,1702932200.0,20,1,0.004504204,1702932200.0,20,1,0.004504204,1702932200.0,20.0,0.5,0.004504204,1702932200.0,Attack,Attack-TCP-Flag-ACK-PSH
40,20.0,0.5,0.0002,20,20.0,0.5,0.0002,20,1024,0.5,1702932200.0,20.0,0,0.0,1702932200.0,20.0,9218.251,1.0,1702932200.0,20.0,4609.1255,0.0,1702932200.0,20,4609.1255,0.0002,1702932200.0,20,1,0.0002169609,1702932200.0,20,1,0.0002169609,1702932200.0,20.0,0.5,0.0002169609,1702932200.0,Attack,Attack-TCP-Flag-ACK-PSH
60,40.0,0.5,1e-04,40,40.0,0.5,1e-04,20,64240,0.5,1702932200.0,30.0,0,0.0,1702932200.0,30.0,18517.898,1.0,1702932200.0,20.0,9258.949,0.0,1702932200.0,40,9258.949,1e-04,1702932200.0,40,1,0.000108003616,1702932200.0,40,1,0.000108003616,1702932200.0,40.0,0.5,0.000108003616,1702932200.0,Attack,Attack-TCP-Flag-ACK-PSH
60,40.0,0.5,1e-04,40,40.0,0.5,1e-04,20,64240,0.5,1702932200.0,30.0,0,0.0,1702932200.0,30.0,20213.514,1.0,1702932200.0,20.0,10106.757,0.0,1702932200.0,40,10106.757,1e-04,1702932200.0,40,1,9.894371e-05,1702932200.0,40,1,9.894371e-05,1702932200.0,40.0,0.5,9.894371e-05,1702932200.0,Attack,Attack-TCP-Flag-ACK-PSH
60,40.0,0.5,0.0002,40,40.0,0.5,0.0002,20,64240,0.5,1702932200.0,30.0,0,0.0,1702932200.0,30.0,11765.229,1.0,1702932200.0,20.0,5882.6143,0.0,1702932200.0,40,5882.6143,0.0002,1702932200.0,40,1,0.00016999245,1702932200.0,40,1,0.00016999245,1702932200.0,40.0,0.5,0.00016999245,1702932200.0,Attack,Attack-TCP-Flag-ACK-PSH
40,20.0,0.5,1e-04,20,20.0,0.5,1e-04,20,1024,0.5,1702932200.0,20.0,0,0.0,1702932200.0,20.0,17403.752,1.0,1702932200.0,20.0,8701.876,0.0,1702932200.0,20,8701.876,1e-04,1702932200.0,20,1,0.000114917755,1702932200.0,20,1,0.000114917755,1702932200.0,20.0,0.5,0.000114917755,1702932200.0,Attack,Attack-TCP-Flag-ACK-PSH
40,20.0,0.5,1e-04,20,20.0,0.5,1e-04,20,1024,0.5,1702932200.0,20.0,0,0.0,1702932200.0,20.0,18850.805,1.0,1702932200.0,20.0,9425.402,0.0,1702932200.0,20,9425.402,1e-04,1702932200.0,20,1,0.00010609627,1702932200.0,20,1,0.00010609627,1702932200.0,20.0,0.5,0.00010609627,1702932200.0,Attack,Attack-TCP-Flag-ACK-PSH
40,20.0,0.5,1e-04,20,20.0,0.5,1e-04,20,1024,0.5,1702932400.0,20.0,0,0.0,1702932400.0,20.0,18893.262,1.0,1702932400.0,20.0,9446.631,0.0,1702932400.0,20,9446.631,1e-04,1702932400.0,20,1,0.00010585785,1702932400.0,20,1,0.00010585785,1702932400.0,20.0,0.5,0.00010585785,1702932400.0,Attack,Attack-TCP-Flag-ACK-PSH
40,20.0,0.5,1e-04,20,20.0,0.5,1e-04,20,1024,0.5,1702932400.0,20.0,0,0.0,1702932400.0,20.0,21509.252,1.0,1702932400.0,20.0,10754.626,0.0,1702932400.0,20,10754.626,1e-04,1702932400.0,20,1,9.2983246e-05,1702932400.0,20,1,9.2983246e-05,1702932400.0,20.0,0.5,9.2983246e-05,1702932400.0,Attack,Attack-TCP-Flag-ACK-PSH
20,20.0,1.0,1702931700.0,20,20.0,0.0,1702931700.0,20,0,0.0,1702931700.0,20.0,0,0.0,1702931700.0,20.0,0.0,0.0,1702931700.0,20.0,0.0,0.0,1702931700.0,20,0.0,1702931700.0,1702931700.0,20,1,1702931700.0,1702931700.0,20,0,1702931700.0,0.0,20.0,0.0,1702931700.0,0.0,Attack,Attack-TCP-Flag-ACK-PSH
20,20.0,1.0,1702931700.0,20,20.0,0.0,1702931700.0,20,0,0.0,1702931700.0,20.0,0,0.0,1702931700.0,20.0,0.0,0.0,1702931700.0,20.0,0.0,0.0,1702931700.0,20,0.0,1702931700.0,1702931700.0,20,1,1702931700.0,1702931700.0,20,0,1702931700.0,0.0,20.0,0.0,1702931700.0,0.0,Attack,Attack-TCP-Flag-ACK-PSH
20,20.0,1.0,1702931700.0,20,20.0,0.0,1702931700.0,20,1200,0.0,1702931700.0,20.0,0,0.0,1702931700.0,20.0,0.0,0.0,1702931700.0,20.0,0.0,0.0,1702931700.0,20,0.0,1702931700.0,1702931700.0,20,1,1702931700.0,1702931700.0,20,0,1702931700.0,0.0,20.0,0.0,1702931700.0,0.0,Attack,Attack-TCP-Flag-ACK-PSH
40,0.0,0.5,0.1111,20,0.0,0.0,0.1111,20,0,0.5,0.0,20.0,62605,0.0,0.0,20.0,18.008453,0.0,0.0,20.0,18.008453,0.0,0.0,0,0.0,0.1111,0.0,0,1,0.11105895,0.0,0,1,0.11105895,0.11105895,0.0,0.0,0.11105895,0.1111,Attack,Attack-TCP-Flag-ACK-PSH
40,0.0,0.5,0.1079,20,0.0,0.0,0.1079,20,0,0.5,0.0,20.0,62611,0.0,0.0,20.0,18.537254,0.0,0.0,20.0,18.537254,0.0,0.0,0,0.0,0.1079,0.0,0,1,0.107890844,0.0,0,1,0.107890844,0.107890844,0.0,0.0,0.107890844,0.1079,Attack,Attack-TCP-Flag-ACK-PSH
40,20.0,0.5,1e-04,20,20.0,0.5,1e-04,20,1024,0.5,1702931700.0,20.0,0,0.0,1702931700.0,20.0,23831.273,1.0,1702931700.0,20.0,11915.637,0.0,1702931700.0,20,11915.637,1e-04,1702931700.0,20,1,8.392334e-05,1702931700.0,20,1,8.392334e-05,1702931700.0,20.0,0.5,8.392334e-05,1702931700.0,Attack,Attack-TCP-Flag-ACK-PSH
40,0.0,0.5,0.1067,20,0.0,0.0,0.1067,20,0,0.5,0.0,20.0,62596,0.0,0.0,20.0,18.749054,0.0,0.0,20.0,18.749054,0.0,0.0,0,0.0,0.1067,0.0,0,1,0.10667205,0.0,0,1,0.10667205,0.10667205,0.0,0.0,0.10667205,0.1067,Attack,Attack-TCP-Flag-ACK-PSH
20,20.0,1.0,1702931700.0,20,20.0,0.0,1702931700.0,20,0,0.0,1702931700.0,20.0,0,0.0,1702931700.0,20.0,0.0,0.0,1702931700.0,20.0,0.0,0.0,1702931700.0,20,0.0,1702931700.0,1702931700.0,20,1,1702931700.0,1702931700.0,20,0,1702931700.0,0.0,20.0,0.0,1702931700.0,0.0,Attack,Attack-TCP-Flag-ACK-PSH
40,0.0,0.5,0.1062,20,0.0,0.0,0.1062,20,0,0.5,0.0,20.0,62608,0.0,0.0,20.0,18.828295,0.0,0.0,20.0,18.828295,0.0,0.0,0,0.0,0.1062,0.0,0,1,0.10622311,0.0,0,1,0.10622311,0.10622311,0.0,0.0,0.10622311,0.1062,Attack,Attack-TCP-Flag-ACK-PSH
40,0.0,0.5,0.1111,20,0.0,0.0,0.1111,20,0,0.5,0.0,20.0,62596,0.0,0.0,20.0,17.997751,0.0,0.0,20.0,17.997751,0.0,0.0,0,0.0,0.1111,0.0,0,1,0.11112499,0.0,0,1,0.11112499,0.11112499,0.0,0.0,0.11112499,0.1111,Attack,Attack-TCP-Flag-ACK-PSH
40,0.0,0.5,0.1078,20,0.0,0.0,0.1078,20,0,0.5,0.0,20.0,62599,0.0,0.0,20.0,18.550823,0.0,0.0,20.0,18.550823,0.0,0.0,0,0.0,0.1078,0.0,0,1,0.10781193,0.0,0,1,0.10781193,0.10781193,0.0,0.0,0.10781193,0.1078,Attack,Attack-TCP-Flag-ACK-PSH
24,24.0,0.0,1702931700.0,24,24.0,1.0,1702931700.0,24,1025,0.0,1702931700.0,24.0,0,0.0,1702931700.0,24.0,0.0,1.0,1702931700.0,24.0,0.0,0.0,1702931700.0,24,0.0,1702931700.0,1702931700.0,24,0,1702931700.0,1702931700.0,24,0,1702931700.0,0.0,24.0,1.0,1702931700.0,0.0,Attack,Attack-TCP-Flag-ACK-PSH
40,0.0,0.5,0.1078,20,0.0,0.0,0.1078,20,0,0.5,0.0,20.0,62592,0.0,0.0,20.0,18.54582,0.0,0.0,20.0,18.54582,0.0,0.0,0,0.0,0.1078,0.0,0,1,0.107841015,0.0,0,1,0.107841015,0.107841015,0.0,0.0,0.107841015,0.1078,Attack,Attack-TCP-Flag-ACK-PSH
24,24.0,0.0,1702931700.0,24,24.0,1.0,1702931700.0,24,1025,0.0,1702931700.0,24.0,0,0.0,1702931700.0,24.0,0.0,1.0,1702931700.0,24.0,0.0,0.0,1702931700.0,24,0.0,1702931700.0,1702931700.0,24,0,1702931700.0,1702931700.0,24,0,1702931700.0,0.0,24.0,1.0,1702931700.0,0.0,Attack,Attack-TCP-Flag-ACK-PSH
40,0.0,0.5,0.1109,20,0.0,0.0,0.1109,20,0,0.5,0.0,20.0,62608,0.0,0.0,20.0,18.03769,0.0,0.0,20.0,18.03769,0.0,0.0,0,0.0,0.1109,0.0,0,1,0.110878944,0.0,0,1,0.110878944,0.110878944,0.0,0.0,0.110878944,0.1109,Attack,Attack-TCP-Flag-ACK-PSH
40,0.0,0.5,0.1109,20,0.0,0.0,0.1109,20,0,0.5,0.0,20.0,62596,0.0,0.0,20.0,18.026642,0.0,0.0,20.0,18.026642,0.0,0.0,0,0.0,0.1109,0.0,0,1,0.11094689,0.0,0,1,0.11094689,0.11094689,0.0,0.0,0.11094689,0.1109,Attack,Attack-TCP-Flag-ACK-PSH
20,20.0,1.0,1702931700.0,20,20.0,0.0,1702931700.0,20,0,0.0,1702931700.0,20.0,0,0.0,1702931700.0,20.0,0.0,0.0,1702931700.0,20.0,0.0,0.0,1702931700.0,20,0.0,1702931700.0,1702931700.0,20,1,1702931700.0,1702931700.0,20,0,1702931700.0,0.0,20.0,0.0,1702931700.0,0.0,Attack,Attack-TCP-Flag-ACK-PSH
20,20.0,1.0,1702931700.0,20,20.0,0.0,1702931700.0,20,0,0.0,1702931700.0,20.0,0,0.0,1702931700.0,20.0,0.0,0.0,1702931700.0,20.0,0.0,0.0,1702931700.0,20,0.0,1702931700.0,1702931700.0,20,1,1702931700.0,1702931700.0,20,0,1702931700.0,0.0,20.0,0.0,1702931700.0,0.0,Attack,Attack-TCP-Flag-ACK-PSH
20,20.0,1.0,1702931700.0,20,20.0,0.0,1702931700.0,20,0,0.0,1702931700.0,20.0,0,0.0,1702931700.0,20.0,0.0,0.0,1702931700.0,20.0,0.0,0.0,1702931700.0,20,0.0,1702931700.0,1702931700.0,20,1,1702931700.0,1702931700.0,20,0,1702931700.0,0.0,20.0,0.0,1702931700.0,0.0,Attack,Attack-TCP-Flag-ACK-PSH
20,20.0,1.0,1702931700.0,20,20.0,0.0,1702931700.0,20,0,0.0,1702931700.0,20.0,0,0.0,1702931700.0,20.0,0.0,0.0,1702931700.0,20.0,0.0,0.0,1702931700.0,20,0.0,1702931700.0,1702931700.0,20,1,1702931700.0,1702931700.0,20,0,1702931700.0,0.0,20.0,0.0,1702931700.0,0.0,Attack,Attack-TCP-Flag-ACK-PSH
20,20.0,1.0,1702931700.0,20,20.0,0.0,1702931700.0,20,1200,0.0,1702931700.0,20.0,0,0.0,1702931700.0,20.0,0.0,0.0,1702931700.0,20.0,0.0,0.0,1702931700.0,20,0.0,1702931700.0,1702931700.0,20,1,1702931700.0,1702931700.0,20,0,1702931700.0,0.0,20.0,0.0,1702931700.0,0.0,Attack,Attack-TCP-Flag-ACK-PSH
60,40.0,0.5,0.0009,40,40.0,0.5,0.0009,20,14600,0.5,1702931700.0,30.0,0,0.0,1702931700.0,30.0,2262.2998,1.0,1702931700.0,20.0,1131.1499,0.0,1702931700.0,40,1131.1499,0.0009,1702931700.0,40,1,0.0008840561,1702931700.0,40,1,0.0008840561,1702931700.0,40.0,0.5,0.0008840561,1702931700.0,Attack,Attack-TCP-Flag-ACK-PSH
40,0.0,0.5,0.1078,20,0.0,0.0,0.1078,20,0,0.5,0.0,20.0,62599,0.0,0.0,20.0,18.559565,0.0,0.0,20.0,18.559565,0.0,0.0,0,0.0,0.1078,0.0,0,1,0.107761145,0.0,0,1,0.107761145,0.107761145,0.0,0.0,0.107761145,0.1078,Attack,Attack-TCP-Flag-ACK-PSH
44,24.0,0.5,1e-04,24,24.0,0.5,1e-04,20,1024,0.5,1702931700.0,22.0,0,0.0,1702931700.0,22.0,22017.344,1.0,1702931700.0,20.0,11008.672,0.0,1702931700.0,24,11008.672,1e-04,1702931700.0,24,1,9.083748e-05,1702931700.0,24,1,9.083748e-05,1702931700.0,24.0,0.5,9.083748e-05,1702931700.0,Attack,Attack-TCP-Flag-ACK-PSH
40,0.0,0.5,0.1107,20,0.0,0.0,0.1107,20,0,0.5,0.0,20.0,62596,0.0,0.0,20.0,18.071924,0.0,0.0,20.0,18.071924,0.0,0.0,0,0.0,0.1107,0.0,0,1,0.1106689,0.0,0,1,0.1106689,0.1106689,0.0,0.0,0.1106689,0.1107,Attack,Attack-TCP-Flag-ACK-PSH
40,0.0,0.5,0.1068,20,0.0,0.0,0.1068,20,0,0.5,0.0,20.0,62588,0.0,0.0,20.0,18.725908,0.0,0.0,20.0,18.725908,0.0,0.0,0,0.0,0.1068,0.0,0,1,0.106803894,0.0,0,1,0.106803894,0.106803894,0.0,0.0,0.106803894,0.1068,Attack,Attack-TCP-Flag-ACK-PSH
40,20.0,0.5,1e-04,20,20.0,0.5,1e-04,20,1024,0.5,1702931700.0,20.0,0,0.0,1702931700.0,20.0,22733.355,1.0,1702931700.0,20.0,11366.678,0.0,1702931700.0,20,11366.678,1e-04,1702931700.0,20,1,8.7976456e-05,1702931700.0,20,1,8.7976456e-05,1702931700.0,20.0,0.5,8.7976456e-05,1702931700.0,Attack,Attack-TCP-Flag-ACK-PSH
24,24.0,0.0,1702931700.0,24,24.0,1.0,1702931700.0,24,65535,0.0,1702931700.0,24.0,0,0.0,1702931700.0,24.0,0.0,1.0,1702931700.0,24.0,0.0,0.0,1702931700.0,24,0.0,1702931700.0,1702931700.0,24,0,1702931700.0,1702931700.0,24,0,1702931700.0,0.0,24.0,1.0,1702931700.0,0.0,Attack,Attack-TCP-Flag-ACK-PSH
20,20.0,1.0,1702931700.0,20,20.0,0.0,1702931700.0,20,0,0.0,1702931700.0,20.0,0,0.0,1702931700.0,20.0,0.0,0.0,1702931700.0,20.0,0.0,0.0,1702931700.0,20,0.0,1702931700.0,1702931700.0,20,1,1702931700.0,1702931700.0,20,0,1702931700.0,0.0,20.0,0.0,1702931700.0,0.0,Attack,Attack-TCP-Flag-ACK-PSH
40,0.0,0.5,0.1112,20,0.0,0.0,0.1112,20,0,0.5,0.0,20.0,62596,0.0,0.0,20.0,17.99142,0.0,0.0,20.0,17.99142,0.0,0.0,0,0.0,0.1112,0.0,0,1,0.11116409,0.0,0,1,0.11116409,0.11116409,0.0,0.0,0.11116409,0.1112,Attack,Attack-TCP-Flag-ACK-PSH
40,0.0,0.5,0.111,20,0.0,0.0,0.111,20,0,0.5,0.0,20.0,62602,0.0,0.0,20.0,18.02126,0.0,0.0,20.0,18.02126,0.0,0.0,0,0.0,0.111,0.0,0,1,0.110980034,0.0,0,1,0.110980034,0.110980034,0.0,0.0,0.110980034,0.111,Attack,Attack-TCP-Flag-ACK-PSH
52,32.0,0.5,0.0062,32,32.0,0.5,0.0062,20,1024,0.5,1702931700.0,26.0,0,0.0,1702931700.0,26.0,320.35928,1.0,1702931700.0,20.0,160.17964,0.0,1702931700.0,32,160.17964,0.0062,1702931700.0,32,1,0.0062429905,1702931700.0,32,1,0.0062429905,1702931700.0,32.0,0.5,0.0062429905,1702931700.0,Attack,Attack-TCP-Flag-ACK-PSH
40,0.0,0.5,0.1109,20,0.0,0.0,0.1109,20,0,0.5,0.0,20.0,62596,0.0,0.0,20.0,18.036682,0.0,0.0,20.0,18.036682,0.0,0.0,0,0.0,0.1109,0.0,0,1,0.11088514,0.0,0,1,0.11088514,0.11088514,0.0,0.0,0.11088514,0.1109,Attack,Attack-TCP-Flag-ACK-PSH
40,0.0,0.5,0.1077,20,0.0,0.0,0.1077,20,0,0.5,0.0,20.0,62608,0.0,0.0,20.0,18.572344,0.0,0.0,20.0,18.572344,0.0,0.0,0,0.0,0.1077,0.0,0,1,0.107687,0.0,0,1,0.107687,0.107687,0.0,0.0,0.107687,0.1077,Attack,Attack-TCP-Flag-ACK-PSH
20,20.0,1.0,1702931700.0,20,20.0,0.0,1702931700.0,20,1200,0.0,1702931700.0,20.0,0,0.0,1702931700.0,20.0,0.0,0.0,1702931700.0,20.0,0.0,0.0,1702931700.0,20,0.0,1702931700.0,1702931700.0,20,1,1702931700.0,1702931700.0,20,0,1702931700.0,0.0,20.0,0.0,1702931700.0,0.0,Attack,Attack-TCP-Flag-ACK-PSH
40,0.0,0.5,0.111,20,0.0,0.0,0.111,20,0,0.5,0.0,20.0,62602,0.0,0.0,20.0,18.025675,0.0,0.0,20.0,18.025675,0.0,0.0,0,0.0,0.111,0.0,0,1,0.110952854,0.0,0,1,0.110952854,0.110952854,0.0,0.0,0.110952854,0.111,Attack,Attack-TCP-Flag-ACK-PSH
40,0.0,0.5,0.1107,20,0.0,0.0,0.1107,20,0,0.5,0.0,20.0,62611,0.0,0.0,20.0,18.067137,0.0,0.0,20.0,18.067137,0.0,0.0,0,0.0,0.1107,0.0,0,1,0.11069822,0.0,0,1,0.11069822,0.11069822,0.0,0.0,0.11069822,0.1107,Attack,Attack-TCP-Flag-ACK-PSH
40,0.0,0.5,0.1101,20,0.0,0.0,0.1101,20,0,0.5,0.0,20.0,62599,0.0,0.0,20.0,18.164787,0.0,0.0,20.0,18.164787,0.0,0.0,0,0.0,0.1101,0.0,0,1,0.11010313,0.0,0,1,0.11010313,0.11010313,0.0,0.0,0.11010313,0.1101,Attack,Attack-TCP-Flag-ACK-PSH
20,20.0,1.0,1702931700.0,20,20.0,0.0,1702931700.0,20,0,0.0,1702931700.0,20.0,0,0.0,1702931700.0,20.0,0.0,0.0,1702931700.0,20.0,0.0,0.0,1702931700.0,20,0.0,1702931700.0,1702931700.0,20,1,1702931700.0,1702931700.0,20,0,1702931700.0,0.0,20.0,0.0,1702931700.0,0.0,Attack,Attack-TCP-Flag-ACK-PSH
40,0.0,0.5,0.1111,20,0.0,0.0,0.1111,20,0,0.5,0.0,20.0,62596,0.0,0.0,20.0,18.007023,0.0,0.0,20.0,18.007023,0.0,0.0,0,0.0,0.1111,0.0,0,1,0.11106777,0.0,0,1,0.11106777,0.11106777,0.0,0.0,0.11106777,0.1111,Attack,Attack-TCP-Flag-ACK-PSH
40,0.0,0.5,0.1099,20,0.0,0.0,0.1099,20,0,0.5,0.0,20.0,62596,0.0,0.0,20.0,18.206617,0.0,0.0,20.0,18.206617,0.0,0.0,0,0.0,0.1099,0.0,0,1,0.10985017,0.0,0,1,0.10985017,0.10985017,0.0,0.0,0.10985017,0.1099,Attack,Attack-TCP-Flag-ACK-PSH
20,20.0,1.0,1702931700.0,20,20.0,0.0,1702931700.0,20,1200,0.0,1702931700.0,20.0,0,0.0,1702931700.0,20.0,0.0,0.0,1702931700.0,20.0,0.0,0.0,1702931700.0,20,0.0,1702931700.0,1702931700.0,20,1,1702931700.0,1702931700.0,20,0,1702931700.0,0.0,20.0,0.0,1702931700.0,0.0,Attack,Attack-TCP-Flag-ACK-PSH
20,20.0,1.0,1702931700.0,20,20.0,0.0,1702931700.0,20,0,0.0,1702931700.0,20.0,0,0.0,1702931700.0,20.0,0.0,0.0,1702931700.0,20.0,0.0,0.0,1702931700.0,20,0.0,1702931700.0,1702931700.0,20,1,1702931700.0,1702931700.0,20,0,1702931700.0,0.0,20.0,0.0,1702931700.0,0.0,Attack,Attack-TCP-Flag-ACK-PSH
20,20.0,1.0,1702931700.0,20,20.0,0.0,1702931700.0,20,0,0.0,1702931700.0,20.0,0,0.0,1702931700.0,20.0,0.0,0.0,1702931700.0,20.0,0.0,0.0,1702931700.0,20,0.0,1702931700.0,1702931700.0,20,1,1702931700.0,1702931700.0,20,0,1702931700.0,0.0,20.0,0.0,1702931700.0,0.0,Attack,Attack-TCP-Flag-ACK-PSH
20,20.0,1.0,1702931700.0,20,20.0,0.0,1702931700.0,20,0,0.0,1702931700.0,20.0,0,0.0,1702931700.0,20.0,0.0,0.0,1702931700.0,20.0,0.0,0.0,1702931700.0,20,0.0,1702931700.0,1702931700.0,20,1,1702931700.0,1702931700.0,20,0,1702931700.0,0.0,20.0,0.0,1702931700.0,0.0,Attack,Attack-TCP-Flag-ACK-PSH
40,0.0,0.5,0.1078,20,0.0,0.0,0.1078,20,0,0.5,0.0,20.0,62590,0.0,0.0,20.0,18.556116,0.0,0.0,20.0,18.556116,0.0,0.0,0,0.0,0.1078,0.0,0,1,0.10778117,0.0,0,1,0.10778117,0.10778117,0.0,0.0,0.10778117,0.1078,Attack,Attack-TCP-Flag-ACK-PSH
40,0.0,0.5,0.1109,20,0.0,0.0,0.1109,20,0,0.5,0.0,20.0,62596,0.0,0.0,20.0,18.042383,0.0,0.0,20.0,18.042383,0.0,0.0,0,0.0,0.1109,0.0,0,1,0.110850096,0.0,0,1,0.110850096,0.110850096,0.0,0.0,0.110850096,0.1109,Attack,Attack-TCP-Flag-ACK-PSH
20,20.0,1.0,1702931700.0,20,20.0,0.0,1702931700.0,20,0,0.0,1702931700.0,20.0,0,0.0,1702931700.0,20.0,0.0,0.0,1702931700.0,20.0,0.0,0.0,1702931700.0,20,0.0,1702931700.0,1702931700.0,20,1,1702931700.0,1702931700.0,20,0,1702931700.0,0.0,20.0,0.0,1702931700.0,0.0,Attack,Attack-TCP-Flag-ACK-PSH
40,20.0,0.5,1e-04,20,20.0,0.5,1e-04,20,1024,0.5,1702931700.0,20.0,0,0.0,1702931700.0,20.0,27060.025,1.0,1702931700.0,20.0,13530.013,0.0,1702931700.0,20,13530.013,1e-04,1702931700.0,20,1,7.390976e-05,1702931700.0,20,1,7.390976e-05,1702931700.0,20.0,0.5,7.390976e-05,1702931700.0,Attack,Attack-TCP-Flag-ACK-PSH
20,20.0,1.0,1702931700.0,20,20.0,0.0,1702931700.0,20,0,0.0,1702931700.0,20.0,0,0.0,1702931700.0,20.0,0.0,0.0,1702931700.0,20.0,0.0,0.0,1702931700.0,20,0.0,1702931700.0,1702931700.0,20,1,1702931700.0,1702931700.0,20,0,1702931700.0,0.0,20.0,0.0,1702931700.0,0.0,Attack,Attack-TCP-Flag-ACK-PSH
24,24.0,0.0,1702931700.0,24,24.0,1.0,1702931700.0,24,65535,0.0,1702931700.0,24.0,0,0.0,1702931700.0,24.0,0.0,1.0,1702931700.0,24.0,0.0,0.0,1702931700.0,24,0.0,1702931700.0,1702931700.0,24,0,1702931700.0,1702931700.0,24,0,1702931700.0,0.0,24.0,1.0,1702931700.0,0.0,Attack,Attack-TCP-Flag-ACK-PSH
40,0.0,0.5,0.111,20,0.0,0.0,0.111,20,0,0.5,0.0,20.0,62602,0.0,0.0,20.0,18.01704,0.0,0.0,20.0,18.01704,0.0,0.0,0,0.0,0.111,0.0,0,1,0.11100602,0.0,0,1,0.11100602,0.11100602,0.0,0.0,0.11100602,0.111,Attack,Attack-TCP-Flag-ACK-PSH
40,0.0,0.5,0.1108,20,0.0,0.0,0.1108,20,0,0.5,0.0,20.0,62605,0.0,0.0,20.0,18.051197,0.0,0.0,20.0,18.051197,0.0,0.0,0,0.0,0.1108,0.0,0,1,0.110795975,0.0,0,1,0.110795975,0.110795975,0.0,0.0,0.110795975,0.1108,Attack,Attack-TCP-Flag-ACK-PSH
20,20.0,1.0,1702931700.0,20,20.0,0.0,1702931700.0,20,0,0.0,1702931700.0,20.0,0,0.0,1702931700.0,20.0,0.0,0.0,1702931700.0,20.0,0.0,0.0,1702931700.0,20,0.0,1702931700.0,1702931700.0,20,1,1702931700.0,1702931700.0,20,0,1702931700.0,0.0,20.0,0.0,1702931700.0,0.0,Attack,Attack-TCP-Flag-ACK-PSH
40,0.0,0.5,0.111,20,0.0,0.0,0.111,20,0,0.5,0.0,20.0,62596,0.0,0.0,20.0,18.014797,0.0,0.0,20.0,18.014797,0.0,0.0,0,0.0,0.111,0.0,0,1,0.11101985,0.0,0,1,0.11101985,0.11101985,0.0,0.0,0.11101985,0.111,Attack,Attack-TCP-Flag-ACK-PSH
52,32.0,0.5,1e-04,32,32.0,0.5,1e-04,20,1024,0.5,1702931700.0,26.0,0,0.0,1702931700.0,26.0,24105.195,1.0,1702931700.0,20.0,12052.598,0.0,1702931700.0,32,12052.598,1e-04,1702931700.0,32,1,8.2969666e-05,1702931700.0,32,1,8.2969666e-05,1702931700.0,32.0,0.5,8.2969666e-05,1702931700.0,Attack,Attack-TCP-Flag-ACK-PSH
40,0.0,0.5,0.11,20,0.0,0.0,0.11,20,0,0.5,0.0,20.0,62594,0.0,0.0,20.0,18.176203,0.0,0.0,20.0,18.176203,0.0,0.0,0,0.0,0.11,0.0,0,1,0.11003399,0.0,0,1,0.11003399,0.11003399,0.0,0.0,0.11003399,0.11,Attack,Attack-TCP-Flag-ACK-PSH
20,20.0,1.0,1702931700.0,20,20.0,0.0,1702931700.0,20,0,0.0,1702931700.0,20.0,0,0.0,1702931700.0,20.0,0.0,0.0,1702931700.0,20.0,0.0,0.0,1702931700.0,20,0.0,1702931700.0,1702931700.0,20,1,1702931700.0,1702931700.0,20,0,1702931700.0,0.0,20.0,0.0,1702931700.0,0.0,Attack,Attack-TCP-Flag-ACK-PSH
24,24.0,0.0,1702931700.0,24,24.0,1.0,1702931700.0,24,65535,0.0,1702931700.0,24.0,0,0.0,1702931700.0,24.0,0.0,1.0,1702931700.0,24.0,0.0,0.0,1702931700.0,24,0.0,1702931700.0,1702931700.0,24,0,1702931700.0,1702931700.0,24,0,1702931700.0,0.0,24.0,1.0,1702931700.0,0.0,Attack,Attack-TCP-Flag-ACK-PSH
20,20.0,0.0,1702931700.0,20,20.0,1.0,1702931700.0,20,1024,0.0,1702931700.0,20.0,0,0.0,1702931700.0,20.0,0.0,1.0,1702931700.0,20.0,0.0,0.0,1702931700.0,20,0.0,1702931700.0,1702931700.0,20,0,1702931700.0,1702931700.0,20,0,1702931700.0,0.0,20.0,1.0,1702931700.0,0.0,Attack,Attack-TCP-Flag-ACK-PSH
40,0.0,0.5,0.1103,20,0.0,0.0,0.1103,20,0,0.5,0.0,20.0,62602,0.0,0.0,20.0,18.14012,0.0,0.0,20.0,18.14012,0.0,0.0,0,0.0,0.1103,0.0,0,1,0.11025286,0.0,0,1,0.11025286,0.11025286,0.0,0.0,0.11025286,0.1103,Attack,Attack-TCP-Flag-ACK-PSH
24,24.0,0.0,1702931700.0,24,24.0,1.0,1702931700.0,24,65535,0.0,1702931700.0,24.0,0,0.0,1702931700.0,24.0,0.0,1.0,1702931700.0,24.0,0.0,0.0,1702931700.0,24,0.0,1702931700.0,1702931700.0,24,0,1702931700.0,1702931700.0,24,0,1702931700.0,0.0,24.0,1.0,1702931700.0,0.0,Attack,Attack-TCP-Flag-ACK-PSH
40,0.0,0.5,0.1078,20,0.0,0.0,0.1078,20,0,0.5,0.0,20.0,62596,0.0,0.0,20.0,18.55148,0.0,0.0,20.0,18.55148,0.0,0.0,0,0.0,0.1078,0.0,0,1,0.10780811,0.0,0,1,0.10780811,0.10780811,0.0,0.0,0.10780811,0.1078,Attack,Attack-TCP-Flag-ACK-PSH
40,0.0,0.5,0.1101,20,0.0,0.0,0.1101,20,0,0.5,0.0,20.0,62608,0.0,0.0,20.0,18.167423,0.0,0.0,20.0,18.167423,0.0,0.0,0,0.0,0.1101,0.0,0,1,0.11008716,0.0,0,1,0.11008716,0.11008716,0.0,0.0,0.11008716,0.1101,Attack,Attack-TCP-Flag-ACK-PSH
60,40.0,0.5,1e-04,40,40.0,0.5,1e-04,20,5840,0.5,1702931700.0,30.0,0,0.0,1702931700.0,30.0,23497.502,1.0,1702931700.0,20.0,11748.751,0.0,1702931700.0,40,11748.751,1e-04,1702931700.0,40,1,8.511543e-05,1702931700.0,40,1,8.511543e-05,1702931700.0,40.0,0.5,8.511543e-05,1702931700.0,Attack,Attack-TCP-Flag-ACK-PSH
40,0.0,0.5,0.1112,20,0.0,0.0,0.1112,20,0,0.5,0.0,20.0,62592,0.0,0.0,20.0,17.98074,0.0,0.0,20.0,17.98074,0.0,0.0,0,0.0,0.1112,0.0,0,1,0.111230135,0.0,0,1,0.111230135,0.111230135,0.0,0.0,0.111230135,0.1112,Attack,Attack-TCP-Flag-ACK-PSH
40,0.0,0.5,0.1101,20,0.0,0.0,0.1101,20,0,0.5,0.0,20.0,62608,0.0,0.0,20.0,18.16003,0.0,0.0,20.0,18.16003,0.0,0.0,0,0.0,0.1101,0.0,0,1,0.11013198,0.0,0,1,0.11013198,0.11013198,0.0,0.0,0.11013198,0.1101,Attack,Attack-TCP-Flag-ACK-PSH
40,0.0,0.5,0.109,20,0.0,0.0,0.109,20,0,0.5,0.0,20.0,62602,0.0,0.0,20.0,18.341728,0.0,0.0,20.0,18.341728,0.0,0.0,0,0.0,0.109,0.0,0,1,0.109040976,0.0,0,1,0.109040976,0.109040976,0.0,0.0,0.109040976,0.109,Attack,Attack-TCP-Flag-ACK-PSH
20,20.0,1.0,1702931700.0,20,20.0,0.0,1702931700.0,20,0,0.0,1702931700.0,20.0,0,0.0,1702931700.0,20.0,0.0,0.0,1702931700.0,20.0,0.0,0.0,1702931700.0,20,0.0,1702931700.0,1702931700.0,20,1,1702931700.0,1702931700.0,20,0,1702931700.0,0.0,20.0,0.0,1702931700.0,0.0,Attack,Attack-TCP-Flag-ACK-PSH
40,0.0,0.5,0.108,20,0.0,0.0,0.108,20,0,0.5,0.0,20.0,62594,0.0,0.0,20.0,18.51132,0.0,0.0,20.0,18.51132,0.0,0.0,0,0.0,0.108,0.0,0,1,0.108042,0.0,0,1,0.108042,0.108042,0.0,0.0,0.108042,0.108,Attack,Attack-TCP-Flag-ACK-PSH
40,0.0,0.5,0.1102,20,0.0,0.0,0.1102,20,0,0.5,0.0,20.0,62602,0.0,0.0,20.0,18.148321,0.0,0.0,20.0,18.148321,0.0,0.0,0,0.0,0.1102,0.0,0,1,0.11020303,0.0,0,1,0.11020303,0.11020303,0.0,0.0,0.11020303,0.1102,Attack,Attack-TCP-Flag-ACK-PSH
24,24.0,0.0,1702931700.0,24,24.0,1.0,1702931700.0,24,1025,0.0,1702931700.0,24.0,0,0.0,1702931700.0,24.0,0.0,1.0,1702931700.0,24.0,0.0,0.0,1702931700.0,24,0.0,1702931700.0,1702931700.0,24,0,1702931700.0,1702931700.0,24,0,1702931700.0,0.0,24.0,1.0,1702931700.0,0.0,Attack,Attack-TCP-Flag-ACK-PSH
20,20.0,1.0,1702931700.0,20,20.0,0.0,1702931700.0,20,0,0.0,1702931700.0,20.0,0,0.0,1702931700.0,20.0,0.0,0.0,1702931700.0,20.0,0.0,0.0,1702931700.0,20,0.0,1702931700.0,1702931700.0,20,1,1702931700.0,1702931700.0,20,0,1702931700.0,0.0,20.0,0.0,1702931700.0,0.0,Attack,Attack-TCP-Flag-ACK-PSH
40,0.0,0.5,0.1071,20,0.0,0.0,0.1071,20,0,0.5,0.0,20.0,62599,0.0,0.0,20.0,18.674135,0.0,0.0,20.0,18.674135,0.0,0.0,0,0.0,0.1071,0.0,0,1,0.10710001,0.0,0,1,0.10710001,0.10710001,0.0,0.0,0.10710001,0.1071,Attack,Attack-TCP-Flag-ACK-PSH
20,20.0,1.0,1702931700.0,20,20.0,0.0,1702931700.0,20,0,0.0,1702931700.0,20.0,0,0.0,1702931700.0,20.0,0.0,0.0,1702931700.0,20.0,0.0,0.0,1702931700.0,20,0.0,1702931700.0,1702931700.0,20,1,1702931700.0,1702931700.0,20,0,1702931700.0,0.0,20.0,0.0,1702931700.0,0.0,Attack,Attack-TCP-Flag-ACK-PSH
20,20.0,1.0,1702931700.0,20,20.0,0.0,1702931700.0,20,0,0.0,1702931700.0,20.0,0,0.0,1702931700.0,20.0,0.0,0.0,1702931700.0,20.0,0.0,0.0,1702931700.0,20,0.0,1702931700.0,1702931700.0,20,1,1702931700.0,1702931700.0,20,0,1702931700.0,0.0,20.0,0.0,1702931700.0,0.0,Attack,Attack-TCP-Flag-ACK-PSH
40,0.0,0.5,0.1103,20,0.0,0.0,0.1103,20,0,0.5,0.0,20.0,62596,0.0,0.0,20.0,18.13651,0.0,0.0,20.0,18.13651,0.0,0.0,0,0.0,0.1103,0.0,0,1,0.11027479,0.0,0,1,0.11027479,0.11027479,0.0,0.0,0.11027479,0.1103,Attack,Attack-TCP-Flag-ACK-PSH
40,0.0,0.5,0.1069,20,0.0,0.0,0.1069,20,0,0.5,0.0,20.0,62596,0.0,0.0,20.0,18.710999,0.0,0.0,20.0,18.710999,0.0,0.0,0,0.0,0.1069,0.0,0,1,0.10688901,0.0,0,1,0.10688901,0.10688901,0.0,0.0,0.10688901,0.1069,Attack,Attack-TCP-Flag-ACK-PSH
40,0.0,0.5,0.1077,20,0.0,0.0,0.1077,20,0,0.5,0.0,20.0,62590,0.0,0.0,20.0,18.568727,0.0,0.0,20.0,18.568727,0.0,0.0,0,0.0,0.1077,0.0,0,1,0.10770798,0.0,0,1,0.10770798,0.10770798,0.0,0.0,0.10770798,0.1077,Attack,Attack-TCP-Flag-ACK-PSH
20,20.0,1.0,1702931700.0,20,20.0,0.0,1702931700.0,20,0,0.0,1702931700.0,20.0,0,0.0,1702931700.0,20.0,0.0,0.0,1702931700.0,20.0,0.0,0.0,1702931700.0,20,0.0,1702931700.0,1702931700.0,20,1,1702931700.0,1702931700.0,20,0,1702931700.0,0.0,20.0,0.0,1702931700.0,0.0,Attack,Attack-TCP-Flag-ACK-PSH
40,0.0,0.5,0.1108,20,0.0,0.0,0.1108,20,0,0.5,0.0,20.0,62599,0.0,0.0,20.0,18.054422,0.0,0.0,20.0,18.054422,0.0,0.0,0,0.0,0.1108,0.0,0,1,0.110776186,0.0,0,1,0.110776186,0.110776186,0.0,0.0,0.110776186,0.1108,Attack,Attack-TCP-Flag-ACK-PSH
20,20.0,1.0,1702931700.0,20,20.0,0.0,1702931700.0,20,0,0.0,1702931700.0,20.0,0,0.0,1702931700.0,20.0,0.0,0.0,1702931700.0,20.0,0.0,0.0,1702931700.0,20,0.0,1702931700.0,1702931700.0,20,1,1702931700.0,1702931700.0,20,0,1702931700.0,0.0,20.0,0.0,1702931700.0,0.0,Attack,Attack-TCP-Flag-ACK-PSH
40,20.0,0.5,1e-04,20,20.0,0.5,1e-04,20,65535,0.5,1702931700.0,20.0,0,0.0,1702931700.0,20.0,19599.55,1.0,1702931700.0,20.0,9799.775,0.0,1702931700.0,20,9799.775,1e-04,1702931700.0,20,1,0.00010204315,1702931700.0,20,1,0.00010204315,1702931700.0,20.0,0.5,0.00010204315,1702931700.0,Attack,Attack-TCP-Flag-ACK-PSH
24,24.0,0.0,1702931700.0,24,24.0,1.0,1702931700.0,24,65535,0.0,1702931700.0,24.0,0,0.0,1702931700.0,24.0,0.0,1.0,1702931700.0,24.0,0.0,0.0,1702931700.0,24,0.0,1702931700.0,1702931700.0,24,0,1702931700.0,1702931700.0,24,0,1702931700.0,0.0,24.0,1.0,1702931700.0,0.0,Attack,Attack-TCP-Flag-ACK-PSH
40,0.0,0.5,0.1111,20,0.0,0.0,0.1111,20,0,0.5,0.0,20.0,62602,0.0,0.0,20.0,17.99613,0.0,0.0,20.0,17.99613,0.0,0.0,0,0.0,0.1111,0.0,0,1,0.111135006,0.0,0,1,0.111135006,0.111135006,0.0,0.0,0.111135006,0.1111,Attack,Attack-TCP-Flag-ACK-PSH
40,0.0,0.5,0.1061,20,0.0,0.0,0.1061,20,0,0.5,0.0,20.0,62602,0.0,0.0,20.0,18.853727,0.0,0.0,20.0,18.853727,0.0,0.0,0,0.0,0.1061,0.0,0,1,0.10607982,0.0,0,1,0.10607982,0.10607982,0.0,0.0,0.10607982,0.1061,Attack,Attack-TCP-Flag-ACK-PSH
60,40.0,0.5,0.0002,40,40.0,0.5,0.0002,20,5808,0.5,1702931700.0,30.0,0,0.0,1702931700.0,30.0,11898.734,1.0,1702931700.0,20.0,5949.367,0.0,1702931700.0,40,5949.367,0.0002,1702931700.0,40,1,0.0001680851,1702931700.0,40,1,0.0001680851,1702931700.0,40.0,0.5,0.0001680851,1702931700.0,Attack,Attack-TCP-Flag-ACK-PSH
40,0.0,0.5,0.1093,20,0.0,0.0,0.1093,20,0,0.5,0.0,20.0,62602,0.0,0.0,20.0,18.291735,0.0,0.0,20.0,18.291735,0.0,0.0,0,0.0,0.1093,0.0,0,1,0.109339,0.0,0,1,0.109339,0.109339,0.0,0.0,0.109339,0.1093,Attack,Attack-TCP-Flag-ACK-PSH
40,0.0,0.5,0.1109,20,0.0,0.0,0.1109,20,0,0.5,0.0,20.0,62605,0.0,0.0,20.0,18.033113,0.0,0.0,20.0,18.033113,0.0,0.0,0,0.0,0.1109,0.0,0,1,0.11090708,0.0,0,1,0.11090708,0.11090708,0.0,0.0,0.11090708,0.1109,Attack,Attack-TCP-Flag-ACK-PSH
40,20.0,0.5,0.0002,20,20.0,0.5,0.0002,20,65535,0.5,1702931700.0,20.0,0,0.0,1702931700.0,20.0,12052.598,1.0,1702931700.0,20.0,6026.299,0.0,1702931700.0,20,6026.299,0.0002,1702931700.0,20,1,0.00016593933,1702931700.0,20,1,0.00016593933,1702931700.0,20.0,0.5,0.00016593933,1702931700.0,Attack,Attack-TCP-Flag-ACK-PSH
60,40.0,0.5,0.0002,40,40.0,0.0,0.0002,20,0,0.5,1702931700.0,30.0,0,0.0,1702931700.0,30.0,11110.739,0.0,1702931700.0,20.0,5555.3696,0.0,1702931700.0,40,5555.3696,0.0002,1702931700.0,40,1,0.00018000603,1702931700.0,40,1,0.00018000603,1702931700.0,40.0,0.0,0.00018000603,1702931700.0,Attack,Attack-TCP-Flag-ACK-PSH
20,20.0,0.0,1702931700.0,20,20.0,1.0,1702931700.0,20,1024,0.0,1702931700.0,20.0,0,0.0,1702931700.0,20.0,0.0,1.0,1702931700.0,20.0,0.0,0.0,1702931700.0,20,0.0,1702931700.0,1702931700.0,20,0,1702931700.0,1702931700.0,20,0,1702931700.0,0.0,20.0,1.0,1702931700.0,0.0,Attack,Attack-TCP-Flag-ACK-PSH
20,20.0,0.0,1702931700.0,20,20.0,1.0,1702931700.0,20,1024,0.0,1702931700.0,20.0,0,0.0,1702931700.0,20.0,0.0,1.0,1702931700.0,20.0,0.0,0.0,1702931700.0,20,0.0,1702931700.0,1702931700.0,20,0,1702931700.0,1702931700.0,20,0,1702931700.0,0.0,20.0,1.0,1702931700.0,0.0,Attack,Attack-TCP-Flag-ACK-PSH
40,0.0,0.5,0.1102,20,0.0,0.0,0.1102,20,0,0.5,0.0,20.0,62605,0.0,0.0,20.0,18.143063,0.0,0.0,20.0,18.143063,0.0,0.0,0,0.0,0.1102,0.0,0,1,0.110234976,0.0,0,1,0.110234976,0.110234976,0.0,0.0,0.110234976,0.1102,Attack,Attack-TCP-Flag-ACK-PSH
40,0.0,0.5,0.1094,20,0.0,0.0,0.1094,20,0,0.5,0.0,20.0,62599,0.0,0.0,20.0,18.280853,0.0,0.0,20.0,18.280853,0.0,0.0,0,0.0,0.1094,0.0,0,1,0.10940409,0.0,0,1,0.10940409,0.10940409,0.0,0.0,0.10940409,0.1094,Attack,Attack-TCP-Flag-ACK-PSH
40,0.0,0.5,0.1109,20,0.0,0.0,0.1109,20,0,0.5,0.0,20.0,62608,0.0,0.0,20.0,18.030363,0.0,0.0,20.0,18.030363,0.0,0.0,0,0.0,0.1109,0.0,0,1,0.110924006,0.0,0,1,0.110924006,0.110924006,0.0,0.0,0.110924006,0.1109,Attack,Attack-TCP-Flag-ACK-PSH
40,0.0,0.5,0.1082,20,0.0,0.0,0.1082,20,0,0.5,0.0,20.0,62611,0.0,0.0,20.0,18.49267,0.0,0.0,20.0,18.49267,0.0,0.0,0,0.0,0.1082,0.0,0,1,0.10815096,0.0,0,1,0.10815096,0.10815096,0.0,0.0,0.10815096,0.1082,Attack,Attack-TCP-Flag-ACK-PSH
20,20.0,1.0,1702931700.0,20,20.0,0.0,1702931700.0,20,0,0.0,1702931700.0,20.0,0,0.0,1702931700.0,20.0,0.0,0.0,1702931700.0,20.0,0.0,0.0,1702931700.0,20,0.0,1702931700.0,1702931700.0,20,1,1702931700.0,1702931700.0,20,0,1702931700.0,0.0,20.0,0.0,1702931700.0,0.0,Attack,Attack-TCP-Flag-ACK-PSH
280,40.0,0.0,3.088,40,40.0,0.14285715,1e-04,40,29200,0.0,1702931700.0,40.0,62643,0.0,1702931700.0,40.0,0.22209354,1.0,1702931700.0,40.0,0.1903659,0.0,1702931700.0,40,0.03172765,5.253,1702931700.0,40,0,16.127987,1702931700.0,40,0,0.000102996826,31.518148,40.0,1.0,31.518251,1.0222,Attack,Attack-TCP-Flag-ACK-PSH
20,20.0,0.0,1702931700.0,20,20.0,1.0,1702931700.0,20,65535,0.0,1702931700.0,20.0,0,0.0,1702931700.0,20.0,0.0,1.0,1702931700.0,20.0,0.0,0.0,1702931700.0,20,0.0,1702931700.0,1702931700.0,20,0,1702931700.0,1702931700.0,20,0,1702931700.0,0.0,20.0,1.0,1702931700.0,0.0,Attack,Attack-TCP-Flag-ACK-PSH
20,20.0,1.0,1702931700.0,20,20.0,0.0,1702931700.0,20,0,0.0,1702931700.0,20.0,0,0.0,1702931700.0,20.0,0.0,0.0,1702931700.0,20.0,0.0,0.0,1702931700.0,20,0.0,1702931700.0,1702931700.0,20,1,1702931700.0,1702931700.0,20,0,1702931700.0,0.0,20.0,0.0,1702931700.0,0.0,Attack,Attack-TCP-Flag-ACK-PSH
40,0.0,0.5,0.111,20,0.0,0.0,0.111,20,0,0.5,0.0,20.0,62596,0.0,0.0,20.0,18.018202,0.0,0.0,20.0,18.018202,0.0,0.0,0,0.0,0.111,0.0,0,1,0.11099887,0.0,0,1,0.11099887,0.11099887,0.0,0.0,0.11099887,0.111,Attack,Attack-TCP-Flag-ACK-PSH
20,20.0,1.0,1702931700.0,20,20.0,0.0,1702931700.0,20,1200,0.0,1702931700.0,20.0,0,0.0,1702931700.0,20.0,0.0,0.0,1702931700.0,20.0,0.0,0.0,1702931700.0,20,0.0,1702931700.0,1702931700.0,20,1,1702931700.0,1702931700.0,20,0,1702931700.0,0.0,20.0,0.0,1702931700.0,0.0,Attack,Attack-TCP-Flag-ACK-PSH
24,24.0,0.0,1702931700.0,24,24.0,1.0,1702931700.0,24,65535,0.0,1702931700.0,24.0,0,0.0,1702931700.0,24.0,0.0,1.0,1702931700.0,24.0,0.0,0.0,1702931700.0,24,0.0,1702931700.0,1702931700.0,24,0,1702931700.0,1702931700.0,24,0,1702931700.0,0.0,24.0,1.0,1702931700.0,0.0,Attack,Attack-TCP-Flag-ACK-PSH
40,0.0,0.5,0.1116,20,0.0,0.0,0.1116,20,0,0.5,0.0,20.0,62602,0.0,0.0,20.0,17.928705,0.0,0.0,20.0,17.928705,0.0,0.0,0,0.0,0.1116,0.0,0,1,0.11155295,0.0,0,1,0.11155295,0.11155295,0.0,0.0,0.11155295,0.1116,Attack,Attack-TCP-Flag-ACK-PSH
20,20.0,1.0,1702931700.0,20,20.0,0.0,1702931700.0,20,0,0.0,1702931700.0,20.0,0,0.0,1702931700.0,20.0,0.0,0.0,1702931700.0,20.0,0.0,0.0,1702931700.0,20,0.0,1702931700.0,1702931700.0,20,1,1702931700.0,1702931700.0,20,0,1702931700.0,0.0,20.0,0.0,1702931700.0,0.0,Attack,Attack-TCP-Flag-ACK-PSH
20,20.0,1.0,1702931700.0,20,20.0,0.0,1702931700.0,20,0,0.0,1702931700.0,20.0,0,0.0,1702931700.0,20.0,0.0,0.0,1702931700.0,20.0,0.0,0.0,1702931700.0,20,0.0,1702931700.0,1702931700.0,20,1,1702931700.0,1702931700.0,20,0,1702931700.0,0.0,20.0,0.0,1702931700.0,0.0,Attack,Attack-TCP-Flag-ACK-PSH
20,20.0,1.0,1702931700.0,20,20.0,0.0,1702931700.0,20,0,0.0,1702931700.0,20.0,0,0.0,1702931700.0,20.0,0.0,0.0,1702931700.0,20.0,0.0,0.0,1702931700.0,20,0.0,1702931700.0,1702931700.0,20,1,1702931700.0,1702931700.0,20,0,1702931700.0,0.0,20.0,0.0,1702931700.0,0.0,Attack,Attack-TCP-Flag-ACK-PSH
40,0.0,0.5,0.1101,20,0.0,0.0,0.1101,20,0,0.5,0.0,20.0,62592,0.0,0.0,20.0,18.165142,0.0,0.0,20.0,18.165142,0.0,0.0,0,0.0,0.1101,0.0,0,1,0.110100985,0.0,0,1,0.110100985,0.110100985,0.0,0.0,0.110100985,0.1101,Attack,Attack-TCP-Flag-ACK-PSH
20,20.0,1.0,1702931700.0,20,20.0,0.0,1702931700.0,20,0,0.0,1702931700.0,20.0,0,0.0,1702931700.0,20.0,0.0,0.0,1702931700.0,20.0,0.0,0.0,1702931700.0,20,0.0,1702931700.0,1702931700.0,20,1,1702931700.0,1702931700.0,20,0,1702931700.0,0.0,20.0,0.0,1702931700.0,0.0,Attack,Attack-TCP-Flag-ACK-PSH
40,0.0,0.5,0.1098,20,0.0,0.0,0.1098,20,0,0.5,0.0,20.0,62605,0.0,0.0,20.0,18.217253,0.0,0.0,20.0,18.217253,0.0,0.0,0,0.0,0.1098,0.0,0,1,0.10978603,0.0,0,1,0.10978603,0.10978603,0.0,0.0,0.10978603,0.1098,Attack,Attack-TCP-Flag-ACK-PSH
40,0.0,0.5,0.1108,20,0.0,0.0,0.1108,20,0,0.5,0.0,20.0,62605,0.0,0.0,20.0,18.044674,0.0,0.0,20.0,18.044674,0.0,0.0,0,0.0,0.1108,0.0,0,1,0.11083603,0.0,0,1,0.11083603,0.11083603,0.0,0.0,0.11083603,0.1108,Attack,Attack-TCP-Flag-ACK-PSH
40,20.0,0.5,0.0003,20,20.0,0.5,0.0003,20,1024,0.5,1702931700.0,20.0,0,0.0,1702931700.0,20.0,6600.0063,1.0,1702931700.0,20.0,3300.0032,0.0,1702931700.0,20,3300.0032,0.0003,1702931700.0,20,1,0.00030303,1702931700.0,20,1,0.00030303,1702931700.0,20.0,0.5,0.00030303,1702931700.0,Attack,Attack-TCP-Flag-ACK-PSH
20,20.0,0.0,1702931800.0,20,20.0,1.0,1702931800.0,20,1024,0.0,1702931800.0,20.0,0,0.0,1702931800.0,20.0,0.0,1.0,1702931800.0,20.0,0.0,0.0,1702931800.0,20,0.0,1702931800.0,1702931800.0,20,0,1702931800.0,1702931800.0,20,0,1702931800.0,0.0,20.0,1.0,1702931800.0,0.0,Attack,Attack-TCP-Flag-ACK-PSH
20,20.0,1.0,1702931800.0,20,20.0,0.0,1702931800.0,20,0,0.0,1702931800.0,20.0,0,0.0,1702931800.0,20.0,0.0,0.0,1702931800.0,20.0,0.0,0.0,1702931800.0,20,0.0,1702931800.0,1702931800.0,20,1,1702931800.0,1702931800.0,20,0,1702931800.0,0.0,20.0,0.0,1702931800.0,0.0,Attack,Attack-TCP-Flag-ACK-PSH
40,0.0,0.5,0.111,20,0.0,0.0,0.111,20,0,0.5,0.0,20.0,62594,0.0,0.0,20.0,18.021414,0.0,0.0,20.0,18.021414,0.0,0.0,0,0.0,0.111,0.0,0,1,0.11097908,0.0,0,1,0.11097908,0.11097908,0.0,0.0,0.11097908,0.111,Attack,Attack-TCP-Flag-ACK-PSH
20,20.0,1.0,1702931800.0,20,20.0,0.0,1702931800.0,20,0,0.0,1702931800.0,20.0,0,0.0,1702931800.0,20.0,0.0,0.0,1702931800.0,20.0,0.0,0.0,1702931800.0,20,0.0,1702931800.0,1702931800.0,20,1,1702931800.0,1702931800.0,20,0,1702931800.0,0.0,20.0,0.0,1702931800.0,0.0,Attack,Attack-TCP-Flag-ACK-PSH
24,24.0,0.0,1702931800.0,24,24.0,1.0,1702931800.0,24,1025,0.0,1702931800.0,24.0,0,0.0,1702931800.0,24.0,0.0,1.0,1702931800.0,24.0,0.0,0.0,1702931800.0,24,0.0,1702931800.0,1702931800.0,24,0,1702931800.0,1702931800.0,24,0,1702931800.0,0.0,24.0,1.0,1702931800.0,0.0,Attack,Attack-TCP-Flag-ACK-PSH
40,0.0,0.5,0.1079,20,0.0,0.0,0.1079,20,0,0.5,0.0,20.0,62608,0.0,0.0,20.0,18.542048,0.0,0.0,20.0,18.542048,0.0,0.0,0,0.0,0.1079,0.0,0,1,0.10786295,0.0,0,1,0.10786295,0.10786295,0.0,0.0,0.10786295,0.1079,Attack,Attack-TCP-Flag-ACK-PSH
40,0.0,0.5,0.1067,20,0.0,0.0,0.1067,20,0,0.5,0.0,20.0,62605,0.0,0.0,20.0,18.740257,0.0,0.0,20.0,18.740257,0.0,0.0,0,0.0,0.1067,0.0,0,1,0.10672212,0.0,0,1,0.10672212,0.10672212,0.0,0.0,0.10672212,0.1067,Attack,Attack-TCP-Flag-ACK-PSH
40,0.0,0.5,0.1078,20,0.0,0.0,0.1078,20,0,0.5,0.0,20.0,62590,0.0,0.0,20.0,18.549633,0.0,0.0,20.0,18.549633,0.0,0.0,0,0.0,0.1078,0.0,0,1,0.10781884,0.0,0,1,0.10781884,0.10781884,0.0,0.0,0.10781884,0.1078,Attack,Attack-TCP-Flag-ACK-PSH
20,20.0,1.0,1702931800.0,20,20.0,0.0,1702931800.0,20,1200,0.0,1702931800.0,20.0,0,0.0,1702931800.0,20.0,0.0,0.0,1702931800.0,20.0,0.0,0.0,1702931800.0,20,0.0,1702931800.0,1702931800.0,20,1,1702931800.0,1702931800.0,20,0,1702931800.0,0.0,20.0,0.0,1702931800.0,0.0,Attack,Attack-TCP-Flag-ACK-PSH
52,32.0,0.5,1e-04,32,32.0,0.5,1e-04,20,1024,0.5,1702931800.0,26.0,0,0.0,1702931800.0,26.0,32140.26,1.0,1702931800.0,20.0,16070.13,0.0,1702931800.0,32,16070.13,1e-04,1702931800.0,32,1,6.222725e-05,1702931800.0,32,1,6.222725e-05,1702931800.0,32.0,0.5,6.222725e-05,1702931800.0,Attack,Attack-TCP-Flag-ACK-PSH
20,20.0,1.0,1702931800.0,20,20.0,0.0,1702931800.0,20,0,0.0,1702931800.0,20.0,0,0.0,1702931800.0,20.0,0.0,0.0,1702931800.0,20.0,0.0,0.0,1702931800.0,20,0.0,1702931800.0,1702931800.0,20,1,1702931800.0,1702931800.0,20,0,1702931800.0,0.0,20.0,0.0,1702931800.0,0.0,Attack,Attack-TCP-Flag-ACK-PSH
40,0.0,0.5,0.1099,20,0.0,0.0,0.1099,20,0,0.5,0.0,20.0,62608,0.0,0.0,20.0,18.202982,0.0,0.0,20.0,18.202982,0.0,0.0,0,0.0,0.1099,0.0,0,1,0.1098721,0.0,0,1,0.1098721,0.1098721,0.0,0.0,0.1098721,0.1099,Attack,Attack-TCP-Flag-ACK-PSH
40,0.0,0.5,0.1094,20,0.0,0.0,0.1094,20,0,0.5,0.0,20.0,62599,0.0,0.0,20.0,18.27472,0.0,0.0,20.0,18.27472,0.0,0.0,0,0.0,0.1094,0.0,0,1,0.1094408,0.0,0,1,0.1094408,0.1094408,0.0,0.0,0.1094408,0.1094,Attack,Attack-TCP-Flag-ACK-PSH
124,20.0,0.2,0.0004,32,20.0,0.2,1e-04,20,8192,0.2,0.0265,24.8,65535,0.0,0.05285406,20.0,93.10786,0.33333334,0.00011396408,20.0,37.24314,0.0,0.052968025,72,55.86471,0.0134,0.0265,32,1,0.05271387,1e-04,20,1,0.00011396408,0.053560972,24.0,0.4,0.053701162,0.0536,Attack,Attack-TCP-Flag-ACK-PSH
20,20.0,1.0,1702931800.0,20,20.0,0.0,1702931800.0,20,0,0.0,1702931800.0,20.0,0,0.0,1702931800.0,20.0,0.0,0.0,1702931800.0,20.0,0.0,0.0,1702931800.0,20,0.0,1702931800.0,1702931800.0,20,1,1702931800.0,1702931800.0,20,0,1702931800.0,0.0,20.0,0.0,1702931800.0,0.0,Attack,Attack-TCP-Flag-ACK-PSH
40,0.0,0.5,0.111,20,0.0,0.0,0.111,20,0,0.5,0.0,20.0,62605,0.0,0.0,20.0,18.01886,0.0,0.0,20.0,18.01886,0.0,0.0,0,0.0,0.111,0.0,0,1,0.110994816,0.0,0,1,0.110994816,0.110994816,0.0,0.0,0.110994816,0.111,Attack,Attack-TCP-Flag-ACK-PSH
20,20.0,1.0,1702931800.0,20,20.0,0.0,1702931800.0,20,0,0.0,1702931800.0,20.0,0,0.0,1702931800.0,20.0,0.0,0.0,1702931800.0,20.0,0.0,0.0,1702931800.0,20,0.0,1702931800.0,1702931800.0,20,1,1702931800.0,1702931800.0,20,0,1702931800.0,0.0,20.0,0.0,1702931800.0,0.0,Attack,Attack-TCP-Flag-ACK-PSH
40,0.0,0.5,0.1109,20,0.0,0.0,0.1109,20,0,0.5,0.0,20.0,62590,0.0,0.0,20.0,18.034588,0.0,0.0,20.0,18.034588,0.0,0.0,0,0.0,0.1109,0.0,0,1,0.11089802,0.0,0,1,0.11089802,0.11089802,0.0,0.0,0.11089802,0.1109,Attack,Attack-TCP-Flag-ACK-PSH
20,20.0,1.0,1702931800.0,20,20.0,0.0,1702931800.0,20,0,0.0,1702931800.0,20.0,0,0.0,1702931800.0,20.0,0.0,0.0,1702931800.0,20.0,0.0,0.0,1702931800.0,20,0.0,1702931800.0,1702931800.0,20,1,1702931800.0,1702931800.0,20,0,1702931800.0,0.0,20.0,0.0,1702931800.0,0.0,Attack,Attack-TCP-Flag-ACK-PSH
60,40.0,0.5,1e-04,40,40.0,0.5,1e-04,20,29200,0.5,1702931800.0,30.0,0,0.0,1702931800.0,30.0,24966.096,1.0,1702931800.0,20.0,12483.048,0.0,1702931800.0,40,12483.048,1e-04,1702931800.0,40,1,8.010864e-05,1702931800.0,40,1,8.010864e-05,1702931800.0,40.0,0.5,8.010864e-05,1702931800.0,Attack,Attack-TCP-Flag-ACK-PSH
20,20.0,1.0,1702931800.0,20,20.0,0.0,1702931800.0,20,1200,0.0,1702931800.0,20.0,0,0.0,1702931800.0,20.0,0.0,0.0,1702931800.0,20.0,0.0,0.0,1702931800.0,20,0.0,1702931800.0,1702931800.0,20,1,1702931800.0,1702931800.0,20,0,1702931800.0,0.0,20.0,0.0,1702931800.0,0.0,Attack,Attack-TCP-Flag-ACK-PSH
40,0.0,0.5,0.109,20,0.0,0.0,0.109,20,0,0.5,0.0,20.0,62608,0.0,0.0,20.0,18.340687,0.0,0.0,20.0,18.340687,0.0,0.0,0,0.0,0.109,0.0,0,1,0.109047174,0.0,0,1,0.109047174,0.109047174,0.0,0.0,0.109047174,0.109,Attack,Attack-TCP-Flag-ACK-PSH
40,0.0,0.5,0.1103,20,0.0,0.0,0.1103,20,0,0.5,0.0,20.0,62611,0.0,0.0,20.0,18.134668,0.0,0.0,20.0,18.134668,0.0,0.0,0,0.0,0.1103,0.0,0,1,0.110286,0.0,0,1,0.110286,0.110286,0.0,0.0,0.110286,0.1103,Attack,Attack-TCP-Flag-ACK-PSH
40,0.0,0.5,0.1081,20,0.0,0.0,0.1081,20,0,0.5,0.0,20.0,62602,0.0,0.0,20.0,18.504827,0.0,0.0,20.0,18.504827,0.0,0.0,0,0.0,0.1081,0.0,0,1,0.10807991,0.0,0,1,0.10807991,0.10807991,0.0,0.0,0.10807991,0.1081,Attack,Attack-TCP-Flag-ACK-PSH
20,20.0,1.0,1702931800.0,20,20.0,0.0,1702931800.0,20,0,0.0,1702931800.0,20.0,0,0.0,1702931800.0,20.0,0.0,0.0,1702931800.0,20.0,0.0,0.0,1702931800.0,20,0.0,1702931800.0,1702931800.0,20,1,1702931800.0,1702931800.0,20,0,1702931800.0,0.0,20.0,0.0,1702931800.0,0.0,Attack,Attack-TCP-Flag-ACK-PSH
24,24.0,0.0,1702931800.0,24,24.0,1.0,1702931800.0,24,65535,0.0,1702931800.0,24.0,0,0.0,1702931800.0,24.0,0.0,1.0,1702931800.0,24.0,0.0,0.0,1702931800.0,24,0.0,1702931800.0,1702931800.0,24,0,1702931800.0,1702931800.0,24,0,1702931800.0,0.0,24.0,1.0,1702931800.0,0.0,Attack,Attack-TCP-Flag-ACK-PSH
20,20.0,1.0,1702931800.0,20,20.0,0.0,1702931800.0,20,0,0.0,1702931800.0,20.0,0,0.0,1702931800.0,20.0,0.0,0.0,1702931800.0,20.0,0.0,0.0,1702931800.0,20,0.0,1702931800.0,1702931800.0,20,1,1702931800.0,1702931800.0,20,0,1702931800.0,0.0,20.0,0.0,1702931800.0,0.0,Attack,Attack-TCP-Flag-ACK-PSH
52,32.0,0.5,0.0002,32,32.0,0.5,0.0002,20,1024,0.5,1702931800.0,26.0,0,0.0,1702931800.0,26.0,10699.755,1.0,1702931800.0,20.0,5349.8774,0.0,1702931800.0,32,5349.8774,0.0002,1702931800.0,32,1,0.00018692017,1702931800.0,32,1,0.00018692017,1702931800.0,32.0,0.5,0.00018692017,1702931800.0,Attack,Attack-TCP-Flag-ACK-PSH
40,0.0,0.5,0.1112,20,0.0,0.0,0.1112,20,0,0.5,0.0,20.0,62588,0.0,0.0,20.0,17.980585,0.0,0.0,20.0,17.980585,0.0,0.0,0,0.0,0.1112,0.0,0,1,0.11123109,0.0,0,1,0.11123109,0.11123109,0.0,0.0,0.11123109,0.1112,Attack,Attack-TCP-Flag-ACK-PSH
244,32.0,0.125,2.0,32,32.0,0.25,1e-04,20,8192,0.125,3.0104,30.5,65535,0.0,3.010443,32.0,0.3808222,1.0,3.010443,32.0,0.28561667,0.0,3.010443,64,0.09520555,3.001,3.0104,32,1,7.9995136,3.0104,32,1,0.0001411438,21.007036,32.0,0.875,21.007177,1.0011,Attack,Attack-TCP-Flag-ACK-PSH
20,20.0,1.0,1702931800.0,20,20.0,0.0,1702931800.0,20,0,0.0,1702931800.0,20.0,0,0.0,1702931800.0,20.0,0.0,0.0,1702931800.0,20.0,0.0,0.0,1702931800.0,20,0.0,1702931800.0,1702931800.0,20,1,1702931800.0,1702931800.0,20,0,1702931800.0,0.0,20.0,0.0,1702931800.0,0.0,Attack,Attack-TCP-Flag-ACK-PSH
40,0.0,0.5,0.107,20,0.0,0.0,0.107,20,0,0.5,0.0,20.0,62605,0.0,0.0,20.0,18.687405,0.0,0.0,20.0,18.687405,0.0,0.0,0,0.0,0.107,0.0,0,1,0.107023954,0.0,0,1,0.107023954,0.107023954,0.0,0.0,0.107023954,0.107,Attack,Attack-TCP-Flag-ACK-PSH
40,0.0,0.5,0.111,20,0.0,0.0,0.111,20,0,0.5,0.0,20.0,62596,0.0,0.0,20.0,18.01948,0.0,0.0,20.0,18.01948,0.0,0.0,0,0.0,0.111,0.0,0,1,0.110991,0.0,0,1,0.110991,0.110991,0.0,0.0,0.110991,0.111,Attack,Attack-TCP-Flag-ACK-PSH
24,24.0,0.0,1702931800.0,24,24.0,1.0,1702931800.0,24,1025,0.0,1702931800.0,24.0,0,0.0,1702931800.0,24.0,0.0,1.0,1702931800.0,24.0,0.0,0.0,1702931800.0,24,0.0,1702931800.0,1702931800.0,24,0,1702931800.0,1702931800.0,24,0,1702931800.0,0.0,24.0,1.0,1702931800.0,0.0,Attack,Attack-TCP-Flag-ACK-PSH
20,20.0,1.0,1702931800.0,20,20.0,0.0,1702931800.0,20,0,0.0,1702931800.0,20.0,0,0.0,1702931800.0,20.0,0.0,0.0,1702931800.0,20.0,0.0,0.0,1702931800.0,20,0.0,1702931800.0,1702931800.0,20,1,1702931800.0,1702931800.0,20,0,1702931800.0,0.0,20.0,0.0,1702931800.0,0.0,Attack,Attack-TCP-Flag-ACK-PSH
20,20.0,1.0,1702931800.0,20,20.0,0.0,1702931800.0,20,0,0.0,1702931800.0,20.0,0,0.0,1702931800.0,20.0,0.0,0.0,1702931800.0,20.0,0.0,0.0,1702931800.0,20,0.0,1702931800.0,1702931800.0,20,1,1702931800.0,1702931800.0,20,0,1702931800.0,0.0,20.0,0.0,1702931800.0,0.0,Attack,Attack-TCP-Flag-ACK-PSH
40,0.0,0.5,0.1084,20,0.0,0.0,0.1084,20,0,0.5,0.0,20.0,62608,0.0,0.0,20.0,18.445257,0.0,0.0,20.0,18.445257,0.0,0.0,0,0.0,0.1084,0.0,0,1,0.108428955,0.0,0,1,0.108428955,0.108428955,0.0,0.0,0.108428955,0.1084,Attack,Attack-TCP-Flag-ACK-PSH
40,0.0,0.5,0.111,20,0.0,0.0,0.111,20,0,0.5,0.0,20.0,62588,0.0,0.0,20.0,18.023079,0.0,0.0,20.0,18.023079,0.0,0.0,0,0.0,0.111,0.0,0,1,0.11096883,0.0,0,1,0.11096883,0.11096883,0.0,0.0,0.11096883,0.111,Attack,Attack-TCP-Flag-ACK-PSH
20,20.0,1.0,1702931800.0,20,20.0,0.0,1702931800.0,20,0,0.0,1702931800.0,20.0,0,0.0,1702931800.0,20.0,0.0,0.0,1702931800.0,20.0,0.0,0.0,1702931800.0,20,0.0,1702931800.0,1702931800.0,20,1,1702931800.0,1702931800.0,20,0,1702931800.0,0.0,20.0,0.0,1702931800.0,0.0,Attack,Attack-TCP-Flag-ACK-PSH
24,24.0,0.0,1702931800.0,24,24.0,1.0,1702931800.0,24,1025,0.0,1702931800.0,24.0,0,0.0,1702931800.0,24.0,0.0,1.0,1702931800.0,24.0,0.0,0.0,1702931800.0,24,0.0,1702931800.0,1702931800.0,24,0,1702931800.0,1702931800.0,24,0,1702931800.0,0.0,24.0,1.0,1702931800.0,0.0,Attack,Attack-TCP-Flag-ACK-PSH
40,0.0,0.5,0.108,20,0.0,0.0,0.108,20,0,0.5,0.0,20.0,62599,0.0,0.0,20.0,18.525219,0.0,0.0,20.0,18.525219,0.0,0.0,0,0.0,0.108,0.0,0,1,0.10796094,0.0,0,1,0.10796094,0.10796094,0.0,0.0,0.10796094,0.108,Attack,Attack-TCP-Flag-ACK-PSH
44,24.0,0.5,1e-04,24,24.0,0.5,1e-04,20,1024,0.5,1702931800.0,22.0,0,0.0,1702931800.0,22.0,14716.856,1.0,1702931800.0,20.0,7358.428,0.0,1702931800.0,24,7358.428,1e-04,1702931800.0,24,1,0.00013589859,1702931800.0,24,1,0.00013589859,1702931800.0,24.0,0.5,0.00013589859,1702931800.0,Attack,Attack-TCP-Flag-ACK-PSH
40,0.0,0.5,0.1109,20,0.0,0.0,0.1109,20,0,0.5,0.0,20.0,62602,0.0,0.0,20.0,18.030672,0.0,0.0,20.0,18.030672,0.0,0.0,0,0.0,0.1109,0.0,0,1,0.1109221,0.0,0,1,0.1109221,0.1109221,0.0,0.0,0.1109221,0.1109,Attack,Attack-TCP-Flag-ACK-PSH
40,0.0,0.5,0.11,20,0.0,0.0,0.11,20,0,0.5,0.0,20.0,62611,0.0,0.0,20.0,18.177698,0.0,0.0,20.0,18.177698,0.0,0.0,0,0.0,0.11,0.0,0,1,0.11002493,0.0,0,1,0.11002493,0.11002493,0.0,0.0,0.11002493,0.11,Attack,Attack-TCP-Flag-ACK-PSH
60,40.0,0.5,1e-04,40,40.0,0.5,1e-04,20,29200,0.5,1702931800.0,30.0,0,0.0,1702931800.0,30.0,18157.16,1.0,1702931800.0,20.0,9078.58,0.0,1702931800.0,40,9078.58,1e-04,1702931800.0,40,1,0.00011014938,1702931800.0,40,1,0.00011014938,1702931800.0,40.0,0.5,0.00011014938,1702931800.0,Attack,Attack-TCP-Flag-ACK-PSH
24,24.0,0.0,1702931800.0,24,24.0,1.0,1702931800.0,24,1025,0.0,1702931800.0,24.0,0,0.0,1702931800.0,24.0,0.0,1.0,1702931800.0,24.0,0.0,0.0,1702931800.0,24,0.0,1702931800.0,1702931800.0,24,0,1702931800.0,1702931800.0,24,0,1702931800.0,0.0,24.0,1.0,1702931800.0,0.0,Attack,Attack-TCP-Flag-ACK-PSH
40,0.0,0.5,0.1081,20,0.0,0.0,0.1081,20,0,0.5,0.0,20.0,62602,0.0,0.0,20.0,18.504295,0.0,0.0,20.0,18.504295,0.0,0.0,0,0.0,0.1081,0.0,0,1,0.10808301,0.0,0,1,0.10808301,0.10808301,0.0,0.0,0.10808301,0.1081,Attack,Attack-TCP-Flag-ACK-PSH
40,0.0,0.5,0.1119,20,0.0,0.0,0.1119,20,0,0.5,0.0,20.0,62608,0.0,0.0,20.0,17.88044,0.0,0.0,20.0,17.88044,0.0,0.0,0,0.0,0.1119,0.0,0,1,0.11185408,0.0,0,1,0.11185408,0.11185408,0.0,0.0,0.11185408,0.1119,Attack,Attack-TCP-Flag-ACK-PSH
60,40.0,0.5,1e-04,40,40.0,0.5,1e-04,20,14400,0.5,1702931800.0,30.0,0,0.0,1702931800.0,30.0,14004.354,1.0,1702931800.0,20.0,7002.177,0.0,1702931800.0,40,7002.177,1e-04,1702931800.0,40,1,0.00014281273,1702931800.0,40,1,0.00014281273,1702931800.0,40.0,0.5,0.00014281273,1702931800.0,Attack,Attack-TCP-Flag-ACK-PSH
40,0.0,0.5,0.1111,20,0.0,0.0,0.1111,20,0,0.5,0.0,20.0,62605,0.0,0.0,20.0,17.996632,0.0,0.0,20.0,17.996632,0.0,0.0,0,0.0,0.1111,0.0,0,1,0.11113191,0.0,0,1,0.11113191,0.11113191,0.0,0.0,0.11113191,0.1111,Attack,Attack-TCP-Flag-ACK-PSH
40,0.0,0.5,0.1092,20,0.0,0.0,0.1092,20,0,0.5,0.0,20.0,62602,0.0,0.0,20.0,18.308302,0.0,0.0,20.0,18.308302,0.0,0.0,0,0.0,0.1092,0.0,0,1,0.109240055,0.0,0,1,0.109240055,0.109240055,0.0,0.0,0.109240055,0.1092,Attack,Attack-TCP-Flag-ACK-PSH
40,0.0,0.5,0.1108,20,0.0,0.0,0.1108,20,0,0.5,0.0,20.0,62605,0.0,0.0,20.0,18.05314,0.0,0.0,20.0,18.05314,0.0,0.0,0,0.0,0.1108,0.0,0,1,0.110784054,0.0,0,1,0.110784054,0.110784054,0.0,0.0,0.110784054,0.1108,Attack,Attack-TCP-Flag-ACK-PSH
20,20.0,1.0,1702931800.0,20,20.0,0.0,1702931800.0,20,0,0.0,1702931800.0,20.0,0,0.0,1702931800.0,20.0,0.0,0.0,1702931800.0,20.0,0.0,0.0,1702931800.0,20,0.0,1702931800.0,1702931800.0,20,1,1702931800.0,1702931800.0,20,0,1702931800.0,0.0,20.0,0.0,1702931800.0,0.0,Attack,Attack-TCP-Flag-ACK-PSH
40,0.0,0.5,0.1112,20,0.0,0.0,0.1112,20,0,0.5,0.0,20.0,62602,0.0,0.0,20.0,17.984787,0.0,0.0,20.0,17.984787,0.0,0.0,0,0.0,0.1112,0.0,0,1,0.1112051,0.0,0,1,0.1112051,0.1112051,0.0,0.0,0.1112051,0.1112,Attack,Attack-TCP-Flag-ACK-PSH
40,0.0,0.5,0.1112,20,0.0,0.0,0.1112,20,0,0.5,0.0,20.0,62605,0.0,0.0,20.0,17.98174,0.0,0.0,20.0,17.98174,0.0,0.0,0,0.0,0.1112,0.0,0,1,0.111223936,0.0,0,1,0.111223936,0.111223936,0.0,0.0,0.111223936,0.1112,Attack,Attack-TCP-Flag-ACK-PSH
40,0.0,0.5,0.1109,20,0.0,0.0,0.1109,20,0,0.5,0.0,20.0,62602,0.0,0.0,20.0,18.032145,0.0,0.0,20.0,18.032145,0.0,0.0,0,0.0,0.1109,0.0,0,1,0.11091304,0.0,0,1,0.11091304,0.11091304,0.0,0.0,0.11091304,0.1109,Attack,Attack-TCP-Flag-ACK-PSH
40,0.0,0.5,0.1111,20,0.0,0.0,0.1111,20,0,0.5,0.0,20.0,62605,0.0,0.0,20.0,18.004047,0.0,0.0,20.0,18.004047,0.0,0.0,0,0.0,0.1111,0.0,0,1,0.11108613,0.0,0,1,0.11108613,0.11108613,0.0,0.0,0.11108613,0.1111,Attack,Attack-TCP-Flag-ACK-PSH
20,20.0,0.0,1702931800.0,20,20.0,1.0,1702931800.0,20,1024,0.0,1702931800.0,20.0,0,0.0,1702931800.0,20.0,0.0,1.0,1702931800.0,20.0,0.0,0.0,1702931800.0,20,0.0,1702931800.0,1702931800.0,20,0,1702931800.0,1702931800.0,20,0,1702931800.0,0.0,20.0,1.0,1702931800.0,0.0,Attack,Attack-TCP-Flag-ACK-PSH
20,20.0,1.0,1702931800.0,20,20.0,0.0,1702931800.0,20,1200,0.0,1702931800.0,20.0,0,0.0,1702931800.0,20.0,0.0,0.0,1702931800.0,20.0,0.0,0.0,1702931800.0,20,0.0,1702931800.0,1702931800.0,20,1,1702931800.0,1702931800.0,20,0,1702931800.0,0.0,20.0,0.0,1702931800.0,0.0,Attack,Attack-TCP-Flag-ACK-PSH
40,0.0,0.5,0.111,20,0.0,0.0,0.111,20,0,0.5,0.0,20.0,62608,0.0,0.0,20.0,18.022072,0.0,0.0,20.0,18.022072,0.0,0.0,0,0.0,0.111,0.0,0,1,0.11097503,0.0,0,1,0.11097503,0.11097503,0.0,0.0,0.11097503,0.111,Attack,Attack-TCP-Flag-ACK-PSH
24,24.0,0.0,1702931800.0,24,24.0,1.0,1702931800.0,24,65535,0.0,1702931800.0,24.0,0,0.0,1702931800.0,24.0,0.0,1.0,1702931800.0,24.0,0.0,0.0,1702931800.0,24,0.0,1702931800.0,1702931800.0,24,0,1702931800.0,1702931800.0,24,0,1702931800.0,0.0,24.0,1.0,1702931800.0,0.0,Attack,Attack-TCP-Flag-ACK-PSH
20,20.0,1.0,1702931800.0,20,20.0,0.0,1702931800.0,20,0,0.0,1702931800.0,20.0,0,0.0,1702931800.0,20.0,0.0,0.0,1702931800.0,20.0,0.0,0.0,1702931800.0,20,0.0,1702931800.0,1702931800.0,20,1,1702931800.0,1702931800.0,20,0,1702931800.0,0.0,20.0,0.0,1702931800.0,0.0,Attack,Attack-TCP-Flag-ACK-PSH
24,24.0,0.0,1702931800.0,24,24.0,1.0,1702931800.0,24,1025,0.0,1702931800.0,24.0,0,0.0,1702931800.0,24.0,0.0,1.0,1702931800.0,24.0,0.0,0.0,1702931800.0,24,0.0,1702931800.0,1702931800.0,24,0,1702931800.0,1702931800.0,24,0,1702931800.0,0.0,24.0,1.0,1702931800.0,0.0,Attack,Attack-TCP-Flag-ACK-PSH
40,20.0,0.5,1e-04,20,20.0,0.5,1e-04,20,1024,0.5,1702931800.0,20.0,0,0.0,1702931800.0,20.0,24385.488,1.0,1702931800.0,20.0,12192.744,0.0,1702931800.0,20,12192.744,1e-04,1702931800.0,20,1,8.201599e-05,1702931800.0,20,1,8.201599e-05,1702931800.0,20.0,0.5,8.201599e-05,1702931800.0,Attack,Attack-TCP-Flag-ACK-PSH
40,0.0,0.5,0.1063,20,0.0,0.0,0.1063,20,0,0.5,0.0,20.0,62596,0.0,0.0,20.0,18.810774,0.0,0.0,20.0,18.810774,0.0,0.0,0,0.0,0.1063,0.0,0,1,0.10632205,0.0,0,1,0.10632205,0.10632205,0.0,0.0,0.10632205,0.1063,Attack,Attack-TCP-Flag-ACK-PSH
20,20.0,1.0,1702931800.0,20,20.0,0.0,1702931800.0,20,1200,0.0,1702931800.0,20.0,0,0.0,1702931800.0,20.0,0.0,0.0,1702931800.0,20.0,0.0,0.0,1702931800.0,20,0.0,1702931800.0,1702931800.0,20,1,1702931800.0,1702931800.0,20,0,1702931800.0,0.0,20.0,0.0,1702931800.0,0.0,Attack,Attack-TCP-Flag-ACK-PSH
40,40.0,0.0,1702931800.0,40,40.0,1.0,1702931800.0,40,64240,0.0,1702931800.0,40.0,0,0.0,1702931800.0,40.0,0.0,1.0,1702931800.0,40.0,0.0,0.0,1702931800.0,40,0.0,1702931800.0,1702931800.0,40,0,1702931800.0,1702931800.0,40,0,1702931800.0,0.0,40.0,1.0,1702931800.0,0.0,Attack,Attack-TCP-Flag-ACK-PSH
20,20.0,1.0,1702931800.0,20,20.0,0.0,1702931800.0,20,0,0.0,1702931800.0,20.0,0,0.0,1702931800.0,20.0,0.0,0.0,1702931800.0,20.0,0.0,0.0,1702931800.0,20,0.0,1702931800.0,1702931800.0,20,1,1702931800.0,1702931800.0,20,0,1702931800.0,0.0,20.0,0.0,1702931800.0,0.0,Attack,Attack-TCP-Flag-ACK-PSH
40,0.0,0.5,0.1083,20,0.0,0.0,0.1083,20,0,0.5,0.0,20.0,62605,0.0,0.0,20.0,18.473204,0.0,0.0,20.0,18.473204,0.0,0.0,0,0.0,0.1083,0.0,0,1,0.10826492,0.0,0,1,0.10826492,0.10826492,0.0,0.0,0.10826492,0.1083,Attack,Attack-TCP-Flag-ACK-PSH
24,24.0,0.0,1702931800.0,24,24.0,1.0,1702931800.0,24,65535,0.0,1702931800.0,24.0,0,0.0,1702931800.0,24.0,0.0,1.0,1702931800.0,24.0,0.0,0.0,1702931800.0,24,0.0,1702931800.0,1702931800.0,24,0,1702931800.0,1702931800.0,24,0,1702931800.0,0.0,24.0,1.0,1702931800.0,0.0,Attack,Attack-TCP-Flag-ACK-PSH
40,0.0,0.5,0.111,20,0.0,0.0,0.111,20,0,0.5,0.0,20.0,62590,0.0,0.0,20.0,18.023544,0.0,0.0,20.0,18.023544,0.0,0.0,0,0.0,0.111,0.0,0,1,0.11096597,0.0,0,1,0.11096597,0.11096597,0.0,0.0,0.11096597,0.111,Attack,Attack-TCP-Flag-ACK-PSH
20,20.0,1.0,1702931800.0,20,20.0,0.0,1702931800.0,20,0,0.0,1702931800.0,20.0,0,0.0,1702931800.0,20.0,0.0,0.0,1702931800.0,20.0,0.0,0.0,1702931800.0,20,0.0,1702931800.0,1702931800.0,20,1,1702931800.0,1702931800.0,20,0,1702931800.0,0.0,20.0,0.0,1702931800.0,0.0,Attack,Attack-TCP-Flag-ACK-PSH
40,20.0,0.5,1e-04,20,20.0,0.5,1e-04,20,1024,0.5,1702931800.0,20.0,0,0.0,1702931800.0,20.0,27413.752,1.0,1702931800.0,20.0,13706.876,0.0,1702931800.0,20,13706.876,1e-04,1702931800.0,20,1,7.2956085e-05,1702931800.0,20,1,7.2956085e-05,1702931800.0,20.0,0.5,7.2956085e-05,1702931800.0,Attack,Attack-TCP-Flag-ACK-PSH
40,0.0,0.5,0.1101,20,0.0,0.0,0.1101,20,0,0.5,0.0,20.0,62608,0.0,0.0,20.0,18.1701,0.0,0.0,20.0,18.1701,0.0,0.0,0,0.0,0.1101,0.0,0,1,0.110070944,0.0,0,1,0.110070944,0.110070944,0.0,0.0,0.110070944,0.1101,Attack,Attack-TCP-Flag-ACK-PSH
24,24.0,0.0,1702931800.0,24,24.0,1.0,1702931800.0,24,1025,0.0,1702931800.0,24.0,0,0.0,1702931800.0,24.0,0.0,1.0,1702931800.0,24.0,0.0,0.0,1702931800.0,24,0.0,1702931800.0,1702931800.0,24,0,1702931800.0,1702931800.0,24,0,1702931800.0,0.0,24.0,1.0,1702931800.0,0.0,Attack,Attack-TCP-Flag-ACK-PSH
40,0.0,0.5,0.1079,20,0.0,0.0,0.1079,20,0,0.5,0.0,20.0,62599,0.0,0.0,20.0,18.53021,0.0,0.0,20.0,18.53021,0.0,0.0,0,0.0,0.1079,0.0,0,1,0.10793185,0.0,0,1,0.10793185,0.10793185,0.0,0.0,0.10793185,0.1079,Attack,Attack-TCP-Flag-ACK-PSH
40,0.0,0.5,0.1101,20,0.0,0.0,0.1101,20,0,0.5,0.0,20.0,62602,0.0,0.0,20.0,18.170258,0.0,0.0,20.0,18.170258,0.0,0.0,0,0.0,0.1101,0.0,0,1,0.11006999,0.0,0,1,0.11006999,0.11006999,0.0,0.0,0.11006999,0.1101,Attack,Attack-TCP-Flag-ACK-PSH
40,0.0,0.5,0.1101,20,0.0,0.0,0.1101,20,0,0.5,0.0,20.0,62594,0.0,0.0,20.0,18.170258,0.0,0.0,20.0,18.170258,0.0,0.0,0,0.0,0.1101,0.0,0,1,0.11006999,0.0,0,1,0.11006999,0.11006999,0.0,0.0,0.11006999,0.1101,Attack,Attack-TCP-Flag-ACK-PSH
40,0.0,0.5,0.1094,20,0.0,0.0,0.1094,20,0,0.5,0.0,20.0,62611,0.0,0.0,20.0,18.28723,0.0,0.0,20.0,18.28723,0.0,0.0,0,0.0,0.1094,0.0,0,1,0.10936594,0.0,0,1,0.10936594,0.10936594,0.0,0.0,0.10936594,0.1094,Attack,Attack-TCP-Flag-ACK-PSH
40,0.0,0.5,0.108,20,0.0,0.0,0.108,20,0,0.5,0.0,20.0,62608,0.0,0.0,20.0,18.51749,0.0,0.0,20.0,18.51749,0.0,0.0,0,0.0,0.108,0.0,0,1,0.108006,0.0,0,1,0.108006,0.108006,0.0,0.0,0.108006,0.108,Attack,Attack-TCP-Flag-ACK-PSH
40,0.0,0.5,0.107,20,0.0,0.0,0.107,20,0,0.5,0.0,20.0,62596,0.0,0.0,20.0,18.6944,0.0,0.0,20.0,18.6944,0.0,0.0,0,0.0,0.107,0.0,0,1,0.1069839,0.0,0,1,0.1069839,0.1069839,0.0,0.0,0.1069839,0.107,Attack,Attack-TCP-Flag-ACK-PSH
40,0.0,0.5,0.109,20,0.0,0.0,0.109,20,0,0.5,0.0,20.0,62608,0.0,0.0,20.0,18.356379,0.0,0.0,20.0,18.356379,0.0,0.0,0,0.0,0.109,0.0,0,1,0.10895395,0.0,0,1,0.10895395,0.10895395,0.0,0.0,0.10895395,0.109,Attack,Attack-TCP-Flag-ACK-PSH
40,0.0,0.5,0.1101,20,0.0,0.0,0.1101,20,0,0.5,0.0,20.0,62611,0.0,0.0,20.0,18.173367,0.0,0.0,20.0,18.173367,0.0,0.0,0,0.0,0.1101,0.0,0,1,0.110051155,0.0,0,1,0.110051155,0.110051155,0.0,0.0,0.110051155,0.1101,Attack,Attack-TCP-Flag-ACK-PSH
20,20.0,1.0,1702931800.0,20,20.0,0.0,1702931800.0,20,1200,0.0,1702931800.0,20.0,0,0.0,1702931800.0,20.0,0.0,0.0,1702931800.0,20.0,0.0,0.0,1702931800.0,20,0.0,1702931800.0,1702931800.0,20,1,1702931800.0,1702931800.0,20,0,1702931800.0,0.0,20.0,0.0,1702931800.0,0.0,Attack,Attack-TCP-Flag-ACK-PSH
40,0.0,0.5,0.1109,20,0.0,0.0,0.1109,20,0,0.5,0.0,20.0,62608,0.0,0.0,20.0,18.031525,0.0,0.0,20.0,18.031525,0.0,0.0,0,0.0,0.1109,0.0,0,1,0.11091685,0.0,0,1,0.11091685,0.11091685,0.0,0.0,0.11091685,0.1109,Attack,Attack-TCP-Flag-ACK-PSH
40,0.0,0.5,0.111,20,0.0,0.0,0.111,20,0,0.5,0.0,20.0,62602,0.0,0.0,20.0,18.022537,0.0,0.0,20.0,18.022537,0.0,0.0,0,0.0,0.111,0.0,0,1,0.110972166,0.0,0,1,0.110972166,0.110972166,0.0,0.0,0.110972166,0.111,Attack,Attack-TCP-Flag-ACK-PSH
20,20.0,1.0,1702931800.0,20,20.0,0.0,1702931800.0,20,0,0.0,1702931800.0,20.0,0,0.0,1702931800.0,20.0,0.0,0.0,1702931800.0,20.0,0.0,0.0,1702931800.0,20,0.0,1702931800.0,1702931800.0,20,1,1702931800.0,1702931800.0,20,0,1702931800.0,0.0,20.0,0.0,1702931800.0,0.0,Attack,Attack-TCP-Flag-ACK-PSH
40,0.0,0.5,0.107,20,0.0,0.0,0.107,20,0,0.5,0.0,20.0,62586,0.0,0.0,20.0,18.683243,0.0,0.0,20.0,18.683243,0.0,0.0,0,0.0,0.107,0.0,0,1,0.107047796,0.0,0,1,0.107047796,0.107047796,0.0,0.0,0.107047796,0.107,Attack,Attack-TCP-Flag-ACK-PSH
40,0.0,0.5,0.107,20,0.0,0.0,0.107,20,0,0.5,0.0,20.0,62588,0.0,0.0,20.0,18.69686,0.0,0.0,20.0,18.69686,0.0,0.0,0,0.0,0.107,0.0,0,1,0.10696983,0.0,0,1,0.10696983,0.10696983,0.0,0.0,0.10696983,0.107,Attack,Attack-TCP-Flag-ACK-PSH
40,0.0,0.5,0.111,20,0.0,0.0,0.111,20,0,0.5,0.0,20.0,62602,0.0,0.0,20.0,18.019943,0.0,0.0,20.0,18.019943,0.0,0.0,0,0.0,0.111,0.0,0,1,0.11098814,0.0,0,1,0.11098814,0.11098814,0.0,0.0,0.11098814,0.111,Attack,Attack-TCP-Flag-ACK-PSH
20,20.0,1.0,1702931800.0,20,20.0,0.0,1702931800.0,20,0,0.0,1702931800.0,20.0,0,0.0,1702931800.0,20.0,0.0,0.0,1702931800.0,20.0,0.0,0.0,1702931800.0,20,0.0,1702931800.0,1702931800.0,20,1,1702931800.0,1702931800.0,20,0,1702931800.0,0.0,20.0,0.0,1702931800.0,0.0,Attack,Attack-TCP-Flag-ACK-PSH
24,24.0,0.0,1702931800.0,24,24.0,1.0,1702931800.0,24,1024,0.0,1702931800.0,24.0,0,0.0,1702931800.0,24.0,0.0,1.0,1702931800.0,24.0,0.0,0.0,1702931800.0,24,0.0,1702931800.0,1702931800.0,24,0,1702931800.0,1702931800.0,24,0,1702931800.0,0.0,24.0,1.0,1702931800.0,0.0,Attack,Attack-TCP-Flag-ACK-PSH
40,20.0,0.5,1e-04,20,20.0,0.5,1e-04,20,65535,0.5,1702931800.0,20.0,0,0.0,1702931800.0,20.0,23563.506,1.0,1702931800.0,20.0,11781.753,0.0,1702931800.0,20,11781.753,1e-04,1702931800.0,20,1,8.4877014e-05,1702931800.0,20,1,8.4877014e-05,1702931800.0,20.0,0.5,8.4877014e-05,1702931800.0,Attack,Attack-TCP-Flag-ACK-PSH
40,0.0,0.5,0.1073,20,0.0,0.0,0.1073,20,0,0.5,0.0,20.0,62605,0.0,0.0,20.0,18.642635,0.0,0.0,20.0,18.642635,0.0,0.0,0,0.0,0.1073,0.0,0,1,0.10728097,0.0,0,1,0.10728097,0.10728097,0.0,0.0,0.10728097,0.1073,Attack,Attack-TCP-Flag-ACK-PSH
40,0.0,0.5,0.1086,20,0.0,0.0,0.1086,20,0,0.5,0.0,20.0,62594,0.0,0.0,20.0,18.417719,0.0,0.0,20.0,18.417719,0.0,0.0,0,0.0,0.1086,0.0,0,1,0.10859108,0.0,0,1,0.10859108,0.10859108,0.0,0.0,0.10859108,0.1086,Attack,Attack-TCP-Flag-ACK-PSH
20,20.0,1.0,1702931800.0,20,20.0,0.0,1702931800.0,20,0,0.0,1702931800.0,20.0,0,0.0,1702931800.0,20.0,0.0,0.0,1702931800.0,20.0,0.0,0.0,1702931800.0,20,0.0,1702931800.0,1702931800.0,20,1,1702931800.0,1702931800.0,20,0,1702931800.0,0.0,20.0,0.0,1702931800.0,0.0,Attack,Attack-TCP-Flag-ACK-PSH
60,40.0,0.5,1e-04,40,40.0,0.5,1e-04,20,29200,0.5,1702931800.0,30.0,0,0.0,1702931800.0,30.0,18850.805,1.0,1702931800.0,20.0,9425.402,0.0,1702931800.0,40,9425.402,1e-04,1702931800.0,40,1,0.00010609627,1702931800.0,40,1,0.00010609627,1702931800.0,40.0,0.5,0.00010609627,1702931800.0,Attack,Attack-TCP-Flag-ACK-PSH
40,0.0,0.5,0.1109,20,0.0,0.0,0.1109,20,0,0.5,0.0,20.0,62599,0.0,0.0,20.0,18.03478,0.0,0.0,20.0,18.03478,0.0,0.0,0,0.0,0.1109,0.0,0,1,0.110896826,0.0,0,1,0.110896826,0.110896826,0.0,0.0,0.110896826,0.1109,Attack,Attack-TCP-Flag-ACK-PSH
40,0.0,0.5,0.1067,20,0.0,0.0,0.1067,20,0,0.5,0.0,20.0,62611,0.0,0.0,20.0,18.741346,0.0,0.0,20.0,18.741346,0.0,0.0,0,0.0,0.1067,0.0,0,1,0.10671592,0.0,0,1,0.10671592,0.10671592,0.0,0.0,0.10671592,0.1067,Attack,Attack-TCP-Flag-ACK-PSH
40,20.0,0.5,0.0002,20,20.0,0.5,0.0002,20,1024,0.5,1702931800.0,20.0,0,0.0,1702931800.0,20.0,9218.251,1.0,1702931800.0,20.0,4609.1255,0.0,1702931800.0,20,4609.1255,0.0002,1702931800.0,20,1,0.0002169609,1702931800.0,20,1,0.0002169609,1702931800.0,20.0,0.5,0.0002169609,1702931800.0,Attack,Attack-TCP-Flag-ACK-PSH
24,24.0,0.0,1702931800.0,24,24.0,1.0,1702931800.0,24,65535,0.0,1702931800.0,24.0,0,0.0,1702931800.0,24.0,0.0,1.0,1702931800.0,24.0,0.0,0.0,1702931800.0,24,0.0,1702931800.0,1702931800.0,24,0,1702931800.0,1702931800.0,24,0,1702931800.0,0.0,24.0,1.0,1702931800.0,0.0,Attack,Attack-TCP-Flag-ACK-PSH
40,0.0,0.5,0.1111,20,0.0,0.0,0.1111,20,0,0.5,0.0,20.0,62592,0.0,0.0,20.0,18.009073,0.0,0.0,20.0,18.009073,0.0,0.0,0,0.0,0.1111,0.0,0,1,0.111055136,0.0,0,1,0.111055136,0.111055136,0.0,0.0,0.111055136,0.1111,Attack,Attack-TCP-Flag-ACK-PSH
40,0.0,0.5,0.111,20,0.0,0.0,0.111,20,0,0.5,0.0,20.0,62602,0.0,0.0,20.0,18.023893,0.0,0.0,20.0,18.023893,0.0,0.0,0,0.0,0.111,0.0,0,1,0.11096382,0.0,0,1,0.11096382,0.11096382,0.0,0.0,0.11096382,0.111,Attack,Attack-TCP-Flag-ACK-PSH
20,20.0,1.0,1702931800.0,20,20.0,0.0,1702931800.0,20,0,0.0,1702931800.0,20.0,0,0.0,1702931800.0,20.0,0.0,0.0,1702931800.0,20.0,0.0,0.0,1702931800.0,20,0.0,1702931800.0,1702931800.0,20,1,1702931800.0,1702931800.0,20,0,1702931800.0,0.0,20.0,0.0,1702931800.0,0.0,Attack,Attack-TCP-Flag-ACK-PSH
40,0.0,0.5,0.1069,20,0.0,0.0,0.1069,20,0,0.5,0.0,20.0,62605,0.0,0.0,20.0,18.701029,0.0,0.0,20.0,18.701029,0.0,0.0,0,0.0,0.1069,0.0,0,1,0.10694599,0.0,0,1,0.10694599,0.10694599,0.0,0.0,0.10694599,0.1069,Attack,Attack-TCP-Flag-ACK-PSH
40,0.0,0.5,0.1078,20,0.0,0.0,0.1078,20,0,0.5,0.0,20.0,62602,0.0,0.0,20.0,18.558744,0.0,0.0,20.0,18.558744,0.0,0.0,0,0.0,0.1078,0.0,0,1,0.10776591,0.0,0,1,0.10776591,0.10776591,0.0,0.0,0.10776591,0.1078,Attack,Attack-TCP-Flag-ACK-PSH
40,0.0,0.5,0.111,20,0.0,0.0,0.111,20,0,0.5,0.0,20.0,62599,0.0,0.0,20.0,18.020292,0.0,0.0,20.0,18.020292,0.0,0.0,0,0.0,0.111,0.0,0,1,0.110985994,0.0,0,1,0.110985994,0.110985994,0.0,0.0,0.110985994,0.111,Attack,Attack-TCP-Flag-ACK-PSH
40,0.0,0.5,0.108,20,0.0,0.0,0.108,20,0,0.5,0.0,20.0,62602,0.0,0.0,20.0,18.51083,0.0,0.0,20.0,18.51083,0.0,0.0,0,0.0,0.108,0.0,0,1,0.10804486,0.0,0,1,0.10804486,0.10804486,0.0,0.0,0.10804486,0.108,Attack,Attack-TCP-Flag-ACK-PSH
40,0.0,0.5,0.1086,20,0.0,0.0,0.1086,20,0,0.5,0.0,20.0,62599,0.0,0.0,20.0,18.411291,0.0,0.0,20.0,18.411291,0.0,0.0,0,0.0,0.1086,0.0,0,1,0.10862899,0.0,0,1,0.10862899,0.10862899,0.0,0.0,0.10862899,0.1086,Attack,Attack-TCP-Flag-ACK-PSH
40,20.0,0.5,1e-04,20,20.0,0.5,1e-04,20,65535,0.5,1702931800.0,20.0,0,0.0,1702931800.0,20.0,16131.938,1.0,1702931800.0,20.0,8065.969,0.0,1702931800.0,20,8065.969,1e-04,1702931800.0,20,1,0.00012397766,1702931800.0,20,1,0.00012397766,1702931800.0,20.0,0.5,0.00012397766,1702931800.0,Attack,Attack-TCP-Flag-ACK-PSH
20,20.0,1.0,1702931800.0,20,20.0,0.0,1702931800.0,20,0,0.0,1702931800.0,20.0,0,0.0,1702931800.0,20.0,0.0,0.0,1702931800.0,20.0,0.0,0.0,1702931800.0,20,0.0,1702931800.0,1702931800.0,20,1,1702931800.0,1702931800.0,20,0,1702931800.0,0.0,20.0,0.0,1702931800.0,0.0,Attack,Attack-TCP-Flag-ACK-PSH
24,24.0,0.0,1702931800.0,24,24.0,1.0,1702931800.0,24,65535,0.0,1702931800.0,24.0,0,0.0,1702931800.0,24.0,0.0,1.0,1702931800.0,24.0,0.0,0.0,1702931800.0,24,0.0,1702931800.0,1702931800.0,24,0,1702931800.0,1702931800.0,24,0,1702931800.0,0.0,24.0,1.0,1702931800.0,0.0,Attack,Attack-TCP-Flag-ACK-PSH
40,20.0,0.5,0.0005,20,20.0,0.5,0.0005,20,65535,0.5,1702931800.0,20.0,0,0.0,1702931800.0,20.0,4247.3965,1.0,1702931800.0,20.0,2123.6982,0.0,1702931800.0,20,2123.6982,0.0005,1702931800.0,20,1,0.0004708767,1702931800.0,20,1,0.0004708767,1702931800.0,20.0,0.5,0.0004708767,1702931800.0,Attack,Attack-TCP-Flag-ACK-PSH
24,24.0,0.0,1702931800.0,24,24.0,1.0,1702931800.0,24,65535,0.0,1702931800.0,24.0,0,0.0,1702931800.0,24.0,0.0,1.0,1702931800.0,24.0,0.0,0.0,1702931800.0,24,0.0,1702931800.0,1702931800.0,24,0,1702931800.0,1702931800.0,24,0,1702931800.0,0.0,24.0,1.0,1702931800.0,0.0,Attack,Attack-TCP-Flag-ACK-PSH
40,0.0,0.5,0.111,20,0.0,0.0,0.111,20,0,0.5,0.0,20.0,62596,0.0,0.0,20.0,18.020447,0.0,0.0,20.0,18.020447,0.0,0.0,0,0.0,0.111,0.0,0,1,0.11098504,0.0,0,1,0.11098504,0.11098504,0.0,0.0,0.11098504,0.111,Attack,Attack-TCP-Flag-ACK-PSH
40,0.0,0.5,0.1112,20,0.0,0.0,0.1112,20,0,0.5,0.0,20.0,62614,0.0,0.0,20.0,17.980276,0.0,0.0,20.0,17.980276,0.0,0.0,0,0.0,0.1112,0.0,0,1,0.111232996,0.0,0,1,0.111232996,0.111232996,0.0,0.0,0.111232996,0.1112,Attack,Attack-TCP-Flag-ACK-PSH
52,32.0,0.5,0.0002,32,32.0,0.5,0.0002,20,1024,0.5,1702931800.0,26.0,0,0.0,1702931800.0,26.0,10472.669,1.0,1702931800.0,20.0,5236.3345,0.0,1702931800.0,32,5236.3345,0.0002,1702931800.0,32,1,0.00019097328,1702931800.0,32,1,0.00019097328,1702931800.0,32.0,0.5,0.00019097328,1702931800.0,Attack,Attack-TCP-Flag-ACK-PSH
40,0.0,0.5,0.1061,20,0.0,0.0,0.1061,20,0,0.5,0.0,20.0,62592,0.0,0.0,20.0,18.843775,0.0,0.0,20.0,18.843775,0.0,0.0,0,0.0,0.1061,0.0,0,1,0.106135845,0.0,0,1,0.106135845,0.106135845,0.0,0.0,0.106135845,0.1061,Attack,Attack-TCP-Flag-ACK-PSH
40,0.0,0.5,0.1108,20,0.0,0.0,0.1108,20,0,0.5,0.0,20.0,62584,0.0,0.0,20.0,18.043703,0.0,0.0,20.0,18.043703,0.0,0.0,0,0.0,0.1108,0.0,0,1,0.11084199,0.0,0,1,0.11084199,0.11084199,0.0,0.0,0.11084199,0.1108,Attack,Attack-TCP-Flag-ACK-PSH
40,20.0,0.5,1e-04,20,20.0,0.5,1e-04,20,1024,0.5,1702931800.0,20.0,0,0.0,1702931800.0,20.0,13797.053,1.0,1702931800.0,20.0,6898.5264,0.0,1702931800.0,20,6898.5264,1e-04,1702931800.0,20,1,0.0001449585,1702931800.0,20,1,0.0001449585,1702931800.0,20.0,0.5,0.0001449585,1702931800.0,Attack,Attack-TCP-Flag-ACK-PSH
40,0.0,0.5,0.1072,20,0.0,0.0,0.1072,20,0,0.5,0.0,20.0,62590,0.0,0.0,20.0,18.656733,0.0,0.0,20.0,18.656733,0.0,0.0,0,0.0,0.1072,0.0,0,1,0.10719991,0.0,0,1,0.10719991,0.10719991,0.0,0.0,0.10719991,0.1072,Attack,Attack-TCP-Flag-ACK-PSH
20,20.0,0.0,1702931800.0,20,20.0,1.0,1702931800.0,20,65535,0.0,1702931800.0,20.0,0,0.0,1702931800.0,20.0,0.0,1.0,1702931800.0,20.0,0.0,0.0,1702931800.0,20,0.0,1702931800.0,1702931800.0,20,0,1702931800.0,1702931800.0,20,0,1702931800.0,0.0,20.0,1.0,1702931800.0,0.0,Attack,Attack-TCP-Flag-ACK-PSH
40,0.0,0.5,0.1094,20,0.0,0.0,0.1094,20,0,0.5,0.0,20.0,62594,0.0,0.0,20.0,18.282724,0.0,0.0,20.0,18.282724,0.0,0.0,0,0.0,0.1094,0.0,0,1,0.10939288,0.0,0,1,0.10939288,0.10939288,0.0,0.0,0.10939288,0.1094,Attack,Attack-TCP-Flag-ACK-PSH
40,0.0,0.5,0.1107,20,0.0,0.0,0.1107,20,0,0.5,0.0,20.0,62594,0.0,0.0,20.0,18.067682,0.0,0.0,20.0,18.067682,0.0,0.0,0,0.0,0.1107,0.0,0,1,0.110694885,0.0,0,1,0.110694885,0.110694885,0.0,0.0,0.110694885,0.1107,Attack,Attack-TCP-Flag-ACK-PSH
40,0.0,0.5,0.1077,20,0.0,0.0,0.1077,20,0,0.5,0.0,20.0,62596,0.0,0.0,20.0,18.562523,0.0,0.0,20.0,18.562523,0.0,0.0,0,0.0,0.1077,0.0,0,1,0.10774398,0.0,0,1,0.10774398,0.10774398,0.0,0.0,0.10774398,0.1077,Attack,Attack-TCP-Flag-ACK-PSH
20,20.0,1.0,1702931800.0,20,20.0,0.0,1702931800.0,20,0,0.0,1702931800.0,20.0,0,0.0,1702931800.0,20.0,0.0,0.0,1702931800.0,20.0,0.0,0.0,1702931800.0,20,0.0,1702931800.0,1702931800.0,20,1,1702931800.0,1702931800.0,20,0,1702931800.0,0.0,20.0,0.0,1702931800.0,0.0,Attack,Attack-TCP-Flag-ACK-PSH
40,0.0,0.5,0.1092,20,0.0,0.0,0.1092,20,0,0.5,0.0,20.0,62596,0.0,0.0,20.0,18.30998,0.0,0.0,20.0,18.30998,0.0,0.0,0,0.0,0.1092,0.0,0,1,0.10923004,0.0,0,1,0.10923004,0.10923004,0.0,0.0,0.10923004,0.1092,Attack,Attack-TCP-Flag-ACK-PSH
40,0.0,0.5,0.108,20,0.0,0.0,0.108,20,0,0.5,0.0,20.0,62611,0.0,0.0,20.0,18.510298,0.0,0.0,20.0,18.510298,0.0,0.0,0,0.0,0.108,0.0,0,1,0.10804796,0.0,0,1,0.10804796,0.10804796,0.0,0.0,0.10804796,0.108,Attack,Attack-TCP-Flag-ACK-PSH
20,20.0,1.0,1702931800.0,20,20.0,0.0,1702931800.0,20,0,0.0,1702931800.0,20.0,0,0.0,1702931800.0,20.0,0.0,0.0,1702931800.0,20.0,0.0,0.0,1702931800.0,20,0.0,1702931800.0,1702931800.0,20,1,1702931800.0,1702931800.0,20,0,1702931800.0,0.0,20.0,0.0,1702931800.0,0.0,Attack,Attack-TCP-Flag-ACK-PSH
40,0.0,0.5,0.107,20,0.0,0.0,0.107,20,0,0.5,0.0,20.0,62608,0.0,0.0,20.0,18.693693,0.0,0.0,20.0,18.693693,0.0,0.0,0,0.0,0.107,0.0,0,1,0.10698795,0.0,0,1,0.10698795,0.10698795,0.0,0.0,0.10698795,0.107,Attack,Attack-TCP-Flag-ACK-PSH
20,20.0,1.0,1702931800.0,20,20.0,0.0,1702931800.0,20,0,0.0,1702931800.0,20.0,0,0.0,1702931800.0,20.0,0.0,0.0,1702931800.0,20.0,0.0,0.0,1702931800.0,20,0.0,1702931800.0,1702931800.0,20,1,1702931800.0,1702931800.0,20,0,1702931800.0,0.0,20.0,0.0,1702931800.0,0.0,Attack,Attack-TCP-Flag-ACK-PSH
24,24.0,0.0,1702931800.0,24,24.0,1.0,1702931800.0,24,65535,0.0,1702931800.0,24.0,0,0.0,1702931800.0,24.0,0.0,1.0,1702931800.0,24.0,0.0,0.0,1702931800.0,24,0.0,1702931800.0,1702931800.0,24,0,1702931800.0,1702931800.0,24,0,1702931800.0,0.0,24.0,1.0,1702931800.0,0.0,Attack,Attack-TCP-Flag-ACK-PSH
24,24.0,0.0,1702931800.0,24,24.0,1.0,1702931800.0,24,65535,0.0,1702931800.0,24.0,0,0.0,1702931800.0,24.0,0.0,1.0,1702931800.0,24.0,0.0,0.0,1702931800.0,24,0.0,1702931800.0,1702931800.0,24,0,1702931800.0,1702931800.0,24,0,1702931800.0,0.0,24.0,1.0,1702931800.0,0.0,Attack,Attack-TCP-Flag-ACK-PSH
24,24.0,0.0,1702931800.0,24,24.0,1.0,1702931800.0,24,65535,0.0,1702931800.0,24.0,0,0.0,1702931800.0,24.0,0.0,1.0,1702931800.0,24.0,0.0,0.0,1702931800.0,24,0.0,1702931800.0,1702931800.0,24,0,1702931800.0,1702931800.0,24,0,1702931800.0,0.0,24.0,1.0,1702931800.0,0.0,Attack,Attack-TCP-Flag-ACK-PSH
40,0.0,0.5,0.108,20,0.0,0.0,0.108,20,0,0.5,0.0,20.0,62608,0.0,0.0,20.0,18.511482,0.0,0.0,20.0,18.511482,0.0,0.0,0,0.0,0.108,0.0,0,1,0.10804105,0.0,0,1,0.10804105,0.10804105,0.0,0.0,0.10804105,0.108,Attack,Attack-TCP-Flag-ACK-PSH
40,0.0,0.5,0.1069,20,0.0,0.0,0.1069,20,0,0.5,0.0,20.0,62588,0.0,0.0,20.0,18.706617,0.0,0.0,20.0,18.706617,0.0,0.0,0,0.0,0.1069,0.0,0,1,0.10691404,0.0,0,1,0.10691404,0.10691404,0.0,0.0,0.10691404,0.1069,Attack,Attack-TCP-Flag-ACK-PSH
40,20.0,0.5,1e-04,20,20.0,0.5,1e-04,20,1024,0.5,1702931800.0,20.0,0,0.0,1702931800.0,20.0,22733.355,1.0,1702931800.0,20.0,11366.678,0.0,1702931800.0,20,11366.678,1e-04,1702931800.0,20,1,8.7976456e-05,1702931800.0,20,1,8.7976456e-05,1702931800.0,20.0,0.5,8.7976456e-05,1702931800.0,Attack,Attack-TCP-Flag-ACK-PSH
40,0.0,0.5,0.1112,20,0.0,0.0,0.1112,20,0,0.5,0.0,20.0,62594,0.0,0.0,20.0,17.984787,0.0,0.0,20.0,17.984787,0.0,0.0,0,0.0,0.1112,0.0,0,1,0.1112051,0.0,0,1,0.1112051,0.1112051,0.0,0.0,0.1112051,0.1112,Attack,Attack-TCP-Flag-ACK-PSH
24,24.0,0.0,1702931800.0,24,24.0,1.0,1702931800.0,24,65535,0.0,1702931800.0,24.0,0,0.0,1702931800.0,24.0,0.0,1.0,1702931800.0,24.0,0.0,0.0,1702931800.0,24,0.0,1702931800.0,1702931800.0,24,0,1702931800.0,1702931800.0,24,0,1702931800.0,0.0,24.0,1.0,1702931800.0,0.0,Attack,Attack-TCP-Flag-ACK-PSH
40,20.0,0.5,1e-04,20,20.0,0.5,1e-04,20,1024,0.5,1702931800.0,20.0,0,0.0,1702931800.0,20.0,30840.47,1.0,1702931800.0,20.0,15420.235,0.0,1702931800.0,20,15420.235,1e-04,1702931800.0,20,1,6.484985e-05,1702931800.0,20,1,6.484985e-05,1702931800.0,20.0,0.5,6.484985e-05,1702931800.0,Attack,Attack-TCP-Flag-ACK-PSH
40,0.0,0.5,0.1109,20,0.0,0.0,0.1109,20,0,0.5,0.0,20.0,62602,0.0,0.0,20.0,18.030867,0.0,0.0,20.0,18.030867,0.0,0.0,0,0.0,0.1109,0.0,0,1,0.110920906,0.0,0,1,0.110920906,0.110920906,0.0,0.0,0.110920906,0.1109,Attack,Attack-TCP-Flag-ACK-PSH
40,0.0,0.5,0.1082,20,0.0,0.0,0.1082,20,0,0.5,0.0,20.0,62599,0.0,0.0,20.0,18.48395,0.0,0.0,20.0,18.48395,0.0,0.0,0,0.0,0.1082,0.0,0,1,0.10820198,0.0,0,1,0.10820198,0.10820198,0.0,0.0,0.10820198,0.1082,Attack,Attack-TCP-Flag-ACK-PSH
20,20.0,1.0,1702931800.0,20,20.0,0.0,1702931800.0,20,0,0.0,1702931800.0,20.0,0,0.0,1702931800.0,20.0,0.0,0.0,1702931800.0,20.0,0.0,0.0,1702931800.0,20,0.0,1702931800.0,1702931800.0,20,1,1702931800.0,1702931800.0,20,0,1702931800.0,0.0,20.0,0.0,1702931800.0,0.0,Attack,Attack-TCP-Flag-ACK-PSH
24,24.0,0.0,1702931800.0,24,24.0,1.0,1702931800.0,24,1025,0.0,1702931800.0,24.0,0,0.0,1702931800.0,24.0,0.0,1.0,1702931800.0,24.0,0.0,0.0,1702931800.0,24,0.0,1702931800.0,1702931800.0,24,0,1702931800.0,1702931800.0,24,0,1702931800.0,0.0,24.0,1.0,1702931800.0,0.0,Attack,Attack-TCP-Flag-ACK-PSH
24,24.0,0.0,1702931800.0,24,24.0,1.0,1702931800.0,24,65535,0.0,1702931800.0,24.0,0,0.0,1702931800.0,24.0,0.0,1.0,1702931800.0,24.0,0.0,0.0,1702931800.0,24,0.0,1702931800.0,1702931800.0,24,0,1702931800.0,1702931800.0,24,0,1702931800.0,0.0,24.0,1.0,1702931800.0,0.0,Attack,Attack-TCP-Flag-ACK-PSH
40,0.0,0.5,0.1108,20,0.0,0.0,0.1108,20,0,0.5,0.0,20.0,62596,0.0,0.0,20.0,18.053179,0.0,0.0,20.0,18.053179,0.0,0.0,0,0.0,0.1108,0.0,0,1,0.110783815,0.0,0,1,0.110783815,0.110783815,0.0,0.0,0.110783815,0.1108,Attack,Attack-TCP-Flag-ACK-PSH
40,0.0,0.5,0.111,20,0.0,0.0,0.111,20,0,0.5,0.0,20.0,62594,0.0,0.0,20.0,18.017506,0.0,0.0,20.0,18.017506,0.0,0.0,0,0.0,0.111,0.0,0,1,0.11100316,0.0,0,1,0.11100316,0.11100316,0.0,0.0,0.11100316,0.111,Attack,Attack-TCP-Flag-ACK-PSH
40,0.0,0.5,0.1091,20,0.0,0.0,0.1091,20,0,0.5,0.0,20.0,62611,0.0,0.0,20.0,18.32526,0.0,0.0,20.0,18.32526,0.0,0.0,0,0.0,0.1091,0.0,0,1,0.109138966,0.0,0,1,0.109138966,0.109138966,0.0,0.0,0.109138966,0.1091,Attack,Attack-TCP-Flag-ACK-PSH
40,0.0,0.5,0.1107,20,0.0,0.0,0.1107,20,0,0.5,0.0,20.0,62605,0.0,0.0,20.0,18.067488,0.0,0.0,20.0,18.067488,0.0,0.0,0,0.0,0.1107,0.0,0,1,0.11069608,0.0,0,1,0.11069608,0.11069608,0.0,0.0,0.11069608,0.1107,Attack,Attack-TCP-Flag-ACK-PSH
40,0.0,0.5,0.1076,20,0.0,0.0,0.1076,20,0,0.5,0.0,20.0,62594,0.0,0.0,20.0,18.579584,0.0,0.0,20.0,18.579584,0.0,0.0,0,0.0,0.1076,0.0,0,1,0.107645035,0.0,0,1,0.107645035,0.107645035,0.0,0.0,0.107645035,0.1076,Attack,Attack-TCP-Flag-ACK-PSH
20,20.0,0.0,1702931800.0,20,20.0,1.0,1702931800.0,20,1024,0.0,1702931800.0,20.0,0,0.0,1702931800.0,20.0,0.0,1.0,1702931800.0,20.0,0.0,0.0,1702931800.0,20,0.0,1702931800.0,1702931800.0,20,0,1702931800.0,1702931800.0,20,0,1702931800.0,0.0,20.0,1.0,1702931800.0,0.0,Attack,Attack-TCP-Flag-ACK-PSH
40,0.0,0.5,0.1109,20,0.0,0.0,0.1109,20,0,0.5,0.0,20.0,62602,0.0,0.0,20.0,18.028734,0.0,0.0,20.0,18.028734,0.0,0.0,0,0.0,0.1109,0.0,0,1,0.11093402,0.0,0,1,0.11093402,0.11093402,0.0,0.0,0.11093402,0.1109,Attack,Attack-TCP-Flag-ACK-PSH
40,0.0,0.5,0.108,20,0.0,0.0,0.108,20,0,0.5,0.0,20.0,62592,0.0,0.0,20.0,18.51851,0.0,0.0,20.0,18.51851,0.0,0.0,0,0.0,0.108,0.0,0,1,0.10800004,0.0,0,1,0.10800004,0.10800004,0.0,0.0,0.10800004,0.108,Attack,Attack-TCP-Flag-ACK-PSH
40,0.0,0.5,0.1112,20,0.0,0.0,0.1112,20,0,0.5,0.0,20.0,62596,0.0,0.0,20.0,17.987717,0.0,0.0,20.0,17.987717,0.0,0.0,0,0.0,0.1112,0.0,0,1,0.11118698,0.0,0,1,0.11118698,0.11118698,0.0,0.0,0.11118698,0.1112,Attack,Attack-TCP-Flag-ACK-PSH
20,20.0,1.0,1702931800.0,20,20.0,0.0,1702931800.0,20,0,0.0,1702931800.0,20.0,0,0.0,1702931800.0,20.0,0.0,0.0,1702931800.0,20.0,0.0,0.0,1702931800.0,20,0.0,1702931800.0,1702931800.0,20,1,1702931800.0,1702931800.0,20,0,1702931800.0,0.0,20.0,0.0,1702931800.0,0.0,Attack,Attack-TCP-Flag-ACK-PSH
20,20.0,1.0,1702931800.0,20,20.0,0.0,1702931800.0,20,0,0.0,1702931800.0,20.0,0,0.0,1702931800.0,20.0,0.0,0.0,1702931800.0,20.0,0.0,0.0,1702931800.0,20,0.0,1702931800.0,1702931800.0,20,1,1702931800.0,1702931800.0,20,0,1702931800.0,0.0,20.0,0.0,1702931800.0,0.0,Attack,Attack-TCP-Flag-ACK-PSH
20,20.0,1.0,1702931800.0,20,20.0,0.0,1702931800.0,20,1200,0.0,1702931800.0,20.0,0,0.0,1702931800.0,20.0,0.0,0.0,1702931800.0,20.0,0.0,0.0,1702931800.0,20,0.0,1702931800.0,1702931800.0,20,1,1702931800.0,1702931800.0,20,0,1702931800.0,0.0,20.0,0.0,1702931800.0,0.0,Attack,Attack-TCP-Flag-ACK-PSH
40,0.0,0.5,0.1076,20,0.0,0.0,0.1076,20,0,0.5,0.0,20.0,62605,0.0,0.0,20.0,18.579748,0.0,0.0,20.0,18.579748,0.0,0.0,0,0.0,0.1076,0.0,0,1,0.10764408,0.0,0,1,0.10764408,0.10764408,0.0,0.0,0.10764408,0.1076,Attack,Attack-TCP-Flag-ACK-PSH
40,0.0,0.5,0.111,20,0.0,0.0,0.111,20,0,0.5,0.0,20.0,62590,0.0,0.0,20.0,18.023699,0.0,0.0,20.0,18.023699,0.0,0.0,0,0.0,0.111,0.0,0,1,0.11096501,0.0,0,1,0.11096501,0.11096501,0.0,0.0,0.11096501,0.111,Attack,Attack-TCP-Flag-ACK-PSH
20,20.0,1.0,1702931800.0,20,20.0,0.0,1702931800.0,20,0,0.0,1702931800.0,20.0,0,0.0,1702931800.0,20.0,0.0,0.0,1702931800.0,20.0,0.0,0.0,1702931800.0,20,0.0,1702931800.0,1702931800.0,20,1,1702931800.0,1702931800.0,20,0,1702931800.0,0.0,20.0,0.0,1702931800.0,0.0,Attack,Attack-TCP-Flag-ACK-PSH
24,24.0,0.0,1702931800.0,24,24.0,1.0,1702931800.0,24,65535,0.0,1702931800.0,24.0,0,0.0,1702931800.0,24.0,0.0,1.0,1702931800.0,24.0,0.0,0.0,1702931800.0,24,0.0,1702931800.0,1702931800.0,24,0,1702931800.0,1702931800.0,24,0,1702931800.0,0.0,24.0,1.0,1702931800.0,0.0,Attack,Attack-TCP-Flag-ACK-PSH
40,0.0,0.5,0.111,20,0.0,0.0,0.111,20,0,0.5,0.0,20.0,62605,0.0,0.0,20.0,18.025015,0.0,0.0,20.0,18.025015,0.0,0.0,0,0.0,0.111,0.0,0,1,0.11095691,0.0,0,1,0.11095691,0.11095691,0.0,0.0,0.11095691,0.111,Attack,Attack-TCP-Flag-ACK-PSH
40,0.0,0.5,0.111,20,0.0,0.0,0.111,20,0,0.5,0.0,20.0,62602,0.0,0.0,20.0,18.02095,0.0,0.0,20.0,18.02095,0.0,0.0,0,0.0,0.111,0.0,0,1,0.11098194,0.0,0,1,0.11098194,0.11098194,0.0,0.0,0.11098194,0.111,Attack,Attack-TCP-Flag-ACK-PSH
40,0.0,0.5,0.1101,20,0.0,0.0,0.1101,20,0,0.5,0.0,20.0,62590,0.0,0.0,20.0,18.166597,0.0,0.0,20.0,18.166597,0.0,0.0,0,0.0,0.1101,0.0,0,1,0.11009216,0.0,0,1,0.11009216,0.11009216,0.0,0.0,0.11009216,0.1101,Attack,Attack-TCP-Flag-ACK-PSH
20,20.0,1.0,1702931800.0,20,20.0,0.0,1702931800.0,20,1200,0.0,1702931800.0,20.0,0,0.0,1702931800.0,20.0,0.0,0.0,1702931800.0,20.0,0.0,0.0,1702931800.0,20,0.0,1702931800.0,1702931800.0,20,1,1702931800.0,1702931800.0,20,0,1702931800.0,0.0,20.0,0.0,1702931800.0,0.0,Attack,Attack-TCP-Flag-ACK-PSH
40,0.0,0.5,0.1113,20,0.0,0.0,0.1113,20,0,0.5,0.0,20.0,62605,0.0,0.0,20.0,17.972841,0.0,0.0,20.0,17.972841,0.0,0.0,0,0.0,0.1113,0.0,0,1,0.11127901,0.0,0,1,0.11127901,0.11127901,0.0,0.0,0.11127901,0.1113,Attack,Attack-TCP-Flag-ACK-PSH
40,0.0,0.5,0.1059,20,0.0,0.0,0.1059,20,0,0.5,0.0,20.0,62605,0.0,0.0,20.0,18.878805,0.0,0.0,20.0,18.878805,0.0,0.0,0,0.0,0.1059,0.0,0,1,0.10593891,0.0,0,1,0.10593891,0.10593891,0.0,0.0,0.10593891,0.1059,Attack,Attack-TCP-Flag-ACK-PSH
20,20.0,1.0,1702931800.0,20,20.0,0.0,1702931800.0,20,0,0.0,1702931800.0,20.0,0,0.0,1702931800.0,20.0,0.0,0.0,1702931800.0,20.0,0.0,0.0,1702931800.0,20,0.0,1702931800.0,1702931800.0,20,1,1702931800.0,1702931800.0,20,0,1702931800.0,0.0,20.0,0.0,1702931800.0,0.0,Attack,Attack-TCP-Flag-ACK-PSH
40,20.0,0.5,1e-04,20,20.0,0.5,1e-04,20,65535,0.5,1702931800.0,20.0,0,0.0,1702931800.0,20.0,28532.68,1.0,1702931800.0,20.0,14266.34,0.0,1702931800.0,20,14266.34,1e-04,1702931800.0,20,1,7.009506e-05,1702931800.0,20,1,7.009506e-05,1702931800.0,20.0,0.5,7.009506e-05,1702931800.0,Attack,Attack-TCP-Flag-ACK-PSH
32,0.0,0.0,1702931800.0,32,0.0,0.0,1702931800.0,32,0,0.0,0.0,32.0,8194,0.0,0.0,32.0,0.0,0.0,0.0,32.0,0.0,0.0,0.0,0,0.0,1702931800.0,0.0,0,0,1702931800.0,0.0,0,0,1702931800.0,1702931800.0,0.0,0.0,1702931800.0,1702931800.0,Attack,Attack-TCP-Flag-ACK-PSH
40,0.0,0.5,0.1078,20,0.0,0.0,0.1078,20,0,0.5,0.0,20.0,62588,0.0,0.0,20.0,18.549757,0.0,0.0,20.0,18.549757,0.0,0.0,0,0.0,0.1078,0.0,0,1,0.10781813,0.0,0,1,0.10781813,0.10781813,0.0,0.0,0.10781813,0.1078,Attack,Attack-TCP-Flag-ACK-PSH
40,0.0,0.5,0.1098,20,0.0,0.0,0.1098,20,0,0.5,0.0,20.0,62594,0.0,0.0,20.0,18.220736,0.0,0.0,20.0,18.220736,0.0,0.0,0,0.0,0.1098,0.0,0,1,0.10976505,0.0,0,1,0.10976505,0.10976505,0.0,0.0,0.10976505,0.1098,Attack,Attack-TCP-Flag-ACK-PSH
32,0.0,0.0,1702931800.0,32,0.0,0.0,1702931800.0,32,0,0.0,0.0,32.0,8190,0.0,0.0,32.0,0.0,0.0,0.0,32.0,0.0,0.0,0.0,0,0.0,1702931800.0,0.0,0,0,1702931800.0,0.0,0,0,1702931800.0,1702931800.0,0.0,0.0,1702931800.0,1702931800.0,Attack,Attack-TCP-Flag-ACK-PSH
24,24.0,0.0,1702931800.0,24,24.0,1.0,1702931800.0,24,1024,0.0,1702931800.0,24.0,0,0.0,1702931800.0,24.0,0.0,1.0,1702931800.0,24.0,0.0,0.0,1702931800.0,24,0.0,1702931800.0,1702931800.0,24,0,1702931800.0,1702931800.0,24,0,1702931800.0,0.0,24.0,1.0,1702931800.0,0.0,Attack,Attack-TCP-Flag-ACK-PSH
32,0.0,0.0,1702931800.0,32,0.0,0.0,1702931800.0,32,0,0.0,0.0,32.0,8190,0.0,0.0,32.0,0.0,0.0,0.0,32.0,0.0,0.0,0.0,0,0.0,1702931800.0,0.0,0,0,1702931800.0,0.0,0,0,1702931800.0,1702931800.0,0.0,0.0,1702931800.0,1702931800.0,Attack,Attack-TCP-Flag-ACK-PSH
40,0.0,0.5,0.1109,20,0.0,0.0,0.1109,20,0,0.5,0.0,20.0,62588,0.0,0.0,20.0,18.034588,0.0,0.0,20.0,18.034588,0.0,0.0,0,0.0,0.1109,0.0,0,1,0.11089802,0.0,0,1,0.11089802,0.11089802,0.0,0.0,0.11089802,0.1109,Attack,Attack-TCP-Flag-ACK-PSH
40,20.0,0.5,1e-04,20,20.0,0.5,1e-04,20,65535,0.5,1702931800.0,20.0,0,0.0,1702931800.0,20.0,19831.225,1.0,1702931800.0,20.0,9915.612,0.0,1702931800.0,20,9915.612,1e-04,1702931800.0,20,1,0.00010085106,1702931800.0,20,1,0.00010085106,1702931800.0,20.0,0.5,0.00010085106,1702931800.0,Attack,Attack-TCP-Flag-ACK-PSH
40,20.0,0.5,1e-04,20,20.0,0.5,1e-04,20,33099,0.5,1702931800.0,20.0,0,0.0,1702931800.0,20.0,22489.566,1.0,1702931800.0,20.0,11244.783,0.0,1702931800.0,20,11244.783,1e-04,1702931800.0,20,1,8.893013e-05,1702931800.0,20,1,8.893013e-05,1702931800.0,20.0,0.5,8.893013e-05,1702931800.0,Attack,Attack-TCP-Flag-ACK-PSH
20,20.0,1.0,1702931800.0,20,20.0,0.0,1702931800.0,20,0,0.0,1702931800.0,20.0,0,0.0,1702931800.0,20.0,0.0,0.0,1702931800.0,20.0,0.0,0.0,1702931800.0,20,0.0,1702931800.0,1702931800.0,20,1,1702931800.0,1702931800.0,20,0,1702931800.0,0.0,20.0,0.0,1702931800.0,0.0,Attack,Attack-TCP-Flag-ACK-PSH
40,20.0,0.5,1e-04,20,20.0,0.5,1e-04,20,1024,0.5,1702931800.0,20.0,0,0.0,1702931800.0,20.0,27413.752,1.0,1702931800.0,20.0,13706.876,0.0,1702931800.0,20,13706.876,1e-04,1702931800.0,20,1,7.2956085e-05,1702931800.0,20,1,7.2956085e-05,1702931800.0,20.0,0.5,7.2956085e-05,1702931800.0,Attack,Attack-TCP-Flag-ACK-PSH
40,0.0,0.5,0.1095,20,0.0,0.0,0.1095,20,0,0.5,0.0,20.0,62599,0.0,0.0,20.0,18.271017,0.0,0.0,20.0,18.271017,0.0,0.0,0,0.0,0.1095,0.0,0,1,0.10946298,0.0,0,1,0.10946298,0.10946298,0.0,0.0,0.10946298,0.1095,Attack,Attack-TCP-Flag-ACK-PSH
20,20.0,1.0,1702931800.0,20,20.0,0.0,1702931800.0,20,0,0.0,1702931800.0,20.0,0,0.0,1702931800.0,20.0,0.0,0.0,1702931800.0,20.0,0.0,0.0,1702931800.0,20,0.0,1702931800.0,1702931800.0,20,1,1702931800.0,1702931800.0,20,0,1702931800.0,0.0,20.0,0.0,1702931800.0,0.0,Attack,Attack-TCP-Flag-ACK-PSH
40,20.0,0.5,1e-04,20,20.0,0.5,1e-04,20,1024,0.5,1702931800.0,20.0,0,0.0,1702931800.0,20.0,20020.545,1.0,1702931800.0,20.0,10010.272,0.0,1702931800.0,20,10010.272,1e-04,1702931800.0,20,1,9.9897385e-05,1702931800.0,20,1,9.9897385e-05,1702931800.0,20.0,0.5,9.9897385e-05,1702931800.0,Attack,Attack-TCP-Flag-ACK-PSH
40,0.0,0.5,0.1078,20,0.0,0.0,0.1078,20,0,0.5,0.0,20.0,62592,0.0,0.0,20.0,18.545656,0.0,0.0,20.0,18.545656,0.0,0.0,0,0.0,0.1078,0.0,0,1,0.10784197,0.0,0,1,0.10784197,0.10784197,0.0,0.0,0.10784197,0.1078,Attack,Attack-TCP-Flag-ACK-PSH
20,20.0,1.0,1702931800.0,20,20.0,0.0,1702931800.0,20,0,0.0,1702931800.0,20.0,0,0.0,1702931800.0,20.0,0.0,0.0,1702931800.0,20.0,0.0,0.0,1702931800.0,20,0.0,1702931800.0,1702931800.0,20,1,1702931800.0,1702931800.0,20,0,1702931800.0,0.0,20.0,0.0,1702931800.0,0.0,Attack,Attack-TCP-Flag-ACK-PSH
20,20.0,1.0,1702931800.0,20,20.0,0.0,1702931800.0,20,0,0.0,1702931800.0,20.0,0,0.0,1702931800.0,20.0,0.0,0.0,1702931800.0,20.0,0.0,0.0,1702931800.0,20,0.0,1702931800.0,1702931800.0,20,1,1702931800.0,1702931800.0,20,0,1702931800.0,0.0,20.0,0.0,1702931800.0,0.0,Attack,Attack-TCP-Flag-ACK-PSH
40,0.0,0.5,0.1109,20,0.0,0.0,0.1109,20,0,0.5,0.0,20.0,62588,0.0,0.0,20.0,18.030363,0.0,0.0,20.0,18.030363,0.0,0.0,0,0.0,0.1109,0.0,0,1,0.110924006,0.0,0,1,0.110924006,0.110924006,0.0,0.0,0.110924006,0.1109,Attack,Attack-TCP-Flag-ACK-PSH
40,0.0,0.5,0.1112,20,0.0,0.0,0.1112,20,0,0.5,0.0,20.0,62588,0.0,0.0,20.0,17.984478,0.0,0.0,20.0,17.984478,0.0,0.0,0,0.0,0.1112,0.0,0,1,0.11120701,0.0,0,1,0.11120701,0.11120701,0.0,0.0,0.11120701,0.1112,Attack,Attack-TCP-Flag-ACK-PSH
40,0.0,0.5,0.1081,20,0.0,0.0,0.1081,20,0,0.5,0.0,20.0,62599,0.0,0.0,20.0,18.50891,0.0,0.0,20.0,18.50891,0.0,0.0,0,0.0,0.1081,0.0,0,1,0.10805607,0.0,0,1,0.10805607,0.10805607,0.0,0.0,0.10805607,0.1081,Attack,Attack-TCP-Flag-ACK-PSH
24,24.0,0.0,1702932000.0,24,24.0,1.0,1702932000.0,24,65535,0.0,1702932000.0,24.0,0,0.0,1702932000.0,24.0,0.0,1.0,1702932000.0,24.0,0.0,0.0,1702932000.0,24,0.0,1702932000.0,1702932000.0,24,0,1702932000.0,1702932000.0,24,0,1702932000.0,0.0,24.0,1.0,1702932000.0,0.0,Attack,Attack-TCP-Flag-ACK-PSH
40,0.0,0.5,0.1109,20,0.0,0.0,0.1109,20,0,0.5,0.0,20.0,62605,0.0,0.0,20.0,18.03738,0.0,0.0,20.0,18.03738,0.0,0.0,0,0.0,0.1109,0.0,0,1,0.11088085,0.0,0,1,0.11088085,0.11088085,0.0,0.0,0.11088085,0.1109,Attack,Attack-TCP-Flag-ACK-PSH
40,0.0,0.5,0.111,20,0.0,0.0,0.111,20,0,0.5,0.0,20.0,62605,0.0,0.0,20.0,18.014448,0.0,0.0,20.0,18.014448,0.0,0.0,0,0.0,0.111,0.0,0,1,0.111021996,0.0,0,1,0.111021996,0.111021996,0.0,0.0,0.111021996,0.111,Attack,Attack-TCP-Flag-ACK-PSH
40,0.0,0.5,0.108,20,0.0,0.0,0.108,20,0,0.5,0.0,20.0,62605,0.0,0.0,20.0,18.514547,0.0,0.0,20.0,18.514547,0.0,0.0,0,0.0,0.108,0.0,0,1,0.10802317,0.0,0,1,0.10802317,0.10802317,0.0,0.0,0.10802317,0.108,Attack,Attack-TCP-Flag-ACK-PSH
40,20.0,0.5,1e-04,20,20.0,0.5,1e-04,20,65535,0.5,1702932000.0,20.0,0,0.0,1702932000.0,20.0,19418.074,1.0,1702932000.0,20.0,9709.037,0.0,1702932000.0,20,9709.037,1e-04,1702932000.0,20,1,0.000102996826,1702932000.0,20,1,0.000102996826,1702932000.0,20.0,0.5,0.000102996826,1702932000.0,Attack,Attack-TCP-Flag-ACK-PSH
40,0.0,0.5,0.1102,20,0.0,0.0,0.1102,20,0,0.5,0.0,20.0,62594,0.0,0.0,20.0,18.14271,0.0,0.0,20.0,18.14271,0.0,0.0,0,0.0,0.1102,0.0,0,1,0.11023712,0.0,0,1,0.11023712,0.11023712,0.0,0.0,0.11023712,0.1102,Attack,Attack-TCP-Flag-ACK-PSH
40,0.0,0.5,0.1108,20,0.0,0.0,0.1108,20,0,0.5,0.0,20.0,62596,0.0,0.0,20.0,18.04584,0.0,0.0,20.0,18.04584,0.0,0.0,0,0.0,0.1108,0.0,0,1,0.11082888,0.0,0,1,0.11082888,0.11082888,0.0,0.0,0.11082888,0.1108,Attack,Attack-TCP-Flag-ACK-PSH
20,20.0,1.0,1702932000.0,20,20.0,0.0,1702932000.0,20,0,0.0,1702932000.0,20.0,0,0.0,1702932000.0,20.0,0.0,0.0,1702932000.0,20.0,0.0,0.0,1702932000.0,20,0.0,1702932000.0,1702932000.0,20,1,1702932000.0,1702932000.0,20,0,1702932000.0,0.0,20.0,0.0,1702932000.0,0.0,Attack,Attack-TCP-Flag-ACK-PSH
40,0.0,0.5,0.1081,20,0.0,0.0,0.1081,20,0,0.5,0.0,20.0,62602,0.0,0.0,20.0,18.503603,0.0,0.0,20.0,18.503603,0.0,0.0,0,0.0,0.1081,0.0,0,1,0.10808706,0.0,0,1,0.10808706,0.10808706,0.0,0.0,0.10808706,0.1081,Attack,Attack-TCP-Flag-ACK-PSH
40,0.0,0.5,0.1068,20,0.0,0.0,0.1068,20,0,0.5,0.0,20.0,62602,0.0,0.0,20.0,18.732182,0.0,0.0,20.0,18.732182,0.0,0.0,0,0.0,0.1068,0.0,0,1,0.10676813,0.0,0,1,0.10676813,0.10676813,0.0,0.0,0.10676813,0.1068,Attack,Attack-TCP-Flag-ACK-PSH
40,0.0,0.5,0.1077,20,0.0,0.0,0.1077,20,0,0.5,0.0,20.0,62608,0.0,0.0,20.0,18.573908,0.0,0.0,20.0,18.573908,0.0,0.0,0,0.0,0.1077,0.0,0,1,0.10767794,0.0,0,1,0.10767794,0.10767794,0.0,0.0,0.10767794,0.1077,Attack,Attack-TCP-Flag-ACK-PSH
40,0.0,0.5,0.111,20,0.0,0.0,0.111,20,0,0.5,0.0,20.0,62608,0.0,0.0,20.0,18.024319,0.0,0.0,20.0,18.024319,0.0,0.0,0,0.0,0.111,0.0,0,1,0.1109612,0.0,0,1,0.1109612,0.1109612,0.0,0.0,0.1109612,0.111,Attack,Attack-TCP-Flag-ACK-PSH
40,0.0,0.5,0.1111,20,0.0,0.0,0.1111,20,0,0.5,0.0,20.0,62602,0.0,0.0,20.0,18.004242,0.0,0.0,20.0,18.004242,0.0,0.0,0,0.0,0.1111,0.0,0,1,0.11108494,0.0,0,1,0.11108494,0.11108494,0.0,0.0,0.11108494,0.1111,Attack,Attack-TCP-Flag-ACK-PSH
40,0.0,0.5,0.1063,20,0.0,0.0,0.1063,20,0,0.5,0.0,20.0,62599,0.0,0.0,20.0,18.814318,0.0,0.0,20.0,18.814318,0.0,0.0,0,0.0,0.1063,0.0,0,1,0.10630202,0.0,0,1,0.10630202,0.10630202,0.0,0.0,0.10630202,0.1063,Attack,Attack-TCP-Flag-ACK-PSH
20,20.0,1.0,1702932000.0,20,20.0,0.0,1702932000.0,20,0,0.0,1702932000.0,20.0,0,0.0,1702932000.0,20.0,0.0,0.0,1702932000.0,20.0,0.0,0.0,1702932000.0,20,0.0,1702932000.0,1702932000.0,20,1,1702932000.0,1702932000.0,20,0,1702932000.0,0.0,20.0,0.0,1702932000.0,0.0,Attack,Attack-TCP-Flag-ACK-PSH
40,0.0,0.5,0.1077,20,0.0,0.0,0.1077,20,0,0.5,0.0,20.0,62592,0.0,0.0,20.0,18.567371,0.0,0.0,20.0,18.567371,0.0,0.0,0,0.0,0.1077,0.0,0,1,0.107715845,0.0,0,1,0.107715845,0.107715845,0.0,0.0,0.107715845,0.1077,Attack,Attack-TCP-Flag-ACK-PSH
40,0.0,0.5,0.1112,20,0.0,0.0,0.1112,20,0,0.5,0.0,20.0,62596,0.0,0.0,20.0,17.985943,0.0,0.0,20.0,17.985943,0.0,0.0,0,0.0,0.1112,0.0,0,1,0.11119795,0.0,0,1,0.11119795,0.11119795,0.0,0.0,0.11119795,0.1112,Attack,Attack-TCP-Flag-ACK-PSH
40,0.0,0.5,0.1108,20,0.0,0.0,0.1108,20,0,0.5,0.0,20.0,62590,0.0,0.0,20.0,18.05038,0.0,0.0,20.0,18.05038,0.0,0.0,0,0.0,0.1108,0.0,0,1,0.11080098,0.0,0,1,0.11080098,0.11080098,0.0,0.0,0.11080098,0.1108,Attack,Attack-TCP-Flag-ACK-PSH
20,20.0,1.0,1702932000.0,20,20.0,0.0,1702932000.0,20,0,0.0,1702932000.0,20.0,0,0.0,1702932000.0,20.0,0.0,0.0,1702932000.0,20.0,0.0,0.0,1702932000.0,20,0.0,1702932000.0,1702932000.0,20,1,1702932000.0,1702932000.0,20,0,1702932000.0,0.0,20.0,0.0,1702932000.0,0.0,Attack,Attack-TCP-Flag-ACK-PSH
52,32.0,0.5,1e-04,32,32.0,0.5,1e-04,20,1024,0.5,1702932000.0,26.0,0,0.0,1702932000.0,26.0,18517.898,1.0,1702932000.0,20.0,9258.949,0.0,1702932000.0,32,9258.949,1e-04,1702932000.0,32,1,0.000108003616,1702932000.0,32,1,0.000108003616,1702932000.0,32.0,0.5,0.000108003616,1702932000.0,Attack,Attack-TCP-Flag-ACK-PSH
20,20.0,1.0,1702932000.0,20,20.0,0.0,1702932000.0,20,0,0.0,1702932000.0,20.0,0,0.0,1702932000.0,20.0,0.0,0.0,1702932000.0,20.0,0.0,0.0,1702932000.0,20,0.0,1702932000.0,1702932000.0,20,1,1702932000.0,1702932000.0,20,0,1702932000.0,0.0,20.0,0.0,1702932000.0,0.0,Attack,Attack-TCP-Flag-ACK-PSH
20,20.0,1.0,1702932000.0,20,20.0,0.0,1702932000.0,20,0,0.0,1702932000.0,20.0,0,0.0,1702932000.0,20.0,0.0,0.0,1702932000.0,20.0,0.0,0.0,1702932000.0,20,0.0,1702932000.0,1702932000.0,20,1,1702932000.0,1702932000.0,20,0,1702932000.0,0.0,20.0,0.0,1702932000.0,0.0,Attack,Attack-TCP-Flag-ACK-PSH
40,0.0,0.5,0.1109,20,0.0,0.0,0.1109,20,0,0.5,0.0,20.0,62592,0.0,0.0,20.0,18.033968,0.0,0.0,20.0,18.033968,0.0,0.0,0,0.0,0.1109,0.0,0,1,0.11090183,0.0,0,1,0.11090183,0.11090183,0.0,0.0,0.11090183,0.1109,Attack,Attack-TCP-Flag-ACK-PSH
40,0.0,0.5,0.111,20,0.0,0.0,0.111,20,0,0.5,0.0,20.0,62608,0.0,0.0,20.0,18.023699,0.0,0.0,20.0,18.023699,0.0,0.0,0,0.0,0.111,0.0,0,1,0.11096501,0.0,0,1,0.11096501,0.11096501,0.0,0.0,0.11096501,0.111,Attack,Attack-TCP-Flag-ACK-PSH
40,0.0,0.5,0.1099,20,0.0,0.0,0.1099,20,0,0.5,0.0,20.0,62594,0.0,0.0,20.0,18.19256,0.0,0.0,20.0,18.19256,0.0,0.0,0,0.0,0.1099,0.0,0,1,0.109935045,0.0,0,1,0.109935045,0.109935045,0.0,0.0,0.109935045,0.1099,Attack,Attack-TCP-Flag-ACK-PSH
24,24.0,0.0,1702932000.0,24,24.0,1.0,1702932000.0,24,1025,0.0,1702932000.0,24.0,0,0.0,1702932000.0,24.0,0.0,1.0,1702932000.0,24.0,0.0,0.0,1702932000.0,24,0.0,1702932000.0,1702932000.0,24,0,1702932000.0,1702932000.0,24,0,1702932000.0,0.0,24.0,1.0,1702932000.0,0.0,Attack,Attack-TCP-Flag-ACK-PSH
40,0.0,0.5,0.1072,20,0.0,0.0,0.1072,20,0,0.5,0.0,20.0,62596,0.0,0.0,20.0,18.664412,0.0,0.0,20.0,18.664412,0.0,0.0,0,0.0,0.1072,0.0,0,1,0.1071558,0.0,0,1,0.1071558,0.1071558,0.0,0.0,0.1071558,0.1072,Attack,Attack-TCP-Flag-ACK-PSH
20,20.0,1.0,1702932000.0,20,20.0,0.0,1702932000.0,20,0,0.0,1702932000.0,20.0,0,0.0,1702932000.0,20.0,0.0,0.0,1702932000.0,20.0,0.0,0.0,1702932000.0,20,0.0,1702932000.0,1702932000.0,20,1,1702932000.0,1702932000.0,20,0,1702932000.0,0.0,20.0,0.0,1702932000.0,0.0,Attack,Attack-TCP-Flag-ACK-PSH
40,0.0,0.5,0.1109,20,0.0,0.0,0.1109,20,0,0.5,0.0,20.0,62605,0.0,0.0,20.0,18.02645,0.0,0.0,20.0,18.02645,0.0,0.0,0,0.0,0.1109,0.0,0,1,0.110948086,0.0,0,1,0.110948086,0.110948086,0.0,0.0,0.110948086,0.1109,Attack,Attack-TCP-Flag-ACK-PSH
20,20.0,1.0,1702932000.0,20,20.0,0.0,1702932000.0,20,0,0.0,1702932000.0,20.0,0,0.0,1702932000.0,20.0,0.0,0.0,1702932000.0,20.0,0.0,0.0,1702932000.0,20,0.0,1702932000.0,1702932000.0,20,1,1702932000.0,1702932000.0,20,0,1702932000.0,0.0,20.0,0.0,1702932000.0,0.0,Attack,Attack-TCP-Flag-ACK-PSH
40,0.0,0.5,0.1118,20,0.0,0.0,0.1118,20,0,0.5,0.0,20.0,62596,0.0,0.0,20.0,17.885242,0.0,0.0,20.0,17.885242,0.0,0.0,0,0.0,0.1118,0.0,0,1,0.111824036,0.0,0,1,0.111824036,0.111824036,0.0,0.0,0.111824036,0.1118,Attack,Attack-TCP-Flag-ACK-PSH
40,0.0,0.5,0.108,20,0.0,0.0,0.108,20,0,0.5,0.0,20.0,62594,0.0,0.0,20.0,18.512667,0.0,0.0,20.0,18.512667,0.0,0.0,0,0.0,0.108,0.0,0,1,0.108034134,0.0,0,1,0.108034134,0.108034134,0.0,0.0,0.108034134,0.108,Attack,Attack-TCP-Flag-ACK-PSH
40,0.0,0.5,0.1079,20,0.0,0.0,0.1079,20,0,0.5,0.0,20.0,62596,0.0,0.0,20.0,18.542212,0.0,0.0,20.0,18.542212,0.0,0.0,0,0.0,0.1079,0.0,0,1,0.107861996,0.0,0,1,0.107861996,0.107861996,0.0,0.0,0.107861996,0.1079,Attack,Attack-TCP-Flag-ACK-PSH
20,20.0,1.0,1702932000.0,20,20.0,0.0,1702932000.0,20,0,0.0,1702932000.0,20.0,0,0.0,1702932000.0,20.0,0.0,0.0,1702932000.0,20.0,0.0,0.0,1702932000.0,20,0.0,1702932000.0,1702932000.0,20,1,1702932000.0,1702932000.0,20,0,1702932000.0,0.0,20.0,0.0,1702932000.0,0.0,Attack,Attack-TCP-Flag-ACK-PSH
40,0.0,0.5,0.108,20,0.0,0.0,0.108,20,0,0.5,0.0,20.0,62599,0.0,0.0,20.0,18.514057,0.0,0.0,20.0,18.514057,0.0,0.0,0,0.0,0.108,0.0,0,1,0.10802603,0.0,0,1,0.10802603,0.10802603,0.0,0.0,0.10802603,0.108,Attack,Attack-TCP-Flag-ACK-PSH
40,0.0,0.5,0.1067,20,0.0,0.0,0.1067,20,0,0.5,0.0,20.0,62602,0.0,0.0,20.0,18.747839,0.0,0.0,20.0,18.747839,0.0,0.0,0,0.0,0.1067,0.0,0,1,0.10667896,0.0,0,1,0.10667896,0.10667896,0.0,0.0,0.10667896,0.1067,Attack,Attack-TCP-Flag-ACK-PSH
40,0.0,0.5,0.1078,20,0.0,0.0,0.1078,20,0,0.5,0.0,20.0,62599,0.0,0.0,20.0,18.55185,0.0,0.0,20.0,18.55185,0.0,0.0,0,0.0,0.1078,0.0,0,1,0.10780597,0.0,0,1,0.10780597,0.10780597,0.0,0.0,0.10780597,0.1078,Attack,Attack-TCP-Flag-ACK-PSH
20,20.0,1.0,1702932000.0,20,20.0,0.0,1702932000.0,20,0,0.0,1702932000.0,20.0,0,0.0,1702932000.0,20.0,0.0,0.0,1702932000.0,20.0,0.0,0.0,1702932000.0,20,0.0,1702932000.0,1702932000.0,20,1,1702932000.0,1702932000.0,20,0,1702932000.0,0.0,20.0,0.0,1702932000.0,0.0,Attack,Attack-TCP-Flag-ACK-PSH
24,24.0,0.0,1702932000.0,24,24.0,1.0,1702932000.0,24,65535,0.0,1702932000.0,24.0,0,0.0,1702932000.0,24.0,0.0,1.0,1702932000.0,24.0,0.0,0.0,1702932000.0,24,0.0,1702932000.0,1702932000.0,24,0,1702932000.0,1702932000.0,24,0,1702932000.0,0.0,24.0,1.0,1702932000.0,0.0,Attack,Attack-TCP-Flag-ACK-PSH
40,0.0,0.5,0.1107,20,0.0,0.0,0.1107,20,0,0.5,0.0,20.0,62608,0.0,0.0,20.0,18.060797,0.0,0.0,20.0,18.060797,0.0,0.0,0,0.0,0.1107,0.0,0,1,0.110737085,0.0,0,1,0.110737085,0.110737085,0.0,0.0,0.110737085,0.1107,Attack,Attack-TCP-Flag-ACK-PSH
20,20.0,1.0,1702932000.0,20,20.0,0.0,1702932000.0,20,0,0.0,1702932000.0,20.0,0,0.0,1702932000.0,20.0,0.0,0.0,1702932000.0,20.0,0.0,0.0,1702932000.0,20,0.0,1702932000.0,1702932000.0,20,1,1702932000.0,1702932000.0,20,0,1702932000.0,0.0,20.0,0.0,1702932000.0,0.0,Attack,Attack-TCP-Flag-ACK-PSH
40,0.0,0.5,0.1078,20,0.0,0.0,0.1078,20,0,0.5,0.0,20.0,62602,0.0,0.0,20.0,18.556486,0.0,0.0,20.0,18.556486,0.0,0.0,0,0.0,0.1078,0.0,0,1,0.107779026,0.0,0,1,0.107779026,0.107779026,0.0,0.0,0.107779026,0.1078,Attack,Attack-TCP-Flag-ACK-PSH
20,20.0,1.0,1702932000.0,20,20.0,0.0,1702932000.0,20,0,0.0,1702932000.0,20.0,0,0.0,1702932000.0,20.0,0.0,0.0,1702932000.0,20.0,0.0,0.0,1702932000.0,20,0.0,1702932000.0,1702932000.0,20,1,1702932000.0,1702932000.0,20,0,1702932000.0,0.0,20.0,0.0,1702932000.0,0.0,Attack,Attack-TCP-Flag-ACK-PSH
24,24.0,0.0,1702932000.0,24,24.0,1.0,1702932000.0,24,65535,0.0,1702932000.0,24.0,0,0.0,1702932000.0,24.0,0.0,1.0,1702932000.0,24.0,0.0,0.0,1702932000.0,24,0.0,1702932000.0,1702932000.0,24,0,1702932000.0,1702932000.0,24,0,1702932000.0,0.0,24.0,1.0,1702932000.0,0.0,Attack,Attack-TCP-Flag-ACK-PSH
40,0.0,0.5,0.1063,20,0.0,0.0,0.1063,20,0,0.5,0.0,20.0,62614,0.0,0.0,20.0,18.80993,0.0,0.0,20.0,18.80993,0.0,0.0,0,0.0,0.1063,0.0,0,1,0.10632682,0.0,0,1,0.10632682,0.10632682,0.0,0.0,0.10632682,0.1063,Attack,Attack-TCP-Flag-ACK-PSH
40,0.0,0.5,0.111,20,0.0,0.0,0.111,20,0,0.5,0.0,20.0,62599,0.0,0.0,20.0,18.01851,0.0,0.0,20.0,18.01851,0.0,0.0,0,0.0,0.111,0.0,0,1,0.11099696,0.0,0,1,0.11099696,0.11099696,0.0,0.0,0.11099696,0.111,Attack,Attack-TCP-Flag-ACK-PSH
40,0.0,0.5,0.1061,20,0.0,0.0,0.1061,20,0,0.5,0.0,20.0,62592,0.0,0.0,20.0,18.841616,0.0,0.0,20.0,18.841616,0.0,0.0,0,0.0,0.1061,0.0,0,1,0.106148005,0.0,0,1,0.106148005,0.106148005,0.0,0.0,0.106148005,0.1061,Attack,Attack-TCP-Flag-ACK-PSH
40,0.0,0.5,0.1109,20,0.0,0.0,0.1109,20,0,0.5,0.0,20.0,62611,0.0,0.0,20.0,18.029858,0.0,0.0,20.0,18.029858,0.0,0.0,0,0.0,0.1109,0.0,0,1,0.110927105,0.0,0,1,0.110927105,0.110927105,0.0,0.0,0.110927105,0.1109,Attack,Attack-TCP-Flag-ACK-PSH
364,20.0,0.05882353,0.0295,32,20.0,0.05882353,0.0,20,8192,0.0,0.1874,21.4118,64000,0.7,1.121588,20.0,10.076977,0.1,0.0,20.0,4.1493435,0.71428573,1.6870139,212,5.927634,0.1054,0.1117,32,1,0.959043,0.0,20,0,0.0,1.5758641,21.2,0.11764706,1.6870139,0.1116,Attack,Attack-TCP-Flag-ACK-PSH
40,0.0,0.5,0.1078,20,0.0,0.0,0.1078,20,0,0.5,0.0,20.0,62605,0.0,0.0,20.0,18.550453,0.0,0.0,20.0,18.550453,0.0,0.0,0,0.0,0.1078,0.0,0,1,0.10781407,0.0,0,1,0.10781407,0.10781407,0.0,0.0,0.10781407,0.1078,Attack,Attack-TCP-Flag-ACK-PSH
20,20.0,1.0,1702932000.0,20,20.0,0.0,1702932000.0,20,0,0.0,1702932000.0,20.0,0,0.0,1702932000.0,20.0,0.0,0.0,1702932000.0,20.0,0.0,0.0,1702932000.0,20,0.0,1702932000.0,1702932000.0,20,1,1702932000.0,1702932000.0,20,0,1702932000.0,0.0,20.0,0.0,1702932000.0,0.0,Attack,Attack-TCP-Flag-ACK-PSH
40,0.0,0.5,0.11,20,0.0,0.0,0.11,20,0,0.5,0.0,20.0,62614,0.0,0.0,20.0,18.186802,0.0,0.0,20.0,18.186802,0.0,0.0,0,0.0,0.11,0.0,0,1,0.109969854,0.0,0,1,0.109969854,0.109969854,0.0,0.0,0.109969854,0.11,Attack,Attack-TCP-Flag-ACK-PSH
20,20.0,0.0,1702932000.0,20,20.0,1.0,1702932000.0,20,1024,0.0,1702932000.0,20.0,0,0.0,1702932000.0,20.0,0.0,1.0,1702932000.0,20.0,0.0,0.0,1702932000.0,20,0.0,1702932000.0,1702932000.0,20,0,1702932000.0,1702932000.0,20,0,1702932000.0,0.0,20.0,1.0,1702932000.0,0.0,Attack,Attack-TCP-Flag-ACK-PSH
40,40.0,0.0,1702932000.0,40,40.0,1.0,1702932000.0,40,29200,0.0,1702932000.0,40.0,0,0.0,1702932000.0,40.0,0.0,1.0,1702932000.0,40.0,0.0,0.0,1702932000.0,40,0.0,1702932000.0,1702932000.0,40,0,1702932000.0,1702932000.0,40,0,1702932000.0,0.0,40.0,1.0,1702932000.0,0.0,Attack,Attack-TCP-Flag-ACK-PSH
40,0.0,0.5,0.1111,20,0.0,0.0,0.1111,20,0,0.5,0.0,20.0,62605,0.0,0.0,20.0,17.999374,0.0,0.0,20.0,17.999374,0.0,0.0,0,0.0,0.1111,0.0,0,1,0.11111498,0.0,0,1,0.11111498,0.11111498,0.0,0.0,0.11111498,0.1111,Attack,Attack-TCP-Flag-ACK-PSH
20,20.0,1.0,1702932000.0,20,20.0,0.0,1702932000.0,20,0,0.0,1702932000.0,20.0,0,0.0,1702932000.0,20.0,0.0,0.0,1702932000.0,20.0,0.0,0.0,1702932000.0,20,0.0,1702932000.0,1702932000.0,20,1,1702932000.0,1702932000.0,20,0,1702932000.0,0.0,20.0,0.0,1702932000.0,0.0,Attack,Attack-TCP-Flag-ACK-PSH
24,24.0,0.0,1702932000.0,24,24.0,1.0,1702932000.0,24,1024,0.0,1702932000.0,24.0,0,0.0,1702932000.0,24.0,0.0,1.0,1702932000.0,24.0,0.0,0.0,1702932000.0,24,0.0,1702932000.0,1702932000.0,24,0,1702932000.0,1702932000.0,24,0,1702932000.0,0.0,24.0,1.0,1702932000.0,0.0,Attack,Attack-TCP-Flag-ACK-PSH
40,0.0,0.5,0.1108,20,0.0,0.0,0.1108,20,0,0.5,0.0,20.0,62599,0.0,0.0,20.0,18.050537,0.0,0.0,20.0,18.050537,0.0,0.0,0,0.0,0.1108,0.0,0,1,0.11080003,0.0,0,1,0.11080003,0.11080003,0.0,0.0,0.11080003,0.1108,Attack,Attack-TCP-Flag-ACK-PSH
20,20.0,1.0,1702932000.0,20,20.0,0.0,1702932000.0,20,0,0.0,1702932000.0,20.0,0,0.0,1702932000.0,20.0,0.0,0.0,1702932000.0,20.0,0.0,0.0,1702932000.0,20,0.0,1702932000.0,1702932000.0,20,1,1702932000.0,1702932000.0,20,0,1702932000.0,0.0,20.0,0.0,1702932000.0,0.0,Attack,Attack-TCP-Flag-ACK-PSH
40,20.0,0.5,1e-04,20,20.0,0.5,1e-04,20,1024,0.5,1702932000.0,20.0,0,0.0,1702932000.0,20.0,25343.227,1.0,1702932000.0,20.0,12671.613,0.0,1702932000.0,20,12671.613,1e-04,1702932000.0,20,1,7.891655e-05,1702932000.0,20,1,7.891655e-05,1702932000.0,20.0,0.5,7.891655e-05,1702932000.0,Attack,Attack-TCP-Flag-ACK-PSH
24,24.0,0.0,1702932000.0,24,24.0,1.0,1702932000.0,24,65535,0.0,1702932000.0,24.0,0,0.0,1702932000.0,24.0,0.0,1.0,1702932000.0,24.0,0.0,0.0,1702932000.0,24,0.0,1702932000.0,1702932000.0,24,0,1702932000.0,1702932000.0,24,0,1702932000.0,0.0,24.0,1.0,1702932000.0,0.0,Attack,Attack-TCP-Flag-ACK-PSH
52,32.0,0.5,1e-04,32,32.0,0.5,1e-04,20,1024,0.5,1702932000.0,26.0,0,0.0,1702932000.0,26.0,18196.547,1.0,1702932000.0,20.0,9098.273,0.0,1702932000.0,32,9098.273,1e-04,1702932000.0,32,1,0.000109910965,1702932000.0,32,1,0.000109910965,1702932000.0,32.0,0.5,0.000109910965,1702932000.0,Attack,Attack-TCP-Flag-ACK-PSH
40,0.0,0.5,0.1076,20,0.0,0.0,0.1076,20,0,0.5,0.0,20.0,62605,0.0,0.0,20.0,18.589094,0.0,0.0,20.0,18.589094,0.0,0.0,0,0.0,0.1076,0.0,0,1,0.10758996,0.0,0,1,0.10758996,0.10758996,0.0,0.0,0.10758996,0.1076,Attack,Attack-TCP-Flag-ACK-PSH
40,0.0,0.5,0.1112,20,0.0,0.0,0.1112,20,0,0.5,0.0,20.0,62596,0.0,0.0,20.0,17.982859,0.0,0.0,20.0,17.982859,0.0,0.0,0,0.0,0.1112,0.0,0,1,0.11121702,0.0,0,1,0.11121702,0.11121702,0.0,0.0,0.11121702,0.1112,Attack,Attack-TCP-Flag-ACK-PSH
40,0.0,0.5,0.109,20,0.0,0.0,0.109,20,0,0.5,0.0,20.0,62611,0.0,0.0,20.0,18.349152,0.0,0.0,20.0,18.349152,0.0,0.0,0,0.0,0.109,0.0,0,1,0.10899687,0.0,0,1,0.10899687,0.10899687,0.0,0.0,0.10899687,0.109,Attack,Attack-TCP-Flag-ACK-PSH
20,20.0,1.0,1702932000.0,20,20.0,0.0,1702932000.0,20,0,0.0,1702932000.0,20.0,0,0.0,1702932000.0,20.0,0.0,0.0,1702932000.0,20.0,0.0,0.0,1702932000.0,20,0.0,1702932000.0,1702932000.0,20,1,1702932000.0,1702932000.0,20,0,1702932000.0,0.0,20.0,0.0,1702932000.0,0.0,Attack,Attack-TCP-Flag-ACK-PSH
20,20.0,1.0,1702932000.0,20,20.0,0.0,1702932000.0,20,0,0.0,1702932000.0,20.0,0,0.0,1702932000.0,20.0,0.0,0.0,1702932000.0,20.0,0.0,0.0,1702932000.0,20,0.0,1702932000.0,1702932000.0,20,1,1702932000.0,1702932000.0,20,0,1702932000.0,0.0,20.0,0.0,1702932000.0,0.0,Attack,Attack-TCP-Flag-ACK-PSH
20,20.0,1.0,1702932000.0,20,20.0,0.0,1702932000.0,20,0,0.0,1702932000.0,20.0,0,0.0,1702932000.0,20.0,0.0,0.0,1702932000.0,20.0,0.0,0.0,1702932000.0,20,0.0,1702932000.0,1702932000.0,20,1,1702932000.0,1702932000.0,20,0,1702932000.0,0.0,20.0,0.0,1702932000.0,0.0,Attack,Attack-TCP-Flag-ACK-PSH
40,0.0,0.5,0.1097,20,0.0,0.0,0.1097,20,0,0.5,0.0,20.0,62594,0.0,0.0,20.0,18.238998,0.0,0.0,20.0,18.238998,0.0,0.0,0,0.0,0.1097,0.0,0,1,0.10965514,0.0,0,1,0.10965514,0.10965514,0.0,0.0,0.10965514,0.1097,Attack,Attack-TCP-Flag-ACK-PSH
40,0.0,0.5,0.1102,20,0.0,0.0,0.1102,20,0,0.5,0.0,20.0,62599,0.0,0.0,20.0,18.146358,0.0,0.0,20.0,18.146358,0.0,0.0,0,0.0,0.1102,0.0,0,1,0.11021495,0.0,0,1,0.11021495,0.11021495,0.0,0.0,0.11021495,0.1102,Attack,Attack-TCP-Flag-ACK-PSH
40,0.0,0.5,0.1108,20,0.0,0.0,0.1108,20,0,0.5,0.0,20.0,62611,0.0,0.0,20.0,18.054306,0.0,0.0,20.0,18.054306,0.0,0.0,0,0.0,0.1108,0.0,0,1,0.1107769,0.0,0,1,0.1107769,0.1107769,0.0,0.0,0.1107769,0.1108,Attack,Attack-TCP-Flag-ACK-PSH
40,0.0,0.5,0.1108,20,0.0,0.0,0.1108,20,0,0.5,0.0,20.0,62608,0.0,0.0,20.0,18.044014,0.0,0.0,20.0,18.044014,0.0,0.0,0,0.0,0.1108,0.0,0,1,0.11084008,0.0,0,1,0.11084008,0.11084008,0.0,0.0,0.11084008,0.1108,Attack,Attack-TCP-Flag-ACK-PSH
20,20.0,1.0,1702932000.0,20,20.0,0.0,1702932000.0,20,0,0.0,1702932000.0,20.0,0,0.0,1702932000.0,20.0,0.0,0.0,1702932000.0,20.0,0.0,0.0,1702932000.0,20,0.0,1702932000.0,1702932000.0,20,1,1702932000.0,1702932000.0,20,0,1702932000.0,0.0,20.0,0.0,1702932000.0,0.0,Attack,Attack-TCP-Flag-ACK-PSH
24,24.0,0.0,1702932000.0,24,24.0,1.0,1702932000.0,24,65535,0.0,1702932000.0,24.0,0,0.0,1702932000.0,24.0,0.0,1.0,1702932000.0,24.0,0.0,0.0,1702932000.0,24,0.0,1702932000.0,1702932000.0,24,0,1702932000.0,1702932000.0,24,0,1702932000.0,0.0,24.0,1.0,1702932000.0,0.0,Attack,Attack-TCP-Flag-ACK-PSH
40,0.0,0.5,0.1101,20,0.0,0.0,0.1101,20,0,0.5,0.0,20.0,62602,0.0,0.0,20.0,18.159204,0.0,0.0,20.0,18.159204,0.0,0.0,0,0.0,0.1101,0.0,0,1,0.110136986,0.0,0,1,0.110136986,0.110136986,0.0,0.0,0.110136986,0.1101,Attack,Attack-TCP-Flag-ACK-PSH
40,0.0,0.5,0.1081,20,0.0,0.0,0.1081,20,0,0.5,0.0,20.0,62594,0.0,0.0,20.0,18.50548,0.0,0.0,20.0,18.50548,0.0,0.0,0,0.0,0.1081,0.0,0,1,0.108076096,0.0,0,1,0.108076096,0.108076096,0.0,0.0,0.108076096,0.1081,Attack,Attack-TCP-Flag-ACK-PSH
20,20.0,1.0,1702932000.0,20,20.0,0.0,1702932000.0,20,0,0.0,1702932000.0,20.0,0,0.0,1702932000.0,20.0,0.0,0.0,1702932000.0,20.0,0.0,0.0,1702932000.0,20,0.0,1702932000.0,1702932000.0,20,1,1702932000.0,1702932000.0,20,0,1702932000.0,0.0,20.0,0.0,1702932000.0,0.0,Attack,Attack-TCP-Flag-ACK-PSH
52,32.0,0.5,1e-04,32,32.0,0.5,1e-04,20,1024,0.5,1702932000.0,26.0,0,0.0,1702932000.0,26.0,18196.547,1.0,1702932000.0,20.0,9098.273,0.0,1702932000.0,32,9098.273,1e-04,1702932000.0,32,1,0.000109910965,1702932000.0,32,1,0.000109910965,1702932000.0,32.0,0.5,0.000109910965,1702932000.0,Attack,Attack-TCP-Flag-ACK-PSH
20,20.0,1.0,1702932000.0,20,20.0,0.0,1702932000.0,20,0,0.0,1702932000.0,20.0,0,0.0,1702932000.0,20.0,0.0,0.0,1702932000.0,20.0,0.0,0.0,1702932000.0,20,0.0,1702932000.0,1702932000.0,20,1,1702932000.0,1702932000.0,20,0,1702932000.0,0.0,20.0,0.0,1702932000.0,0.0,Attack,Attack-TCP-Flag-ACK-PSH
20,20.0,1.0,1702932000.0,20,20.0,0.0,1702932000.0,20,0,0.0,1702932000.0,20.0,0,0.0,1702932000.0,20.0,0.0,0.0,1702932000.0,20.0,0.0,0.0,1702932000.0,20,0.0,1702932000.0,1702932000.0,20,1,1702932000.0,1702932000.0,20,0,1702932000.0,0.0,20.0,0.0,1702932000.0,0.0,Attack,Attack-TCP-Flag-ACK-PSH
40,0.0,0.5,0.1092,20,0.0,0.0,0.1092,20,0,0.5,0.0,20.0,62594,0.0,0.0,20.0,18.315699,0.0,0.0,20.0,18.315699,0.0,0.0,0,0.0,0.1092,0.0,0,1,0.10919595,0.0,0,1,0.10919595,0.10919595,0.0,0.0,0.10919595,0.1092,Attack,Attack-TCP-Flag-ACK-PSH
40,0.0,0.5,0.111,20,0.0,0.0,0.111,20,0,0.5,0.0,20.0,62596,0.0,0.0,20.0,18.018665,0.0,0.0,20.0,18.018665,0.0,0.0,0,0.0,0.111,0.0,0,1,0.11099601,0.0,0,1,0.11099601,0.11099601,0.0,0.0,0.11099601,0.111,Attack,Attack-TCP-Flag-ACK-PSH
24,24.0,0.0,1702932000.0,24,24.0,1.0,1702932000.0,24,65535,0.0,1702932000.0,24.0,0,0.0,1702932000.0,24.0,0.0,1.0,1702932000.0,24.0,0.0,0.0,1702932000.0,24,0.0,1702932000.0,1702932000.0,24,0,1702932000.0,1702932000.0,24,0,1702932000.0,0.0,24.0,1.0,1702932000.0,0.0,Attack,Attack-TCP-Flag-ACK-PSH
40,0.0,0.5,0.109,20,0.0,0.0,0.109,20,0,0.5,0.0,20.0,62605,0.0,0.0,20.0,18.345259,0.0,0.0,20.0,18.345259,0.0,0.0,0,0.0,0.109,0.0,0,1,0.109019995,0.0,0,1,0.109019995,0.109019995,0.0,0.0,0.109019995,0.109,Attack,Attack-TCP-Flag-ACK-PSH
40,0.0,0.5,0.1079,20,0.0,0.0,0.1079,20,0,0.5,0.0,20.0,62608,0.0,0.0,20.0,18.537746,0.0,0.0,20.0,18.537746,0.0,0.0,0,0.0,0.1079,0.0,0,1,0.10788798,0.0,0,1,0.10788798,0.10788798,0.0,0.0,0.10788798,0.1079,Attack,Attack-TCP-Flag-ACK-PSH
40,0.0,0.5,0.1079,20,0.0,0.0,0.1079,20,0,0.5,0.0,20.0,62602,0.0,0.0,20.0,18.538607,0.0,0.0,20.0,18.538607,0.0,0.0,0,0.0,0.1079,0.0,0,1,0.10788298,0.0,0,1,0.10788298,0.10788298,0.0,0.0,0.10788298,0.1079,Attack,Attack-TCP-Flag-ACK-PSH
24,24.0,0.0,1702932000.0,24,24.0,1.0,1702932000.0,24,1025,0.0,1702932000.0,24.0,0,0.0,1702932000.0,24.0,0.0,1.0,1702932000.0,24.0,0.0,0.0,1702932000.0,24,0.0,1702932000.0,1702932000.0,24,0,1702932000.0,1702932000.0,24,0,1702932000.0,0.0,24.0,1.0,1702932000.0,0.0,Attack,Attack-TCP-Flag-ACK-PSH
40,0.0,0.5,0.1064,20,0.0,0.0,0.1064,20,0,0.5,0.0,20.0,62602,0.0,0.0,20.0,18.794336,0.0,0.0,20.0,18.794336,0.0,0.0,0,0.0,0.1064,0.0,0,1,0.10641503,0.0,0,1,0.10641503,0.10641503,0.0,0.0,0.10641503,0.1064,Attack,Attack-TCP-Flag-ACK-PSH
40,0.0,0.5,0.111,20,0.0,0.0,0.111,20,0,0.5,0.0,20.0,62605,0.0,0.0,20.0,18.019634,0.0,0.0,20.0,18.019634,0.0,0.0,0,0.0,0.111,0.0,0,1,0.11099005,0.0,0,1,0.11099005,0.11099005,0.0,0.0,0.11099005,0.111,Attack,Attack-TCP-Flag-ACK-PSH
40,0.0,0.5,0.1111,20,0.0,0.0,0.1111,20,0,0.5,0.0,20.0,62605,0.0,0.0,20.0,17.999374,0.0,0.0,20.0,17.999374,0.0,0.0,0,0.0,0.1111,0.0,0,1,0.11111498,0.0,0,1,0.11111498,0.11111498,0.0,0.0,0.11111498,0.1111,Attack,Attack-TCP-Flag-ACK-PSH
20,20.0,0.0,1702932000.0,20,20.0,1.0,1702932000.0,20,65535,0.0,1702932000.0,20.0,0,0.0,1702932000.0,20.0,0.0,1.0,1702932000.0,20.0,0.0,0.0,1702932000.0,20,0.0,1702932000.0,1702932000.0,20,0,1702932000.0,1702932000.0,20,0,1702932000.0,0.0,20.0,1.0,1702932000.0,0.0,Attack,Attack-TCP-Flag-ACK-PSH
24,24.0,0.0,1702932000.0,24,24.0,1.0,1702932000.0,24,65535,0.0,1702932000.0,24.0,0,0.0,1702932000.0,24.0,0.0,1.0,1702932000.0,24.0,0.0,0.0,1702932000.0,24,0.0,1702932000.0,1702932000.0,24,0,1702932000.0,1702932000.0,24,0,1702932000.0,0.0,24.0,1.0,1702932000.0,0.0,Attack,Attack-TCP-Flag-ACK-PSH
40,0.0,0.5,0.1098,20,0.0,0.0,0.1098,20,0,0.5,0.0,20.0,62602,0.0,0.0,20.0,18.210451,0.0,0.0,20.0,18.210451,0.0,0.0,0,0.0,0.1098,0.0,0,1,0.10982704,0.0,0,1,0.10982704,0.10982704,0.0,0.0,0.10982704,0.1098,Attack,Attack-TCP-Flag-ACK-PSH
40,0.0,0.5,0.108,20,0.0,0.0,0.108,20,0,0.5,0.0,20.0,62602,0.0,0.0,20.0,18.515936,0.0,0.0,20.0,18.515936,0.0,0.0,0,0.0,0.108,0.0,0,1,0.10801506,0.0,0,1,0.10801506,0.10801506,0.0,0.0,0.10801506,0.108,Attack,Attack-TCP-Flag-ACK-PSH
40,0.0,0.5,0.1102,20,0.0,0.0,0.1102,20,0,0.5,0.0,20.0,62590,0.0,0.0,20.0,18.151777,0.0,0.0,20.0,18.151777,0.0,0.0,0,0.0,0.1102,0.0,0,1,0.11018205,0.0,0,1,0.11018205,0.11018205,0.0,0.0,0.11018205,0.1102,Attack,Attack-TCP-Flag-ACK-PSH
40,0.0,0.5,0.1107,20,0.0,0.0,0.1107,20,0,0.5,0.0,20.0,62605,0.0,0.0,20.0,18.060835,0.0,0.0,20.0,18.060835,0.0,0.0,0,0.0,0.1107,0.0,0,1,0.11073685,0.0,0,1,0.11073685,0.11073685,0.0,0.0,0.11073685,0.1107,Attack,Attack-TCP-Flag-ACK-PSH
40,0.0,0.5,0.111,20,0.0,0.0,0.111,20,0,0.5,0.0,20.0,62594,0.0,0.0,20.0,18.017351,0.0,0.0,20.0,18.017351,0.0,0.0,0,0.0,0.111,0.0,0,1,0.111004114,0.0,0,1,0.111004114,0.111004114,0.0,0.0,0.111004114,0.111,Attack,Attack-TCP-Flag-ACK-PSH
40,0.0,0.5,0.1109,20,0.0,0.0,0.1109,20,0,0.5,0.0,20.0,62614,0.0,0.0,20.0,18.031176,0.0,0.0,20.0,18.031176,0.0,0.0,0,0.0,0.1109,0.0,0,1,0.110919,0.0,0,1,0.110919,0.110919,0.0,0.0,0.110919,0.1109,Attack,Attack-TCP-Flag-ACK-PSH
40,0.0,0.5,0.1112,20,0.0,0.0,0.1112,20,0,0.5,0.0,20.0,62602,0.0,0.0,20.0,17.988373,0.0,0.0,20.0,17.988373,0.0,0.0,0,0.0,0.1112,0.0,0,1,0.11118293,0.0,0,1,0.11118293,0.11118293,0.0,0.0,0.11118293,0.1112,Attack,Attack-TCP-Flag-ACK-PSH
40,0.0,0.5,0.1109,20,0.0,0.0,0.1109,20,0,0.5,0.0,20.0,62588,0.0,0.0,20.0,18.031176,0.0,0.0,20.0,18.031176,0.0,0.0,0,0.0,0.1109,0.0,0,1,0.110919,0.0,0,1,0.110919,0.110919,0.0,0.0,0.110919,0.1109,Attack,Attack-TCP-Flag-ACK-PSH
20,20.0,1.0,1702932000.0,20,20.0,0.0,1702932000.0,20,1200,0.0,1702932000.0,20.0,0,0.0,1702932000.0,20.0,0.0,0.0,1702932000.0,20.0,0.0,0.0,1702932000.0,20,0.0,1702932000.0,1702932000.0,20,1,1702932000.0,1702932000.0,20,0,1702932000.0,0.0,20.0,0.0,1702932000.0,0.0,Attack,Attack-TCP-Flag-ACK-PSH
40,0.0,0.5,0.1092,20,0.0,0.0,0.1092,20,0,0.5,0.0,20.0,62605,0.0,0.0,20.0,18.315018,0.0,0.0,20.0,18.315018,0.0,0.0,0,0.0,0.1092,0.0,0,1,0.1092,0.0,0,1,0.1092,0.1092,0.0,0.0,0.1092,0.1092,Attack,Attack-TCP-Flag-ACK-PSH
40,0.0,0.5,0.1069,20,0.0,0.0,0.1069,20,0,0.5,0.0,20.0,62611,0.0,0.0,20.0,18.709078,0.0,0.0,20.0,18.709078,0.0,0.0,0,0.0,0.1069,0.0,0,1,0.10689998,0.0,0,1,0.10689998,0.10689998,0.0,0.0,0.10689998,0.1069,Attack,Attack-TCP-Flag-ACK-PSH
40,0.0,0.5,0.11,20,0.0,0.0,0.11,20,0,0.5,0.0,20.0,62588,0.0,0.0,20.0,18.177187,0.0,0.0,20.0,18.177187,0.0,0.0,0,0.0,0.11,0.0,0,1,0.11002803,0.0,0,1,0.11002803,0.11002803,0.0,0.0,0.11002803,0.11,Attack,Attack-TCP-Flag-ACK-PSH
40,0.0,0.5,0.111,20,0.0,0.0,0.111,20,0,0.5,0.0,20.0,62608,0.0,0.0,20.0,18.020756,0.0,0.0,20.0,18.020756,0.0,0.0,0,0.0,0.111,0.0,0,1,0.11098313,0.0,0,1,0.11098313,0.11098313,0.0,0.0,0.11098313,0.111,Attack,Attack-TCP-Flag-ACK-PSH
40,0.0,0.5,0.107,20,0.0,0.0,0.107,20,0,0.5,0.0,20.0,62602,0.0,0.0,20.0,18.693485,0.0,0.0,20.0,18.693485,0.0,0.0,0,0.0,0.107,0.0,0,1,0.106989145,0.0,0,1,0.106989145,0.106989145,0.0,0.0,0.106989145,0.107,Attack,Attack-TCP-Flag-ACK-PSH
40,0.0,0.5,0.1092,20,0.0,0.0,0.1092,20,0,0.5,0.0,20.0,62596,0.0,0.0,20.0,18.312819,0.0,0.0,20.0,18.312819,0.0,0.0,0,0.0,0.1092,0.0,0,1,0.109213114,0.0,0,1,0.109213114,0.109213114,0.0,0.0,0.109213114,0.1092,Attack,Attack-TCP-Flag-ACK-PSH
40,0.0,0.5,0.111,20,0.0,0.0,0.111,20,0,0.5,0.0,20.0,62602,0.0,0.0,20.0,18.01058,0.0,0.0,20.0,18.01058,0.0,0.0,0,0.0,0.111,0.0,0,1,0.11104584,0.0,0,1,0.11104584,0.11104584,0.0,0.0,0.11104584,0.111,Attack,Attack-TCP-Flag-ACK-PSH
40,0.0,0.5,0.1108,20,0.0,0.0,0.1108,20,0,0.5,0.0,20.0,62599,0.0,0.0,20.0,18.04875,0.0,0.0,20.0,18.04875,0.0,0.0,0,0.0,0.1108,0.0,0,1,0.110810995,0.0,0,1,0.110810995,0.110810995,0.0,0.0,0.110810995,0.1108,Attack,Attack-TCP-Flag-ACK-PSH
20,20.0,0.0,1702932000.0,20,20.0,1.0,1702932000.0,20,65535,0.0,1702932000.0,20.0,0,0.0,1702932000.0,20.0,0.0,1.0,1702932000.0,20.0,0.0,0.0,1702932000.0,20,0.0,1702932000.0,1702932000.0,20,0,1702932000.0,1702932000.0,20,0,1702932000.0,0.0,20.0,1.0,1702932000.0,0.0,Attack,Attack-TCP-Flag-ACK-PSH
40,0.0,0.5,0.1099,20,0.0,0.0,0.1099,20,0,0.5,0.0,20.0,62605,0.0,0.0,20.0,18.197336,0.0,0.0,20.0,18.197336,0.0,0.0,0,0.0,0.1099,0.0,0,1,0.1099062,0.0,0,1,0.1099062,0.1099062,0.0,0.0,0.1099062,0.1099,Attack,Attack-TCP-Flag-ACK-PSH
40,0.0,0.5,0.1081,20,0.0,0.0,0.1081,20,0,0.5,0.0,20.0,62596,0.0,0.0,20.0,18.500868,0.0,0.0,20.0,18.500868,0.0,0.0,0,0.0,0.1081,0.0,0,1,0.10810304,0.0,0,1,0.10810304,0.10810304,0.0,0.0,0.10810304,0.1081,Attack,Attack-TCP-Flag-ACK-PSH
40,0.0,0.5,0.1067,20,0.0,0.0,0.1067,20,0,0.5,0.0,20.0,62599,0.0,0.0,20.0,18.737118,0.0,0.0,20.0,18.737118,0.0,0.0,0,0.0,0.1067,0.0,0,1,0.10674,0.0,0,1,0.10674,0.10674,0.0,0.0,0.10674,0.1067,Attack,Attack-TCP-Flag-ACK-PSH
40,0.0,0.5,0.1111,20,0.0,0.0,0.1111,20,0,0.5,0.0,20.0,62599,0.0,0.0,20.0,18.005014,0.0,0.0,20.0,18.005014,0.0,0.0,0,0.0,0.1111,0.0,0,1,0.11108017,0.0,0,1,0.11108017,0.11108017,0.0,0.0,0.11108017,0.1111,Attack,Attack-TCP-Flag-ACK-PSH
20,20.0,1.0,1702932000.0,20,20.0,0.0,1702932000.0,20,0,0.0,1702932000.0,20.0,0,0.0,1702932000.0,20.0,0.0,0.0,1702932000.0,20.0,0.0,0.0,1702932000.0,20,0.0,1702932000.0,1702932000.0,20,1,1702932000.0,1702932000.0,20,0,1702932000.0,0.0,20.0,0.0,1702932000.0,0.0,Attack,Attack-TCP-Flag-ACK-PSH
40,0.0,0.5,0.1081,20,0.0,0.0,0.1081,20,0,0.5,0.0,20.0,62605,0.0,0.0,20.0,18.503603,0.0,0.0,20.0,18.503603,0.0,0.0,0,0.0,0.1081,0.0,0,1,0.10808706,0.0,0,1,0.10808706,0.10808706,0.0,0.0,0.10808706,0.1081,Attack,Attack-TCP-Flag-ACK-PSH
40,0.0,0.5,0.1065,20,0.0,0.0,0.1065,20,0,0.5,0.0,20.0,62608,0.0,0.0,20.0,18.77318,0.0,0.0,20.0,18.77318,0.0,0.0,0,0.0,0.1065,0.0,0,1,0.10653496,0.0,0,1,0.10653496,0.10653496,0.0,0.0,0.10653496,0.1065,Attack,Attack-TCP-Flag-ACK-PSH
20,20.0,1.0,1702932000.0,20,20.0,0.0,1702932000.0,20,0,0.0,1702932000.0,20.0,0,0.0,1702932000.0,20.0,0.0,0.0,1702932000.0,20.0,0.0,0.0,1702932000.0,20,0.0,1702932000.0,1702932000.0,20,1,1702932000.0,1702932000.0,20,0,1702932000.0,0.0,20.0,0.0,1702932000.0,0.0,Attack,Attack-TCP-Flag-ACK-PSH
20,20.0,1.0,1702932000.0,20,20.0,0.0,1702932000.0,20,0,0.0,1702932000.0,20.0,0,0.0,1702932000.0,20.0,0.0,0.0,1702932000.0,20.0,0.0,0.0,1702932000.0,20,0.0,1702932000.0,1702932000.0,20,1,1702932000.0,1702932000.0,20,0,1702932000.0,0.0,20.0,0.0,1702932000.0,0.0,Attack,Attack-TCP-Flag-ACK-PSH
24,24.0,0.0,1702932000.0,24,24.0,1.0,1702932000.0,24,1025,0.0,1702932000.0,24.0,0,0.0,1702932000.0,24.0,0.0,1.0,1702932000.0,24.0,0.0,0.0,1702932000.0,24,0.0,1702932000.0,1702932000.0,24,0,1702932000.0,1702932000.0,24,0,1702932000.0,0.0,24.0,1.0,1702932000.0,0.0,Attack,Attack-TCP-Flag-ACK-PSH
20,20.0,1.0,1702932000.0,20,20.0,0.0,1702932000.0,20,0,0.0,1702932000.0,20.0,0,0.0,1702932000.0,20.0,0.0,0.0,1702932000.0,20.0,0.0,0.0,1702932000.0,20,0.0,1702932000.0,1702932000.0,20,1,1702932000.0,1702932000.0,20,0,1702932000.0,0.0,20.0,0.0,1702932000.0,0.0,Attack,Attack-TCP-Flag-ACK-PSH
44,24.0,0.5,0.0005,24,24.0,0.5,0.0005,20,65535,0.5,1702932000.0,22.0,0,0.0,1702932000.0,22.0,3929.0903,1.0,1702932000.0,20.0,1964.5452,0.0,1702932000.0,24,1964.5452,0.0005,1702932000.0,24,1,0.00050902367,1702932000.0,24,1,0.00050902367,1702932000.0,24.0,0.5,0.00050902367,1702932000.0,Attack,Attack-TCP-Flag-ACK-PSH
40,0.0,0.5,0.108,20,0.0,0.0,0.108,20,0,0.5,0.0,20.0,62614,0.0,0.0,20.0,18.51185,0.0,0.0,20.0,18.51185,0.0,0.0,0,0.0,0.108,0.0,0,1,0.1080389,0.0,0,1,0.1080389,0.1080389,0.0,0.0,0.1080389,0.108,Attack,Attack-TCP-Flag-ACK-PSH
24,24.0,0.0,1702932000.0,24,24.0,1.0,1702932000.0,24,65535,0.0,1702932000.0,24.0,0,0.0,1702932000.0,24.0,0.0,1.0,1702932000.0,24.0,0.0,0.0,1702932000.0,24,0.0,1702932000.0,1702932000.0,24,0,1702932000.0,1702932000.0,24,0,1702932000.0,0.0,24.0,1.0,1702932000.0,0.0,Attack,Attack-TCP-Flag-ACK-PSH
40,0.0,0.5,0.1074,20,0.0,0.0,0.1074,20,0,0.5,0.0,20.0,62602,0.0,0.0,20.0,18.618677,0.0,0.0,20.0,18.618677,0.0,0.0,0,0.0,0.1074,0.0,0,1,0.107419014,0.0,0,1,0.107419014,0.107419014,0.0,0.0,0.107419014,0.1074,Attack,Attack-TCP-Flag-ACK-PSH
40,0.0,0.5,0.1077,20,0.0,0.0,0.1077,20,0,0.5,0.0,20.0,62599,0.0,0.0,20.0,18.566835,0.0,0.0,20.0,18.566835,0.0,0.0,0,0.0,0.1077,0.0,0,1,0.107718945,0.0,0,1,0.107718945,0.107718945,0.0,0.0,0.107718945,0.1077,Attack,Attack-TCP-Flag-ACK-PSH
20,20.0,1.0,1702932000.0,20,20.0,0.0,1702932000.0,20,0,0.0,1702932000.0,20.0,0,0.0,1702932000.0,20.0,0.0,0.0,1702932000.0,20.0,0.0,0.0,1702932000.0,20,0.0,1702932000.0,1702932000.0,20,1,1702932000.0,1702932000.0,20,0,1702932000.0,0.0,20.0,0.0,1702932000.0,0.0,Attack,Attack-TCP-Flag-ACK-PSH
40,0.0,0.5,0.1107,20,0.0,0.0,0.1107,20,0,0.5,0.0,20.0,62590,0.0,0.0,20.0,18.059164,0.0,0.0,20.0,18.059164,0.0,0.0,0,0.0,0.1107,0.0,0,1,0.1107471,0.0,0,1,0.1107471,0.1107471,0.0,0.0,0.1107471,0.1107,Attack,Attack-TCP-Flag-ACK-PSH
40,0.0,0.5,0.1102,20,0.0,0.0,0.1102,20,0,0.5,0.0,20.0,62608,0.0,0.0,20.0,18.142551,0.0,0.0,20.0,18.142551,0.0,0.0,0,0.0,0.1102,0.0,0,1,0.110238075,0.0,0,1,0.110238075,0.110238075,0.0,0.0,0.110238075,0.1102,Attack,Attack-TCP-Flag-ACK-PSH
24,24.0,0.0,1702932000.0,24,24.0,1.0,1702932000.0,24,65535,0.0,1702932000.0,24.0,0,0.0,1702932000.0,24.0,0.0,1.0,1702932000.0,24.0,0.0,0.0,1702932000.0,24,0.0,1702932000.0,1702932000.0,24,0,1702932000.0,1702932000.0,24,0,1702932000.0,0.0,24.0,1.0,1702932000.0,0.0,Attack,Attack-TCP-Flag-ACK-PSH
40,0.0,0.5,0.1114,20,0.0,0.0,0.1114,20,0,0.5,0.0,20.0,62594,0.0,0.0,20.0,17.959452,0.0,0.0,20.0,17.959452,0.0,0.0,0,0.0,0.1114,0.0,0,1,0.11136198,0.0,0,1,0.11136198,0.11136198,0.0,0.0,0.11136198,0.1114,Attack,Attack-TCP-Flag-ACK-PSH
40,0.0,0.5,0.1078,20,0.0,0.0,0.1078,20,0,0.5,0.0,20.0,62596,0.0,0.0,20.0,18.56096,0.0,0.0,20.0,18.56096,0.0,0.0,0,0.0,0.1078,0.0,0,1,0.10775304,0.0,0,1,0.10775304,0.10775304,0.0,0.0,0.10775304,0.1078,Attack,Attack-TCP-Flag-ACK-PSH
40,0.0,0.5,0.108,20,0.0,0.0,0.108,20,0,0.5,0.0,20.0,62590,0.0,0.0,20.0,18.514956,0.0,0.0,20.0,18.514956,0.0,0.0,0,0.0,0.108,0.0,0,1,0.10802078,0.0,0,1,0.10802078,0.10802078,0.0,0.0,0.10802078,0.108,Attack,Attack-TCP-Flag-ACK-PSH
20,20.0,1.0,1702932000.0,20,20.0,0.0,1702932000.0,20,0,0.0,1702932000.0,20.0,0,0.0,1702932000.0,20.0,0.0,0.0,1702932000.0,20.0,0.0,0.0,1702932000.0,20,0.0,1702932000.0,1702932000.0,20,1,1702932000.0,1702932000.0,20,0,1702932000.0,0.0,20.0,0.0,1702932000.0,0.0,Attack,Attack-TCP-Flag-ACK-PSH
40,20.0,0.5,1e-04,20,20.0,0.5,1e-04,20,1024,0.5,1702932000.0,20.0,0,0.0,1702932000.0,20.0,24672.377,1.0,1702932000.0,20.0,12336.188,0.0,1702932000.0,20,12336.188,1e-04,1702932000.0,20,1,8.106232e-05,1702932000.0,20,1,8.106232e-05,1702932000.0,20.0,0.5,8.106232e-05,1702932000.0,Attack,Attack-TCP-Flag-ACK-PSH
80,40.0,0.0,0.9946,40,40.0,1.0,0.9946,40,29040,0.0,0.9946,40.0,0,0.0,0.9946182,40.0,2.0108218,1.0,0.9946182,40.0,0.0,0.0,0.9946182,80,2.0108218,0.9946,0.9946,40,0,0.9946182,0.9946,40,0,0.9946182,0.0,40.0,1.0,0.9946182,0.0,Attack,Attack-TCP-Flag-ACK-PSH
20,20.0,1.0,1702932000.0,20,20.0,0.0,1702932000.0,20,0,0.0,1702932000.0,20.0,0,0.0,1702932000.0,20.0,0.0,0.0,1702932000.0,20.0,0.0,0.0,1702932000.0,20,0.0,1702932000.0,1702932000.0,20,1,1702932000.0,1702932000.0,20,0,1702932000.0,0.0,20.0,0.0,1702932000.0,0.0,Attack,Attack-TCP-Flag-ACK-PSH
20,20.0,0.0,1702932000.0,20,20.0,1.0,1702932000.0,20,65535,0.0,1702932000.0,20.0,0,0.0,1702932000.0,20.0,0.0,1.0,1702932000.0,20.0,0.0,0.0,1702932000.0,20,0.0,1702932000.0,1702932000.0,20,0,1702932000.0,1702932000.0,20,0,1702932000.0,0.0,20.0,1.0,1702932000.0,0.0,Attack,Attack-TCP-Flag-ACK-PSH
60,40.0,0.5,1e-04,40,40.0,0.5,1e-04,20,29200,0.5,1702932000.0,30.0,0,0.0,1702932000.0,30.0,19784.453,1.0,1702932000.0,20.0,9892.227,0.0,1702932000.0,40,9892.227,1e-04,1702932000.0,40,1,0.00010108948,1702932000.0,40,1,0.00010108948,1702932000.0,40.0,0.5,0.00010108948,1702932000.0,Attack,Attack-TCP-Flag-ACK-PSH
40,0.0,0.5,0.1101,20,0.0,0.0,0.1101,20,0,0.5,0.0,20.0,62605,0.0,0.0,20.0,18.167974,0.0,0.0,20.0,18.167974,0.0,0.0,0,0.0,0.1101,0.0,0,1,0.11008382,0.0,0,1,0.11008382,0.11008382,0.0,0.0,0.11008382,0.1101,Attack,Attack-TCP-Flag-ACK-PSH
40,0.0,0.5,0.108,20,0.0,0.0,0.108,20,0,0.5,0.0,20.0,62590,0.0,0.0,20.0,18.510992,0.0,0.0,20.0,18.510992,0.0,0.0,0,0.0,0.108,0.0,0,1,0.10804391,0.0,0,1,0.10804391,0.10804391,0.0,0.0,0.10804391,0.108,Attack,Attack-TCP-Flag-ACK-PSH
20,20.0,1.0,1702932000.0,20,20.0,0.0,1702932000.0,20,1200,0.0,1702932000.0,20.0,0,0.0,1702932000.0,20.0,0.0,0.0,1702932000.0,20.0,0.0,0.0,1702932000.0,20,0.0,1702932000.0,1702932000.0,20,1,1702932000.0,1702932000.0,20,0,1702932000.0,0.0,20.0,0.0,1702932000.0,0.0,Attack,Attack-TCP-Flag-ACK-PSH
20,20.0,1.0,1702932000.0,20,20.0,0.0,1702932000.0,20,0,0.0,1702932000.0,20.0,0,0.0,1702932000.0,20.0,0.0,0.0,1702932000.0,20.0,0.0,0.0,1702932000.0,20,0.0,1702932000.0,1702932000.0,20,1,1702932000.0,1702932000.0,20,0,1702932000.0,0.0,20.0,0.0,1702932000.0,0.0,Attack,Attack-TCP-Flag-ACK-PSH
24,24.0,0.0,1702932000.0,24,24.0,1.0,1702932000.0,24,65535,0.0,1702932000.0,24.0,0,0.0,1702932000.0,24.0,0.0,1.0,1702932000.0,24.0,0.0,0.0,1702932000.0,24,0.0,1702932000.0,1702932000.0,24,0,1702932000.0,1702932000.0,24,0,1702932000.0,0.0,24.0,1.0,1702932000.0,0.0,Attack,Attack-TCP-Flag-ACK-PSH
40,0.0,0.5,0.1108,20,0.0,0.0,0.1108,20,0,0.5,0.0,20.0,62599,0.0,0.0,20.0,18.050226,0.0,0.0,20.0,18.050226,0.0,0.0,0,0.0,0.1108,0.0,0,1,0.110801935,0.0,0,1,0.110801935,0.110801935,0.0,0.0,0.110801935,0.1108,Attack,Attack-TCP-Flag-ACK-PSH
40,20.0,0.5,0.0002,20,20.0,0.5,0.0002,20,1024,0.5,1702932000.0,20.0,0,0.0,1702932000.0,20.0,9998.341,1.0,1702932000.0,20.0,4999.1704,0.0,1702932000.0,20,4999.1704,0.0002,1702932000.0,20,1,0.00020003319,1702932000.0,20,1,0.00020003319,1702932000.0,20.0,0.5,0.00020003319,1702932000.0,Attack,Attack-TCP-Flag-ACK-PSH
20,20.0,1.0,1702932000.0,20,20.0,0.0,1702932000.0,20,0,0.0,1702932000.0,20.0,0,0.0,1702932000.0,20.0,0.0,0.0,1702932000.0,20.0,0.0,0.0,1702932000.0,20,0.0,1702932000.0,1702932000.0,20,1,1702932000.0,1702932000.0,20,0,1702932000.0,0.0,20.0,0.0,1702932000.0,0.0,Attack,Attack-TCP-Flag-ACK-PSH
20,20.0,1.0,1702932000.0,20,20.0,0.0,1702932000.0,20,0,0.0,1702932000.0,20.0,0,0.0,1702932000.0,20.0,0.0,0.0,1702932000.0,20.0,0.0,0.0,1702932000.0,20,0.0,1702932000.0,1702932000.0,20,1,1702932000.0,1702932000.0,20,0,1702932000.0,0.0,20.0,0.0,1702932000.0,0.0,Attack,Attack-TCP-Flag-ACK-PSH
40,0.0,0.5,0.1069,20,0.0,0.0,0.1069,20,0,0.5,0.0,20.0,62596,0.0,0.0,20.0,18.70207,0.0,0.0,20.0,18.70207,0.0,0.0,0,0.0,0.1069,0.0,0,1,0.10694003,0.0,0,1,0.10694003,0.10694003,0.0,0.0,0.10694003,0.1069,Attack,Attack-TCP-Flag-ACK-PSH
40,0.0,0.5,0.1099,20,0.0,0.0,0.1099,20,0,0.5,0.0,20.0,62605,0.0,0.0,20.0,18.194218,0.0,0.0,20.0,18.194218,0.0,0.0,0,0.0,0.1099,0.0,0,1,0.10992503,0.0,0,1,0.10992503,0.10992503,0.0,0.0,0.10992503,0.1099,Attack,Attack-TCP-Flag-ACK-PSH
20,20.0,1.0,1702932000.0,20,20.0,0.0,1702932000.0,20,0,0.0,1702932000.0,20.0,0,0.0,1702932000.0,20.0,0.0,0.0,1702932000.0,20.0,0.0,0.0,1702932000.0,20,0.0,1702932000.0,1702932000.0,20,1,1702932000.0,1702932000.0,20,0,1702932000.0,0.0,20.0,0.0,1702932000.0,0.0,Attack,Attack-TCP-Flag-ACK-PSH
24,24.0,0.0,1702932000.0,24,24.0,1.0,1702932000.0,24,65535,0.0,1702932000.0,24.0,0,0.0,1702932000.0,24.0,0.0,1.0,1702932000.0,24.0,0.0,0.0,1702932000.0,24,0.0,1702932000.0,1702932000.0,24,0,1702932000.0,1702932000.0,24,0,1702932000.0,0.0,24.0,1.0,1702932000.0,0.0,Attack,Attack-TCP-Flag-ACK-PSH
40,0.0,0.5,0.1079,20,0.0,0.0,0.1079,20,0,0.5,0.0,20.0,62592,0.0,0.0,20.0,18.53103,0.0,0.0,20.0,18.53103,0.0,0.0,0,0.0,0.1079,0.0,0,1,0.107927084,0.0,0,1,0.107927084,0.107927084,0.0,0.0,0.107927084,0.1079,Attack,Attack-TCP-Flag-ACK-PSH
20,20.0,1.0,1702932000.0,20,20.0,0.0,1702932000.0,20,0,0.0,1702932000.0,20.0,0,0.0,1702932000.0,20.0,0.0,0.0,1702932000.0,20.0,0.0,0.0,1702932000.0,20,0.0,1702932000.0,1702932000.0,20,1,1702932000.0,1702932000.0,20,0,1702932000.0,0.0,20.0,0.0,1702932000.0,0.0,Attack,Attack-TCP-Flag-ACK-PSH
40,0.0,0.5,0.1078,20,0.0,0.0,0.1078,20,0,0.5,0.0,20.0,62602,0.0,0.0,20.0,18.554968,0.0,0.0,20.0,18.554968,0.0,0.0,0,0.0,0.1078,0.0,0,1,0.10778785,0.0,0,1,0.10778785,0.10778785,0.0,0.0,0.10778785,0.1078,Attack,Attack-TCP-Flag-ACK-PSH
40,0.0,0.5,0.1107,20,0.0,0.0,0.1107,20,0,0.5,0.0,20.0,62596,0.0,0.0,20.0,18.063091,0.0,0.0,20.0,18.063091,0.0,0.0,0,0.0,0.1107,0.0,0,1,0.11072302,0.0,0,1,0.11072302,0.11072302,0.0,0.0,0.11072302,0.1107,Attack,Attack-TCP-Flag-ACK-PSH
40,0.0,0.5,0.1069,20,0.0,0.0,0.1069,20,0,0.5,0.0,20.0,62605,0.0,0.0,20.0,18.710663,0.0,0.0,20.0,18.710663,0.0,0.0,0,0.0,0.1069,0.0,0,1,0.10689092,0.0,0,1,0.10689092,0.10689092,0.0,0.0,0.10689092,0.1069,Attack,Attack-TCP-Flag-ACK-PSH
40,0.0,0.5,0.1068,20,0.0,0.0,0.1068,20,0,0.5,0.0,20.0,62608,0.0,0.0,20.0,18.72938,0.0,0.0,20.0,18.72938,0.0,0.0,0,0.0,0.1068,0.0,0,1,0.106784105,0.0,0,1,0.106784105,0.106784105,0.0,0.0,0.106784105,0.1068,Attack,Attack-TCP-Flag-ACK-PSH
40,0.0,0.5,0.1072,20,0.0,0.0,0.1072,20,0,0.5,0.0,20.0,62605,0.0,0.0,20.0,18.662294,0.0,0.0,20.0,18.662294,0.0,0.0,0,0.0,0.1072,0.0,0,1,0.10716796,0.0,0,1,0.10716796,0.10716796,0.0,0.0,0.10716796,0.1072,Attack,Attack-TCP-Flag-ACK-PSH
40,0.0,0.5,0.106,20,0.0,0.0,0.106,20,0,0.5,0.0,20.0,62590,0.0,0.0,20.0,18.859196,0.0,0.0,20.0,18.859196,0.0,0.0,0,0.0,0.106,0.0,0,1,0.10604906,0.0,0,1,0.10604906,0.10604906,0.0,0.0,0.10604906,0.106,Attack,Attack-TCP-Flag-ACK-PSH
40,0.0,0.5,0.1104,20,0.0,0.0,0.1104,20,0,0.5,0.0,20.0,62605,0.0,0.0,20.0,18.115284,0.0,0.0,20.0,18.115284,0.0,0.0,0,0.0,0.1104,0.0,0,1,0.110404015,0.0,0,1,0.110404015,0.110404015,0.0,0.0,0.110404015,0.1104,Attack,Attack-TCP-Flag-ACK-PSH
20,20.0,0.0,1702932000.0,20,20.0,1.0,1702932000.0,20,65535,0.0,1702932000.0,20.0,0,0.0,1702932000.0,20.0,0.0,1.0,1702932000.0,20.0,0.0,0.0,1702932000.0,20,0.0,1702932000.0,1702932000.0,20,0,1702932000.0,1702932000.0,20,0,1702932000.0,0.0,20.0,1.0,1702932000.0,0.0,Attack,Attack-TCP-Flag-ACK-PSH
20,20.0,1.0,1702932000.0,20,20.0,0.0,1702932000.0,20,0,0.0,1702932000.0,20.0,0,0.0,1702932000.0,20.0,0.0,0.0,1702932000.0,20.0,0.0,0.0,1702932000.0,20,0.0,1702932000.0,1702932000.0,20,1,1702932000.0,1702932000.0,20,0,1702932000.0,0.0,20.0,0.0,1702932000.0,0.0,Attack,Attack-TCP-Flag-ACK-PSH
40,0.0,0.5,0.1109,20,0.0,0.0,0.1109,20,0,0.5,0.0,20.0,62592,0.0,0.0,20.0,18.030867,0.0,0.0,20.0,18.030867,0.0,0.0,0,0.0,0.1109,0.0,0,1,0.110920906,0.0,0,1,0.110920906,0.110920906,0.0,0.0,0.110920906,0.1109,Attack,Attack-TCP-Flag-ACK-PSH
40,0.0,0.5,0.1109,20,0.0,0.0,0.1109,20,0,0.5,0.0,20.0,62594,0.0,0.0,20.0,18.03199,0.0,0.0,20.0,18.03199,0.0,0.0,0,0.0,0.1109,0.0,0,1,0.11091399,0.0,0,1,0.11091399,0.11091399,0.0,0.0,0.11091399,0.1109,Attack,Attack-TCP-Flag-ACK-PSH
40,0.0,0.5,0.1079,20,0.0,0.0,0.1079,20,0,0.5,0.0,20.0,62596,0.0,0.0,20.0,18.543934,0.0,0.0,20.0,18.543934,0.0,0.0,0,0.0,0.1079,0.0,0,1,0.10785198,0.0,0,1,0.10785198,0.10785198,0.0,0.0,0.10785198,0.1079,Attack,Attack-TCP-Flag-ACK-PSH
24,24.0,0.0,1702932000.0,24,24.0,1.0,1702932000.0,24,65535,0.0,1702932000.0,24.0,0,0.0,1702932000.0,24.0,0.0,1.0,1702932000.0,24.0,0.0,0.0,1702932000.0,24,0.0,1702932000.0,1702932000.0,24,0,1702932000.0,1702932000.0,24,0,1702932000.0,0.0,24.0,1.0,1702932000.0,0.0,Attack,Attack-TCP-Flag-ACK-PSH
40,20.0,0.5,1e-04,20,20.0,0.5,1e-04,20,14600,0.5,1702932000.0,20.0,0,0.0,1702932000.0,20.0,24385.488,1.0,1702932000.0,20.0,12192.744,0.0,1702932000.0,20,12192.744,1e-04,1702932000.0,20,1,8.201599e-05,1702932000.0,20,1,8.201599e-05,1702932000.0,20.0,0.5,8.201599e-05,1702932000.0,Attack,Attack-TCP-Flag-ACK-PSH
52,32.0,0.5,1e-04,32,32.0,0.5,1e-04,20,1024,0.5,1702932000.0,26.0,0,0.0,1702932000.0,26.0,18682.87,1.0,1702932000.0,20.0,9341.435,0.0,1702932000.0,32,9341.435,1e-04,1702932000.0,32,1,0.00010704994,1702932000.0,32,1,0.00010704994,1702932000.0,32.0,0.5,0.00010704994,1702932000.0,Attack,Attack-TCP-Flag-ACK-PSH
20,20.0,1.0,1702932000.0,20,20.0,0.0,1702932000.0,20,0,0.0,1702932000.0,20.0,0,0.0,1702932000.0,20.0,0.0,0.0,1702932000.0,20.0,0.0,0.0,1702932000.0,20,0.0,1702932000.0,1702932000.0,20,1,1702932000.0,1702932000.0,20,0,1702932000.0,0.0,20.0,0.0,1702932000.0,0.0,Attack,Attack-TCP-Flag-ACK-PSH
40,0.0,0.5,0.1086,20,0.0,0.0,0.1086,20,0,0.5,0.0,20.0,62608,0.0,0.0,20.0,18.417234,0.0,0.0,20.0,18.417234,0.0,0.0,0,0.0,0.1086,0.0,0,1,0.10859394,0.0,0,1,0.10859394,0.10859394,0.0,0.0,0.10859394,0.1086,Attack,Attack-TCP-Flag-ACK-PSH
40,20.0,0.5,1e-04,20,20.0,0.5,1e-04,20,1024,0.5,1702932400.0,20.0,0,0.0,1702932400.0,20.0,19784.453,1.0,1702932400.0,20.0,9892.227,0.0,1702932400.0,20,9892.227,1e-04,1702932400.0,20,1,0.00010108948,1702932400.0,20,1,0.00010108948,1702932400.0,20.0,0.5,0.00010108948,1702932400.0,Attack,Attack-TCP-Flag-ACK-PSH
40,20.0,0.5,1e-04,20,20.0,0.5,1e-04,20,1024,0.5,1702932400.0,20.0,0,0.0,1702932400.0,20.0,24966.096,1.0,1702932400.0,20.0,12483.048,0.0,1702932400.0,20,12483.048,1e-04,1702932400.0,20,1,8.010864e-05,1702932400.0,20,1,8.010864e-05,1702932400.0,20.0,0.5,8.010864e-05,1702932400.0,Attack,Attack-TCP-Flag-ACK-PSH
40,20.0,0.5,1e-04,20,20.0,0.5,1e-04,20,1024,0.5,1702932400.0,20.0,0,0.0,1702932400.0,20.0,18001.305,1.0,1702932400.0,20.0,9000.652,0.0,1702932400.0,20,9000.652,1e-04,1702932400.0,20,1,0.00011110306,1702932400.0,20,1,0.00011110306,1702932400.0,20.0,0.5,0.00011110306,1702932400.0,Attack,Attack-TCP-Flag-ACK-PSH
20,20.0,1.0,1702932200.0,20,20.0,0.0,1702932200.0,20,0,0.0,1702932200.0,20.0,0,0.0,1702932200.0,20.0,0.0,0.0,1702932200.0,20.0,0.0,0.0,1702932200.0,20,0.0,1702932200.0,1702932200.0,20,1,1702932200.0,1702932200.0,20,0,1702932200.0,0.0,20.0,0.0,1702932200.0,0.0,Attack,Attack-TCP-Flag-ACK-PSH
40,20.0,0.5,1e-04,20,20.0,0.5,1e-04,20,1024,0.5,1702932400.0,20.0,0,0.0,1702932400.0,20.0,16416.062,1.0,1702932400.0,20.0,8208.031,0.0,1702932400.0,20,8208.031,1e-04,1702932400.0,20,1,0.000121831894,1702932400.0,20,1,0.000121831894,1702932400.0,20.0,0.5,0.000121831894,1702932400.0,Attack,Attack-TCP-Flag-ACK-PSH
40,20.0,0.5,1e-04,20,20.0,0.5,1e-04,20,1024,0.5,1702932400.0,20.0,0,0.0,1702932400.0,20.0,13617.87,1.0,1702932400.0,20.0,6808.935,0.0,1702932400.0,20,6808.935,1e-04,1702932400.0,20,1,0.00014686584,1702932400.0,20,1,0.00014686584,1702932400.0,20.0,0.5,0.00014686584,1702932400.0,Attack,Attack-TCP-Flag-ACK-PSH
60,40.0,0.5,1e-04,40,40.0,0.5,1e-04,20,29200,0.5,1702932500.0,30.0,0,0.0,1702932500.0,30.0,19418.074,1.0,1702932500.0,20.0,9709.037,0.0,1702932500.0,40,9709.037,1e-04,1702932500.0,40,1,0.000102996826,1702932500.0,40,1,0.000102996826,1702932500.0,40.0,0.5,0.000102996826,1702932500.0,Attack,Attack-TCP-Flag-ACK-PSH
60,40.0,0.5,1e-04,40,40.0,0.5,1e-04,20,29200,0.5,1702932500.0,30.0,0,0.0,1702932500.0,30.0,18196.547,1.0,1702932500.0,20.0,9098.273,0.0,1702932500.0,40,9098.273,1e-04,1702932500.0,40,1,0.000109910965,1702932500.0,40,1,0.000109910965,1702932500.0,40.0,0.5,0.000109910965,1702932500.0,Attack,Attack-TCP-Flag-ACK-PSH
60,40.0,0.5,1e-04,40,40.0,0.5,1e-04,20,29200,0.5,1702932500.0,30.0,0,0.0,1702932500.0,30.0,16416.062,1.0,1702932500.0,20.0,8208.031,0.0,1702932500.0,40,8208.031,1e-04,1702932500.0,40,1,0.000121831894,1702932500.0,40,1,0.000121831894,1702932500.0,40.0,0.5,0.000121831894,1702932500.0,Attack,Attack-TCP-Flag-ACK-PSH
40,20.0,0.5,1e-04,20,20.0,0.5,1e-04,20,1024,0.5,1702932500.0,20.0,0,0.0,1702932500.0,20.0,16810.838,1.0,1702932500.0,20.0,8405.419,0.0,1702932500.0,20,8405.419,1e-04,1702932500.0,20,1,0.00011897087,1702932500.0,20,1,0.00011897087,1702932500.0,20.0,0.5,0.00011897087,1702932500.0,Attack,Attack-TCP-Flag-ACK-PSH
40,20.0,0.5,0.0003,20,20.0,0.5,0.0003,20,1024,0.5,1702932500.0,20.0,0,0.0,1702932500.0,20.0,6759.555,1.0,1702932500.0,20.0,3379.7776,0.0,1702932500.0,20,3379.7776,0.0003,1702932500.0,20,1,0.00029587746,1702932500.0,20,1,0.00029587746,1702932500.0,20.0,0.5,0.00029587746,1702932500.0,Attack,Attack-TCP-Flag-ACK-PSH
60,40.0,0.5,1e-04,40,40.0,0.5,1e-04,20,29040,0.5,1702932500.0,30.0,0,0.0,1702932500.0,30.0,22489.566,1.0,1702932500.0,20.0,11244.783,0.0,1702932500.0,40,11244.783,1e-04,1702932500.0,40,1,8.893013e-05,1702932500.0,40,1,8.893013e-05,1702932500.0,40.0,0.5,8.893013e-05,1702932500.0,Attack,Attack-TCP-Flag-ACK-PSH
40,20.0,0.5,1e-04,20,20.0,0.5,1e-04,20,1024,0.5,1702932500.0,20.0,0,0.0,1702932500.0,20.0,19784.453,1.0,1702932500.0,20.0,9892.227,0.0,1702932500.0,20,9892.227,1e-04,1702932500.0,20,1,0.00010108948,1702932500.0,20,1,0.00010108948,1702932500.0,20.0,0.5,0.00010108948,1702932500.0,Attack,Attack-TCP-Flag-ACK-PSH
364,20.0,0.05882353,0.0301,32,20.0,0.05882353,0.0,20,8192,0.0,0.1875,21.4118,64000,0.7,1.1253202,20.0,10.07457,0.1,0.0,20.0,4.148352,0.71428573,1.687417,212,5.926217,0.1055,0.1107,32,1,0.962641,0.0,20,0,0.0,1.5772271,21.2,0.11764706,1.687417,0.1106,Attack,Attack-TCP-Flag-ACK-PSH
60,40.0,0.5,1e-04,40,40.0,0.5,1e-04,20,64240,0.5,1702932500.0,30.0,0,0.0,1702932500.0,30.0,19784.453,1.0,1702932500.0,20.0,9892.227,0.0,1702932500.0,40,9892.227,1e-04,1702932500.0,40,1,0.00010108948,1702932500.0,40,1,0.00010108948,1702932500.0,40.0,0.5,0.00010108948,1702932500.0,Attack,Attack-TCP-Flag-ACK-PSH
60,40.0,0.5,1e-04,40,40.0,0.5,1e-04,20,64240,0.5,1702932500.0,30.0,0,0.0,1702932500.0,30.0,16008.794,1.0,1702932500.0,20.0,8004.397,0.0,1702932500.0,40,8004.397,1e-04,1702932500.0,40,1,0.00012493134,1702932500.0,40,1,0.00012493134,1702932500.0,40.0,0.5,0.00012493134,1702932500.0,Attack,Attack-TCP-Flag-ACK-PSH
60,40.0,0.5,1e-04,40,40.0,0.5,1e-04,20,64240,0.5,1702932500.0,30.0,0,0.0,1702932500.0,30.0,14716.856,1.0,1702932500.0,20.0,7358.428,0.0,1702932500.0,40,7358.428,1e-04,1702932500.0,40,1,0.00013589859,1702932500.0,40,1,0.00013589859,1702932500.0,40.0,0.5,0.00013589859,1702932500.0,Attack,Attack-TCP-Flag-ACK-PSH
40,20.0,0.5,1e-04,20,20.0,0.5,1e-04,20,1024,0.5,1702932500.0,20.0,0,0.0,1702932500.0,20.0,22489.566,1.0,1702932500.0,20.0,11244.783,0.0,1702932500.0,20,11244.783,1e-04,1702932500.0,20,1,8.893013e-05,1702932500.0,20,1,8.893013e-05,1702932500.0,20.0,0.5,8.893013e-05,1702932500.0,Attack,Attack-TCP-Flag-ACK-PSH
40,20.0,0.5,1e-04,20,20.0,0.5,1e-04,20,1024,0.5,1702932500.0,20.0,0,0.0,1702932500.0,20.0,27776.848,1.0,1702932500.0,20.0,13888.424,0.0,1702932500.0,20,13888.424,1e-04,1702932500.0,20,1,7.200241e-05,1702932500.0,20,1,7.200241e-05,1702932500.0,20.0,0.5,7.200241e-05,1702932500.0,Attack,Attack-TCP-Flag-ACK-PSH
40,20.0,0.5,1e-04,20,20.0,0.5,1e-04,20,1024,0.5,1702932500.0,20.0,0,0.0,1702932500.0,20.0,19021.787,1.0,1702932500.0,20.0,9510.894,0.0,1702932500.0,20,9510.894,1e-04,1702932500.0,20,1,0.00010514259,1702932500.0,20,1,0.00010514259,1702932500.0,20.0,0.5,0.00010514259,1702932500.0,Attack,Attack-TCP-Flag-ACK-PSH
40,20.0,0.5,1e-04,20,20.0,0.5,1e-04,20,1024,0.5,1702932500.0,20.0,0,0.0,1702932500.0,20.0,19065.018,1.0,1702932500.0,20.0,9532.509,0.0,1702932500.0,20,9532.509,1e-04,1702932500.0,20,1,0.000104904175,1702932500.0,20,1,0.000104904175,1702932500.0,20.0,0.5,0.000104904175,1702932500.0,Attack,Attack-TCP-Flag-ACK-PSH
40,20.0,0.5,1e-04,20,20.0,0.5,1e-04,20,1024,0.5,1702932500.0,20.0,0,0.0,1702932500.0,20.0,24672.377,1.0,1702932500.0,20.0,12336.188,0.0,1702932500.0,20,12336.188,1e-04,1702932500.0,20,1,8.106232e-05,1702932500.0,20,1,8.106232e-05,1702932500.0,20.0,0.5,8.106232e-05,1702932500.0,Attack,Attack-TCP-Flag-ACK-PSH
40,20.0,0.5,1e-04,20,20.0,0.5,1e-04,20,1024,0.5,1702932500.0,20.0,0,0.0,1702932500.0,20.0,25653.236,1.0,1702932500.0,20.0,12826.618,0.0,1702932500.0,20,12826.618,1e-04,1702932500.0,20,1,7.7962875e-05,1702932500.0,20,1,7.7962875e-05,1702932500.0,20.0,0.5,7.7962875e-05,1702932500.0,Attack,Attack-TCP-Flag-ACK-PSH
40,20.0,0.5,1e-04,20,20.0,0.5,1e-04,20,1024,0.5,1702932600.0,20.0,0,0.0,1702932600.0,20.0,22250.95,1.0,1702932600.0,20.0,11125.475,0.0,1702932600.0,20,11125.475,1e-04,1702932600.0,20,1,8.9883804e-05,1702932600.0,20,1,8.9883804e-05,1702932600.0,20.0,0.5,8.9883804e-05,1702932600.0,Attack,Attack-TCP-Flag-ACK-PSH
60,40.0,0.5,1e-04,40,40.0,0.5,1e-04,20,64240,0.5,1702932600.0,30.0,0,0.0,1702932600.0,30.0,21290.883,1.0,1702932600.0,20.0,10645.441,0.0,1702932600.0,40,10645.441,1e-04,1702932600.0,40,1,9.393692e-05,1702932600.0,40,1,9.393692e-05,1702932600.0,40.0,0.5,9.393692e-05,1702932600.0,Attack,Attack-TCP-Flag-ACK-PSH
40,20.0,0.5,0.0072,20,20.0,0.5,0.0072,20,1024,0.5,1702932600.0,20.0,0,0.0,1702932600.0,20.0,278.04468,1.0,1702932600.0,20.0,139.02234,0.0,1702932600.0,20,139.02234,0.0072,1702932600.0,20,1,0.0071930885,1702932600.0,20,1,0.0071930885,1702932600.0,20.0,0.5,0.0071930885,1702932600.0,Attack,Attack-TCP-Flag-ACK-PSH
40,20.0,0.5,0.0002,20,20.0,0.5,0.0002,20,1024,0.5,1702932600.0,20.0,0,0.0,1702932600.0,20.0,11169.917,1.0,1702932600.0,20.0,5584.9585,0.0,1702932600.0,20,5584.9585,0.0002,1702932600.0,20,1,0.00017905235,1702932600.0,20,1,0.00017905235,1702932600.0,20.0,0.5,0.00017905235,1702932600.0,Attack,Attack-TCP-Flag-ACK-PSH
60,40.0,0.5,1e-04,40,40.0,0.5,1e-04,20,64240,0.5,1702932600.0,30.0,0,0.0,1702932600.0,30.0,17697.484,1.0,1702932600.0,20.0,8848.742,0.0,1702932600.0,40,8848.742,1e-04,1702932600.0,40,1,0.00011301041,1702932600.0,40,1,0.00011301041,1702932600.0,40.0,0.5,0.00011301041,1702932600.0,Attack,Attack-TCP-Flag-ACK-PSH
20,20.0,1.0,1702932600.0,20,20.0,0.0,1702932600.0,20,0,0.0,1702932600.0,20.0,0,0.0,1702932600.0,20.0,0.0,0.0,1702932600.0,20.0,0.0,0.0,1702932600.0,20,0.0,1702932600.0,1702932600.0,20,1,1702932600.0,1702932600.0,20,0,1702932600.0,0.0,20.0,0.0,1702932600.0,0.0,Attack,Attack-TCP-Flag-ACK-PSH
60,40.0,0.5,0.0002,40,40.0,0.5,0.0002,20,64240,0.5,1702932600.0,30.0,0,0.0,1702932600.0,30.0,12052.598,1.0,1702932600.0,20.0,6026.299,0.0,1702932600.0,40,6026.299,0.0002,1702932600.0,40,1,0.00016593933,1702932600.0,40,1,0.00016593933,1702932600.0,40.0,0.5,0.00016593933,1702932600.0,Attack,Attack-TCP-Flag-ACK-PSH
40,20.0,0.5,1e-04,20,20.0,0.5,1e-04,20,1024,0.5,1702932600.0,20.0,0,0.0,1702932600.0,20.0,23497.502,1.0,1702932600.0,20.0,11748.751,0.0,1702932600.0,20,11748.751,1e-04,1702932600.0,20,1,8.511543e-05,1702932600.0,20,1,8.511543e-05,1702932600.0,20.0,0.5,8.511543e-05,1702932600.0,Attack,Attack-TCP-Flag-ACK-PSH
40,20.0,0.5,1e-04,20,20.0,0.5,1e-04,20,1024,0.5,1702932600.0,20.0,0,0.0,1702932600.0,20.0,20610.83,1.0,1702932600.0,20.0,10305.415,0.0,1702932600.0,20,10305.415,1e-04,1702932600.0,20,1,9.703636e-05,1702932600.0,20,1,9.703636e-05,1702932600.0,20.0,0.5,9.703636e-05,1702932600.0,Attack,Attack-TCP-Flag-ACK-PSH
60,40.0,0.5,1e-04,40,40.0,0.5,1e-04,20,64240,0.5,1702932600.0,30.0,0,0.0,1702932600.0,30.0,15505.745,1.0,1702932600.0,20.0,7752.8726,0.0,1702932600.0,40,7752.8726,1e-04,1702932600.0,40,1,0.00012898445,1702932600.0,40,1,0.00012898445,1702932600.0,40.0,0.5,0.00012898445,1702932600.0,Attack,Attack-TCP-Flag-ACK-PSH
60,40.0,0.5,1e-04,40,40.0,0.5,1e-04,20,64240,0.5,1702932600.0,30.0,0,0.0,1702932600.0,30.0,13421.772,1.0,1702932600.0,20.0,6710.886,0.0,1702932600.0,40,6710.886,1e-04,1702932600.0,40,1,0.00014901161,1702932600.0,40,1,0.00014901161,1702932600.0,40.0,0.5,0.00014901161,1702932600.0,Attack,Attack-TCP-Flag-ACK-PSH
60,40.0,0.5,1e-04,40,40.0,0.5,1e-04,20,64240,0.5,1702932600.0,30.0,0,0.0,1702932600.0,30.0,15169.273,1.0,1702932600.0,20.0,7584.6367,0.0,1702932600.0,40,7584.6367,1e-04,1702932600.0,40,1,0.00013184547,1702932600.0,40,1,0.00013184547,1702932600.0,40.0,0.5,0.00013184547,1702932600.0,Attack,Attack-TCP-Flag-ACK-PSH
364,20.0,0.05882353,0.0262,32,20.0,0.05882353,0.0,20,8192,0.0,0.1885,21.4118,64000,0.7,1.114975,20.0,10.019869,0.1,0.0,20.0,4.1258283,0.71428573,1.696629,212,5.89404,0.106,0.1117,32,1,0.9590161,0.0,20,0,0.0,1.585382,21.2,0.11764706,1.696629,0.1125,Attack,Attack-TCP-Flag-ACK-PSH
364,20.0,0.05882353,0.0292,32,20.0,0.05882353,0.0,20,8192,0.0,0.1868,21.4118,64000,0.7,1.1184831,20.0,10.113178,0.1,0.0,20.0,4.16425,0.71428573,1.680975,212,5.9489284,0.1051,0.1106,32,1,0.95787406,0.0,20,0,0.0,1.570446,21.2,0.11764706,1.680975,0.1108,Attack,Attack-TCP-Flag-ACK-PSH
60,40.0,0.5,1e-04,40,40.0,0.5,1e-04,20,29200,0.5,1702932600.0,30.0,0,0.0,1702932600.0,30.0,16677.152,1.0,1702932600.0,20.0,8338.576,0.0,1702932600.0,40,8338.576,1e-04,1702932600.0,40,1,0.000119924545,1702932600.0,40,1,0.000119924545,1702932600.0,40.0,0.5,0.000119924545,1702932600.0,Attack,Attack-TCP-Flag-ACK-PSH
40,0.0,0.5,0.1108,20,0.0,0.0,0.1108,20,0,0.5,0.0,20.0,62599,0.0,0.0,20.0,18.0432,0.0,0.0,20.0,18.0432,0.0,0.0,0,0.0,0.1108,0.0,0,1,0.11084509,0.0,0,1,0.11084509,0.11084509,0.0,0.0,0.11084509,0.1108,Attack,Attack-TCP-Flag-ACK-PSH
40,0.0,0.5,0.1079,20,0.0,0.0,0.1079,20,0,0.5,0.0,20.0,62602,0.0,0.0,20.0,18.529842,0.0,0.0,20.0,18.529842,0.0,0.0,0,0.0,0.1079,0.0,0,1,0.107934,0.0,0,1,0.107934,0.107934,0.0,0.0,0.107934,0.1079,Attack,Attack-TCP-Flag-ACK-PSH
20,20.0,0.0,1702932000.0,20,20.0,1.0,1702932000.0,20,1024,0.0,1702932000.0,20.0,0,0.0,1702932000.0,20.0,0.0,1.0,1702932000.0,20.0,0.0,0.0,1702932000.0,20,0.0,1702932000.0,1702932000.0,20,0,1702932000.0,1702932000.0,20,0,1702932000.0,0.0,20.0,1.0,1702932000.0,0.0,Attack,Attack-TCP-Flag-ACK-PSH
40,0.0,0.5,0.111,20,0.0,0.0,0.111,20,0,0.5,0.0,20.0,62599,0.0,0.0,20.0,18.015106,0.0,0.0,20.0,18.015106,0.0,0.0,0,0.0,0.111,0.0,0,1,0.11101794,0.0,0,1,0.11101794,0.11101794,0.0,0.0,0.11101794,0.111,Attack,Attack-TCP-Flag-ACK-PSH
24,24.0,0.0,1702932000.0,24,24.0,1.0,1702932000.0,24,1024,0.0,1702932000.0,24.0,0,0.0,1702932000.0,24.0,0.0,1.0,1702932000.0,24.0,0.0,0.0,1702932000.0,24,0.0,1702932000.0,1702932000.0,24,0,1702932000.0,1702932000.0,24,0,1702932000.0,0.0,24.0,1.0,1702932000.0,0.0,Attack,Attack-TCP-Flag-ACK-PSH
52,32.0,0.5,1e-04,32,32.0,0.5,1e-04,20,1024,0.5,1702932000.0,26.0,0,0.0,1702932000.0,26.0,23831.273,1.0,1702932000.0,20.0,11915.637,0.0,1702932000.0,32,11915.637,1e-04,1702932000.0,32,1,8.392334e-05,1702932000.0,32,1,8.392334e-05,1702932000.0,32.0,0.5,8.392334e-05,1702932000.0,Attack,Attack-TCP-Flag-ACK-PSH
20,20.0,1.0,1702932000.0,20,20.0,0.0,1702932000.0,20,0,0.0,1702932000.0,20.0,0,0.0,1702932000.0,20.0,0.0,0.0,1702932000.0,20.0,0.0,0.0,1702932000.0,20,0.0,1702932000.0,1702932000.0,20,1,1702932000.0,1702932000.0,20,0,1702932000.0,0.0,20.0,0.0,1702932000.0,0.0,Attack,Attack-TCP-Flag-ACK-PSH
20,20.0,1.0,1702932000.0,20,20.0,0.0,1702932000.0,20,1200,0.0,1702932000.0,20.0,0,0.0,1702932000.0,20.0,0.0,0.0,1702932000.0,20.0,0.0,0.0,1702932000.0,20,0.0,1702932000.0,1702932000.0,20,1,1702932000.0,1702932000.0,20,0,1702932000.0,0.0,20.0,0.0,1702932000.0,0.0,Attack,Attack-TCP-Flag-ACK-PSH
20,20.0,1.0,1702932000.0,20,20.0,0.0,1702932000.0,20,0,0.0,1702932000.0,20.0,0,0.0,1702932000.0,20.0,0.0,0.0,1702932000.0,20.0,0.0,0.0,1702932000.0,20,0.0,1702932000.0,1702932000.0,20,1,1702932000.0,1702932000.0,20,0,1702932000.0,0.0,20.0,0.0,1702932000.0,0.0,Attack,Attack-TCP-Flag-ACK-PSH
20,20.0,1.0,1702932000.0,20,20.0,0.0,1702932000.0,20,1200,0.0,1702932000.0,20.0,0,0.0,1702932000.0,20.0,0.0,0.0,1702932000.0,20.0,0.0,0.0,1702932000.0,20,0.0,1702932000.0,1702932000.0,20,1,1702932000.0,1702932000.0,20,0,1702932000.0,0.0,20.0,0.0,1702932000.0,0.0,Attack,Attack-TCP-Flag-ACK-PSH
40,0.0,0.5,0.1077,20,0.0,0.0,0.1077,20,0,0.5,0.0,20.0,62608,0.0,0.0,20.0,18.570454,0.0,0.0,20.0,18.570454,0.0,0.0,0,0.0,0.1077,0.0,0,1,0.10769796,0.0,0,1,0.10769796,0.10769796,0.0,0.0,0.10769796,0.1077,Attack,Attack-TCP-Flag-ACK-PSH
304,20.0,0.0,0.0445,32,20.0,0.071428575,0.0,20,8192,0.0,0.095,21.7143,64000,0.71428573,0.12367487,20.0,8.896469,0.14285715,2.2172928e-05,20.0,4.4482346,0.71428573,0.56995296,152,4.4482346,0.1211,0.1116,32,0,0.9592211,0.0,20,0,2.2172928e-05,1.5735381,21.7143,0.14285715,1.573658,0.1116,Attack,Attack-TCP-Flag-ACK-PSH
40,0.0,0.5,0.1109,20,0.0,0.0,0.1109,20,0,0.5,0.0,20.0,62605,0.0,0.0,20.0,18.039474,0.0,0.0,20.0,18.039474,0.0,0.0,0,0.0,0.1109,0.0,0,1,0.11086798,0.0,0,1,0.11086798,0.11086798,0.0,0.0,0.11086798,0.1109,Attack,Attack-TCP-Flag-ACK-PSH
52,32.0,0.5,1e-04,32,32.0,0.5,1e-04,20,1024,0.5,1702932000.0,26.0,0,0.0,1702932000.0,26.0,27060.025,1.0,1702932000.0,20.0,13530.013,0.0,1702932000.0,32,13530.013,1e-04,1702932000.0,32,1,7.390976e-05,1702932000.0,32,1,7.390976e-05,1702932000.0,32.0,0.5,7.390976e-05,1702932000.0,Attack,Attack-TCP-Flag-ACK-PSH
20,20.0,0.0,1702932000.0,20,20.0,1.0,1702932000.0,20,1024,0.0,1702932000.0,20.0,0,0.0,1702932000.0,20.0,0.0,1.0,1702932000.0,20.0,0.0,0.0,1702932000.0,20,0.0,1702932000.0,1702932000.0,20,0,1702932000.0,1702932000.0,20,0,1702932000.0,0.0,20.0,1.0,1702932000.0,0.0,Attack,Attack-TCP-Flag-ACK-PSH
20,20.0,1.0,1702932000.0,20,20.0,0.0,1702932000.0,20,0,0.0,1702932000.0,20.0,0,0.0,1702932000.0,20.0,0.0,0.0,1702932000.0,20.0,0.0,0.0,1702932000.0,20,0.0,1702932000.0,1702932000.0,20,1,1702932000.0,1702932000.0,20,0,1702932000.0,0.0,20.0,0.0,1702932000.0,0.0,Attack,Attack-TCP-Flag-ACK-PSH
20,20.0,1.0,1702932100.0,20,20.0,0.0,1702932100.0,20,0,0.0,1702932100.0,20.0,0,0.0,1702932100.0,20.0,0.0,0.0,1702932100.0,20.0,0.0,0.0,1702932100.0,20,0.0,1702932100.0,1702932100.0,20,1,1702932100.0,1702932100.0,20,0,1702932100.0,0.0,20.0,0.0,1702932100.0,0.0,Attack,Attack-TCP-Flag-ACK-PSH
40,0.0,0.5,0.1108,20,0.0,0.0,0.1108,20,0,0.5,0.0,20.0,62602,0.0,0.0,20.0,18.048906,0.0,0.0,20.0,18.048906,0.0,0.0,0,0.0,0.1108,0.0,0,1,0.11081004,0.0,0,1,0.11081004,0.11081004,0.0,0.0,0.11081004,0.1108,Attack,Attack-TCP-Flag-ACK-PSH
40,0.0,0.5,0.1109,20,0.0,0.0,0.1109,20,0,0.5,0.0,20.0,62605,0.0,0.0,20.0,18.034588,0.0,0.0,20.0,18.034588,0.0,0.0,0,0.0,0.1109,0.0,0,1,0.11089802,0.0,0,1,0.11089802,0.11089802,0.0,0.0,0.11089802,0.1109,Attack,Attack-TCP-Flag-ACK-PSH
20,20.0,1.0,1702932100.0,20,20.0,0.0,1702932100.0,20,0,0.0,1702932100.0,20.0,0,0.0,1702932100.0,20.0,0.0,0.0,1702932100.0,20.0,0.0,0.0,1702932100.0,20,0.0,1702932100.0,1702932100.0,20,1,1702932100.0,1702932100.0,20,0,1702932100.0,0.0,20.0,0.0,1702932100.0,0.0,Attack,Attack-TCP-Flag-ACK-PSH
40,0.0,0.5,0.1078,20,0.0,0.0,0.1078,20,0,0.5,0.0,20.0,62605,0.0,0.0,20.0,18.544958,0.0,0.0,20.0,18.544958,0.0,0.0,0,0.0,0.1078,0.0,0,1,0.10784602,0.0,0,1,0.10784602,0.10784602,0.0,0.0,0.10784602,0.1078,Attack,Attack-TCP-Flag-ACK-PSH
40,0.0,0.5,0.1076,20,0.0,0.0,0.1076,20,0,0.5,0.0,20.0,62596,0.0,0.0,20.0,18.583742,0.0,0.0,20.0,18.583742,0.0,0.0,0,0.0,0.1076,0.0,0,1,0.107620955,0.0,0,1,0.107620955,0.107620955,0.0,0.0,0.107620955,0.1076,Attack,Attack-TCP-Flag-ACK-PSH
40,20.0,0.5,1e-04,20,20.0,0.5,1e-04,20,1024,0.5,1702932100.0,20.0,0,0.0,1702932100.0,20.0,18355.816,1.0,1702932100.0,20.0,9177.908,0.0,1702932100.0,20,9177.908,1e-04,1702932100.0,20,1,0.00010895729,1702932100.0,20,1,0.00010895729,1702932100.0,20.0,0.5,0.00010895729,1702932100.0,Attack,Attack-TCP-Flag-ACK-PSH
20,20.0,1.0,1702932100.0,20,20.0,0.0,1702932100.0,20,0,0.0,1702932100.0,20.0,0,0.0,1702932100.0,20.0,0.0,0.0,1702932100.0,20.0,0.0,0.0,1702932100.0,20,0.0,1702932100.0,1702932100.0,20,1,1702932100.0,1702932100.0,20,0,1702932100.0,0.0,20.0,0.0,1702932100.0,0.0,Attack,Attack-TCP-Flag-ACK-PSH
20,20.0,1.0,1702932100.0,20,20.0,0.0,1702932100.0,20,0,0.0,1702932100.0,20.0,0,0.0,1702932100.0,20.0,0.0,0.0,1702932100.0,20.0,0.0,0.0,1702932100.0,20,0.0,1702932100.0,1702932100.0,20,1,1702932100.0,1702932100.0,20,0,1702932100.0,0.0,20.0,0.0,1702932100.0,0.0,Attack,Attack-TCP-Flag-ACK-PSH
40,0.0,0.5,0.1076,20,0.0,0.0,0.1076,20,0,0.5,0.0,20.0,62608,0.0,0.0,20.0,18.5858,0.0,0.0,20.0,18.5858,0.0,0.0,0,0.0,0.1076,0.0,0,1,0.10760903,0.0,0,1,0.10760903,0.10760903,0.0,0.0,0.10760903,0.1076,Attack,Attack-TCP-Flag-ACK-PSH
40,0.0,0.5,0.1099,20,0.0,0.0,0.1099,20,0,0.5,0.0,20.0,62599,0.0,0.0,20.0,18.203497,0.0,0.0,20.0,18.203497,0.0,0.0,0,0.0,0.1099,0.0,0,1,0.109869,0.0,0,1,0.109869,0.109869,0.0,0.0,0.109869,0.1099,Attack,Attack-TCP-Flag-ACK-PSH
40,0.0,0.5,0.1094,20,0.0,0.0,0.1094,20,0,0.5,0.0,20.0,62599,0.0,0.0,20.0,18.27452,0.0,0.0,20.0,18.27452,0.0,0.0,0,0.0,0.1094,0.0,0,1,0.109441996,0.0,0,1,0.109441996,0.109441996,0.0,0.0,0.109441996,0.1094,Attack,Attack-TCP-Flag-ACK-PSH
40,20.0,0.5,1e-04,20,20.0,0.5,1e-04,20,1024,0.5,1702932100.0,20.0,0,0.0,1702932100.0,20.0,36314.32,1.0,1702932100.0,20.0,18157.16,0.0,1702932100.0,20,18157.16,1e-04,1702932100.0,20,1,5.507469e-05,1702932100.0,20,1,5.507469e-05,1702932100.0,20.0,0.5,5.507469e-05,1702932100.0,Attack,Attack-TCP-Flag-ACK-PSH
40,0.0,0.5,0.111,20,0.0,0.0,0.111,20,0,0.5,0.0,20.0,62599,0.0,0.0,20.0,18.022732,0.0,0.0,20.0,18.022732,0.0,0.0,0,0.0,0.111,0.0,0,1,0.110970974,0.0,0,1,0.110970974,0.110970974,0.0,0.0,0.110970974,0.111,Attack,Attack-TCP-Flag-ACK-PSH
40,0.0,0.5,0.1059,20,0.0,0.0,0.1059,20,0,0.5,0.0,20.0,62588,0.0,0.0,20.0,18.89109,0.0,0.0,20.0,18.89109,0.0,0.0,0,0.0,0.1059,0.0,0,1,0.10587001,0.0,0,1,0.10587001,0.10587001,0.0,0.0,0.10587001,0.1059,Attack,Attack-TCP-Flag-ACK-PSH
40,20.0,0.5,1e-04,20,20.0,0.5,1e-04,20,1024,0.5,1702932100.0,20.0,0,0.0,1702932100.0,20.0,13706.876,1.0,1702932100.0,20.0,6853.438,0.0,1702932100.0,20,6853.438,1e-04,1702932100.0,20,1,0.00014591217,1702932100.0,20,1,0.00014591217,1702932100.0,20.0,0.5,0.00014591217,1702932100.0,Attack,Attack-TCP-Flag-ACK-PSH
20,20.0,0.0,1702932100.0,20,20.0,1.0,1702932100.0,20,1024,0.0,1702932100.0,20.0,0,0.0,1702932100.0,20.0,0.0,1.0,1702932100.0,20.0,0.0,0.0,1702932100.0,20,0.0,1702932100.0,1702932100.0,20,0,1702932100.0,1702932100.0,20,0,1702932100.0,0.0,20.0,1.0,1702932100.0,0.0,Attack,Attack-TCP-Flag-ACK-PSH
20,20.0,1.0,1702932100.0,20,20.0,0.0,1702932100.0,20,0,0.0,1702932100.0,20.0,0,0.0,1702932100.0,20.0,0.0,0.0,1702932100.0,20.0,0.0,0.0,1702932100.0,20,0.0,1702932100.0,1702932100.0,20,1,1702932100.0,1702932100.0,20,0,1702932100.0,0.0,20.0,0.0,1702932100.0,0.0,Attack,Attack-TCP-Flag-ACK-PSH
24,24.0,0.0,1702932100.0,24,24.0,1.0,1702932100.0,24,1025,0.0,1702932100.0,24.0,0,0.0,1702932100.0,24.0,0.0,1.0,1702932100.0,24.0,0.0,0.0,1702932100.0,24,0.0,1702932100.0,1702932100.0,24,0,1702932100.0,1702932100.0,24,0,1702932100.0,0.0,24.0,1.0,1702932100.0,0.0,Attack,Attack-TCP-Flag-ACK-PSH
40,0.0,0.5,0.1101,20,0.0,0.0,0.1101,20,0,0.5,0.0,20.0,62596,0.0,0.0,20.0,18.169588,0.0,0.0,20.0,18.169588,0.0,0.0,0,0.0,0.1101,0.0,0,1,0.11007404,0.0,0,1,0.11007404,0.11007404,0.0,0.0,0.11007404,0.1101,Attack,Attack-TCP-Flag-ACK-PSH
40,0.0,0.5,0.1102,20,0.0,0.0,0.1102,20,0,0.5,0.0,20.0,62602,0.0,0.0,20.0,18.150953,0.0,0.0,20.0,18.150953,0.0,0.0,0,0.0,0.1102,0.0,0,1,0.11018705,0.0,0,1,0.11018705,0.11018705,0.0,0.0,0.11018705,0.1102,Attack,Attack-TCP-Flag-ACK-PSH
40,0.0,0.5,0.1112,20,0.0,0.0,0.1112,20,0,0.5,0.0,20.0,62596,0.0,0.0,20.0,17.985943,0.0,0.0,20.0,17.985943,0.0,0.0,0,0.0,0.1112,0.0,0,1,0.11119795,0.0,0,1,0.11119795,0.11119795,0.0,0.0,0.11119795,0.1112,Attack,Attack-TCP-Flag-ACK-PSH
24,24.0,0.0,1702932100.0,24,24.0,1.0,1702932100.0,24,65535,0.0,1702932100.0,24.0,0,0.0,1702932100.0,24.0,0.0,1.0,1702932100.0,24.0,0.0,0.0,1702932100.0,24,0.0,1702932100.0,1702932100.0,24,0,1702932100.0,1702932100.0,24,0,1702932100.0,0.0,24.0,1.0,1702932100.0,0.0,Attack,Attack-TCP-Flag-ACK-PSH
20,20.0,1.0,1702932100.0,20,20.0,0.0,1702932100.0,20,0,0.0,1702932100.0,20.0,0,0.0,1702932100.0,20.0,0.0,0.0,1702932100.0,20.0,0.0,0.0,1702932100.0,20,0.0,1702932100.0,1702932100.0,20,1,1702932100.0,1702932100.0,20,0,1702932100.0,0.0,20.0,0.0,1702932100.0,0.0,Attack,Attack-TCP-Flag-ACK-PSH
20,20.0,0.0,1702932100.0,20,20.0,1.0,1702932100.0,20,1024,0.0,1702932100.0,20.0,0,0.0,1702932100.0,20.0,0.0,1.0,1702932100.0,20.0,0.0,0.0,1702932100.0,20,0.0,1702932100.0,1702932100.0,20,0,1702932100.0,1702932100.0,20,0,1702932100.0,0.0,20.0,1.0,1702932100.0,0.0,Attack,Attack-TCP-Flag-ACK-PSH
40,0.0,0.5,0.1109,20,0.0,0.0,0.1109,20,0,0.5,0.0,20.0,62602,0.0,0.0,20.0,18.033424,0.0,0.0,20.0,18.033424,0.0,0.0,0,0.0,0.1109,0.0,0,1,0.11090517,0.0,0,1,0.11090517,0.11090517,0.0,0.0,0.11090517,0.1109,Attack,Attack-TCP-Flag-ACK-PSH
20,20.0,1.0,1702932100.0,20,20.0,0.0,1702932100.0,20,1200,0.0,1702932100.0,20.0,0,0.0,1702932100.0,20.0,0.0,0.0,1702932100.0,20.0,0.0,0.0,1702932100.0,20,0.0,1702932100.0,1702932100.0,20,1,1702932100.0,1702932100.0,20,0,1702932100.0,0.0,20.0,0.0,1702932100.0,0.0,Attack,Attack-TCP-Flag-ACK-PSH
20,20.0,0.0,1702932100.0,20,20.0,1.0,1702932100.0,20,1024,0.0,1702932100.0,20.0,0,0.0,1702932100.0,20.0,0.0,1.0,1702932100.0,20.0,0.0,0.0,1702932100.0,20,0.0,1702932100.0,1702932100.0,20,0,1702932100.0,1702932100.0,20,0,1702932100.0,0.0,20.0,1.0,1702932100.0,0.0,Attack,Attack-TCP-Flag-ACK-PSH
40,0.0,0.5,0.1121,20,0.0,0.0,0.1121,20,0,0.5,0.0,20.0,62596,0.0,0.0,20.0,17.848671,0.0,0.0,20.0,17.848671,0.0,0.0,0,0.0,0.1121,0.0,0,1,0.112053156,0.0,0,1,0.112053156,0.112053156,0.0,0.0,0.112053156,0.1121,Attack,Attack-TCP-Flag-ACK-PSH
40,0.0,0.5,0.1109,20,0.0,0.0,0.1109,20,0,0.5,0.0,20.0,62588,0.0,0.0,20.0,18.031332,0.0,0.0,20.0,18.031332,0.0,0.0,0,0.0,0.1109,0.0,0,1,0.110918045,0.0,0,1,0.110918045,0.110918045,0.0,0.0,0.110918045,0.1109,Attack,Attack-TCP-Flag-ACK-PSH
20,20.0,1.0,1702932100.0,20,20.0,0.0,1702932100.0,20,0,0.0,1702932100.0,20.0,0,0.0,1702932100.0,20.0,0.0,0.0,1702932100.0,20.0,0.0,0.0,1702932100.0,20,0.0,1702932100.0,1702932100.0,20,1,1702932100.0,1702932100.0,20,0,1702932100.0,0.0,20.0,0.0,1702932100.0,0.0,Attack,Attack-TCP-Flag-ACK-PSH
24,24.0,0.0,1702932100.0,24,24.0,1.0,1702932100.0,24,1025,0.0,1702932100.0,24.0,0,0.0,1702932100.0,24.0,0.0,1.0,1702932100.0,24.0,0.0,0.0,1702932100.0,24,0.0,1702932100.0,1702932100.0,24,0,1702932100.0,1702932100.0,24,0,1702932100.0,0.0,24.0,1.0,1702932100.0,0.0,Attack,Attack-TCP-Flag-ACK-PSH
20,20.0,1.0,1702932100.0,20,20.0,0.0,1702932100.0,20,0,0.0,1702932100.0,20.0,0,0.0,1702932100.0,20.0,0.0,0.0,1702932100.0,20.0,0.0,0.0,1702932100.0,20,0.0,1702932100.0,1702932100.0,20,1,1702932100.0,1702932100.0,20,0,1702932100.0,0.0,20.0,0.0,1702932100.0,0.0,Attack,Attack-TCP-Flag-ACK-PSH
20,20.0,1.0,1702932100.0,20,20.0,0.0,1702932100.0,20,0,0.0,1702932100.0,20.0,0,0.0,1702932100.0,20.0,0.0,0.0,1702932100.0,20.0,0.0,0.0,1702932100.0,20,0.0,1702932100.0,1702932100.0,20,1,1702932100.0,1702932100.0,20,0,1702932100.0,0.0,20.0,0.0,1702932100.0,0.0,Attack,Attack-TCP-Flag-ACK-PSH
20,20.0,1.0,1702932100.0,20,20.0,0.0,1702932100.0,20,0,0.0,1702932100.0,20.0,0,0.0,1702932100.0,20.0,0.0,0.0,1702932100.0,20.0,0.0,0.0,1702932100.0,20,0.0,1702932100.0,1702932100.0,20,1,1702932100.0,1702932100.0,20,0,1702932100.0,0.0,20.0,0.0,1702932100.0,0.0,Attack,Attack-TCP-Flag-ACK-PSH
40,0.0,0.5,0.1114,20,0.0,0.0,0.1114,20,0,0.5,0.0,20.0,62605,0.0,0.0,20.0,17.957836,0.0,0.0,20.0,17.957836,0.0,0.0,0,0.0,0.1114,0.0,0,1,0.111371994,0.0,0,1,0.111371994,0.111371994,0.0,0.0,0.111371994,0.1114,Attack,Attack-TCP-Flag-ACK-PSH
40,0.0,0.5,0.1078,20,0.0,0.0,0.1078,20,0,0.5,0.0,20.0,62608,0.0,0.0,20.0,18.544958,0.0,0.0,20.0,18.544958,0.0,0.0,0,0.0,0.1078,0.0,0,1,0.10784602,0.0,0,1,0.10784602,0.10784602,0.0,0.0,0.10784602,0.1078,Attack,Attack-TCP-Flag-ACK-PSH
20,20.0,1.0,1702932100.0,20,20.0,0.0,1702932100.0,20,0,0.0,1702932100.0,20.0,0,0.0,1702932100.0,20.0,0.0,0.0,1702932100.0,20.0,0.0,0.0,1702932100.0,20,0.0,1702932100.0,1702932100.0,20,1,1702932100.0,1702932100.0,20,0,1702932100.0,0.0,20.0,0.0,1702932100.0,0.0,Attack,Attack-TCP-Flag-ACK-PSH
40,0.0,0.5,0.1112,20,0.0,0.0,0.1112,20,0,0.5,0.0,20.0,62605,0.0,0.0,20.0,17.991266,0.0,0.0,20.0,17.991266,0.0,0.0,0,0.0,0.1112,0.0,0,1,0.11116505,0.0,0,1,0.11116505,0.11116505,0.0,0.0,0.11116505,0.1112,Attack,Attack-TCP-Flag-ACK-PSH
24,24.0,0.0,1702932100.0,24,24.0,1.0,1702932100.0,24,65535,0.0,1702932100.0,24.0,0,0.0,1702932100.0,24.0,0.0,1.0,1702932100.0,24.0,0.0,0.0,1702932100.0,24,0.0,1702932100.0,1702932100.0,24,0,1702932100.0,1702932100.0,24,0,1702932100.0,0.0,24.0,1.0,1702932100.0,0.0,Attack,Attack-TCP-Flag-ACK-PSH
20,20.0,1.0,1702932100.0,20,20.0,0.0,1702932100.0,20,0,0.0,1702932100.0,20.0,0,0.0,1702932100.0,20.0,0.0,0.0,1702932100.0,20.0,0.0,0.0,1702932100.0,20,0.0,1702932100.0,1702932100.0,20,1,1702932100.0,1702932100.0,20,0,1702932100.0,0.0,20.0,0.0,1702932100.0,0.0,Attack,Attack-TCP-Flag-ACK-PSH
24,24.0,0.0,1702932100.0,24,24.0,1.0,1702932100.0,24,65535,0.0,1702932100.0,24.0,0,0.0,1702932100.0,24.0,0.0,1.0,1702932100.0,24.0,0.0,0.0,1702932100.0,24,0.0,1702932100.0,1702932100.0,24,0,1702932100.0,1702932100.0,24,0,1702932100.0,0.0,24.0,1.0,1702932100.0,0.0,Attack,Attack-TCP-Flag-ACK-PSH
24,24.0,0.0,1702932100.0,24,24.0,1.0,1702932100.0,24,65535,0.0,1702932100.0,24.0,0,0.0,1702932100.0,24.0,0.0,1.0,1702932100.0,24.0,0.0,0.0,1702932100.0,24,0.0,1702932100.0,1702932100.0,24,0,1702932100.0,1702932100.0,24,0,1702932100.0,0.0,24.0,1.0,1702932100.0,0.0,Attack,Attack-TCP-Flag-ACK-PSH
20,20.0,1.0,1702932100.0,20,20.0,0.0,1702932100.0,20,0,0.0,1702932100.0,20.0,0,0.0,1702932100.0,20.0,0.0,0.0,1702932100.0,20.0,0.0,0.0,1702932100.0,20,0.0,1702932100.0,1702932100.0,20,1,1702932100.0,1702932100.0,20,0,1702932100.0,0.0,20.0,0.0,1702932100.0,0.0,Attack,Attack-TCP-Flag-ACK-PSH
40,0.0,0.5,0.1072,20,0.0,0.0,0.1072,20,0,0.5,0.0,20.0,62605,0.0,0.0,20.0,18.66246,0.0,0.0,20.0,18.66246,0.0,0.0,0,0.0,0.1072,0.0,0,1,0.107167006,0.0,0,1,0.107167006,0.107167006,0.0,0.0,0.107167006,0.1072,Attack,Attack-TCP-Flag-ACK-PSH
44,24.0,0.5,1e-04,24,24.0,0.5,1e-04,20,65535,0.5,1702932100.0,22.0,0,0.0,1702932100.0,22.0,19972.877,1.0,1702932100.0,20.0,9986.438,0.0,1702932100.0,24,9986.438,1e-04,1702932100.0,24,1,0.0001001358,1702932100.0,24,1,0.0001001358,1702932100.0,24.0,0.5,0.0001001358,1702932100.0,Attack,Attack-TCP-Flag-ACK-PSH
40,0.0,0.5,0.1079,20,0.0,0.0,0.1079,20,0,0.5,0.0,20.0,62592,0.0,0.0,20.0,18.541515,0.0,0.0,20.0,18.541515,0.0,0.0,0,0.0,0.1079,0.0,0,1,0.10786605,0.0,0,1,0.10786605,0.10786605,0.0,0.0,0.10786605,0.1079,Attack,Attack-TCP-Flag-ACK-PSH
60,20.0,0.0,0.1093,20,20.0,0.0,1e-04,20,295,0.0,1702932100.0,20.0,295,0.0,1702932100.0,20.0,13.722811,0.0,1702932100.0,20.0,9.1485405,0.0,1702932100.0,20,4.5742702,0.1093,1702932100.0,20,0,0.218503,1702932100.0,20,0,0.00011110306,0.2186141,20.0,0.0,0.2186141,0.2186,Attack,Attack-TCP-Flag-ACK-PSH
40,0.0,0.5,0.111,20,0.0,0.0,0.111,20,0,0.5,0.0,20.0,62605,0.0,0.0,20.0,18.01058,0.0,0.0,20.0,18.01058,0.0,0.0,0,0.0,0.111,0.0,0,1,0.11104584,0.0,0,1,0.11104584,0.11104584,0.0,0.0,0.11104584,0.111,Attack,Attack-TCP-Flag-ACK-PSH
20,20.0,1.0,1702932100.0,20,20.0,0.0,1702932100.0,20,0,0.0,1702932100.0,20.0,0,0.0,1702932100.0,20.0,0.0,0.0,1702932100.0,20.0,0.0,0.0,1702932100.0,20,0.0,1702932100.0,1702932100.0,20,1,1702932100.0,1702932100.0,20,0,1702932100.0,0.0,20.0,0.0,1702932100.0,0.0,Attack,Attack-TCP-Flag-ACK-PSH
40,0.0,0.5,0.1111,20,0.0,0.0,0.1111,20,0,0.5,0.0,20.0,62605,0.0,0.0,20.0,18.003738,0.0,0.0,20.0,18.003738,0.0,0.0,0,0.0,0.1111,0.0,0,1,0.11108804,0.0,0,1,0.11108804,0.11108804,0.0,0.0,0.11108804,0.1111,Attack,Attack-TCP-Flag-ACK-PSH
20,20.0,1.0,1702932100.0,20,20.0,0.0,1702932100.0,20,1200,0.0,1702932100.0,20.0,0,0.0,1702932100.0,20.0,0.0,0.0,1702932100.0,20.0,0.0,0.0,1702932100.0,20,0.0,1702932100.0,1702932100.0,20,1,1702932100.0,1702932100.0,20,0,1702932100.0,0.0,20.0,0.0,1702932100.0,0.0,Attack,Attack-TCP-Flag-ACK-PSH
40,0.0,0.5,0.1098,20,0.0,0.0,0.1098,20,0,0.5,0.0,20.0,62596,0.0,0.0,20.0,18.209305,0.0,0.0,20.0,18.209305,0.0,0.0,0,0.0,0.1098,0.0,0,1,0.109833956,0.0,0,1,0.109833956,0.109833956,0.0,0.0,0.109833956,0.1098,Attack,Attack-TCP-Flag-ACK-PSH
40,0.0,0.5,0.1109,20,0.0,0.0,0.1109,20,0,0.5,0.0,20.0,62599,0.0,0.0,20.0,18.041918,0.0,0.0,20.0,18.041918,0.0,0.0,0,0.0,0.1109,0.0,0,1,0.11085296,0.0,0,1,0.11085296,0.11085296,0.0,0.0,0.11085296,0.1109,Attack,Attack-TCP-Flag-ACK-PSH
20,20.0,1.0,1702932100.0,20,20.0,0.0,1702932100.0,20,0,0.0,1702932100.0,20.0,0,0.0,1702932100.0,20.0,0.0,0.0,1702932100.0,20.0,0.0,0.0,1702932100.0,20,0.0,1702932100.0,1702932100.0,20,1,1702932100.0,1702932100.0,20,0,1702932100.0,0.0,20.0,0.0,1702932100.0,0.0,Attack,Attack-TCP-Flag-ACK-PSH
40,0.0,0.5,0.1111,20,0.0,0.0,0.1111,20,0,0.5,0.0,20.0,62599,0.0,0.0,20.0,18.00942,0.0,0.0,20.0,18.00942,0.0,0.0,0,0.0,0.1111,0.0,0,1,0.11105299,0.0,0,1,0.11105299,0.11105299,0.0,0.0,0.11105299,0.1111,Attack,Attack-TCP-Flag-ACK-PSH
40,40.0,0.0,1702932100.0,40,40.0,0.0,1702932100.0,40,0,0.0,1702932100.0,40.0,0,0.0,1702932100.0,40.0,0.0,0.0,1702932100.0,40.0,0.0,0.0,1702932100.0,40,0.0,1702932100.0,1702932100.0,40,0,1702932100.0,1702932100.0,40,0,1702932100.0,0.0,40.0,0.0,1702932100.0,0.0,Attack,Attack-TCP-Flag-ACK-PSH
40,0.0,0.5,0.1109,20,0.0,0.0,0.1109,20,0,0.5,0.0,20.0,62605,0.0,0.0,20.0,18.031487,0.0,0.0,20.0,18.031487,0.0,0.0,0,0.0,0.1109,0.0,0,1,0.11091709,0.0,0,1,0.11091709,0.11091709,0.0,0.0,0.11091709,0.1109,Attack,Attack-TCP-Flag-ACK-PSH
40,0.0,0.5,0.1081,20,0.0,0.0,0.1081,20,0,0.5,0.0,20.0,62608,0.0,0.0,20.0,18.509604,0.0,0.0,20.0,18.509604,0.0,0.0,0,0.0,0.1081,0.0,0,1,0.108052015,0.0,0,1,0.108052015,0.108052015,0.0,0.0,0.108052015,0.1081,Attack,Attack-TCP-Flag-ACK-PSH
40,0.0,0.5,0.1077,20,0.0,0.0,0.1077,20,0,0.5,0.0,20.0,62599,0.0,0.0,20.0,18.563549,0.0,0.0,20.0,18.563549,0.0,0.0,0,0.0,0.1077,0.0,0,1,0.10773802,0.0,0,1,0.10773802,0.10773802,0.0,0.0,0.10773802,0.1077,Attack,Attack-TCP-Flag-ACK-PSH
20,20.0,1.0,1702932100.0,20,20.0,0.0,1702932100.0,20,0,0.0,1702932100.0,20.0,0,0.0,1702932100.0,20.0,0.0,0.0,1702932100.0,20.0,0.0,0.0,1702932100.0,20,0.0,1702932100.0,1702932100.0,20,1,1702932100.0,1702932100.0,20,0,1702932100.0,0.0,20.0,0.0,1702932100.0,0.0,Attack,Attack-TCP-Flag-ACK-PSH
40,0.0,0.5,0.11,20,0.0,0.0,0.11,20,0,0.5,0.0,20.0,62592,0.0,0.0,20.0,18.18495,0.0,0.0,20.0,18.18495,0.0,0.0,0,0.0,0.11,0.0,0,1,0.10998106,0.0,0,1,0.10998106,0.10998106,0.0,0.0,0.10998106,0.11,Attack,Attack-TCP-Flag-ACK-PSH
40,0.0,0.5,0.1077,20,0.0,0.0,0.1077,20,0,0.5,0.0,20.0,62590,0.0,0.0,20.0,18.563877,0.0,0.0,20.0,18.563877,0.0,0.0,0,0.0,0.1077,0.0,0,1,0.10773611,0.0,0,1,0.10773611,0.10773611,0.0,0.0,0.10773611,0.1077,Attack,Attack-TCP-Flag-ACK-PSH
20,20.0,1.0,1702932100.0,20,20.0,0.0,1702932100.0,20,0,0.0,1702932100.0,20.0,0,0.0,1702932100.0,20.0,0.0,0.0,1702932100.0,20.0,0.0,0.0,1702932100.0,20,0.0,1702932100.0,1702932100.0,20,1,1702932100.0,1702932100.0,20,0,1702932100.0,0.0,20.0,0.0,1702932100.0,0.0,Attack,Attack-TCP-Flag-ACK-PSH
20,20.0,1.0,1702932100.0,20,20.0,0.0,1702932100.0,20,0,0.0,1702932100.0,20.0,0,0.0,1702932100.0,20.0,0.0,0.0,1702932100.0,20.0,0.0,0.0,1702932100.0,20,0.0,1702932100.0,1702932100.0,20,1,1702932100.0,1702932100.0,20,0,1702932100.0,0.0,20.0,0.0,1702932100.0,0.0,Attack,Attack-TCP-Flag-ACK-PSH
20,20.0,1.0,1702932100.0,20,20.0,0.0,1702932100.0,20,0,0.0,1702932100.0,20.0,0,0.0,1702932100.0,20.0,0.0,0.0,1702932100.0,20.0,0.0,0.0,1702932100.0,20,0.0,1702932100.0,1702932100.0,20,1,1702932100.0,1702932100.0,20,0,1702932100.0,0.0,20.0,0.0,1702932100.0,0.0,Attack,Attack-TCP-Flag-ACK-PSH
40,0.0,0.5,0.108,20,0.0,0.0,0.108,20,0,0.5,0.0,20.0,62594,0.0,0.0,20.0,18.524197,0.0,0.0,20.0,18.524197,0.0,0.0,0,0.0,0.108,0.0,0,1,0.1079669,0.0,0,1,0.1079669,0.1079669,0.0,0.0,0.1079669,0.108,Attack,Attack-TCP-Flag-ACK-PSH
40,20.0,0.5,0.0052,20,20.0,0.5,0.0052,20,65535,0.5,1702932100.0,20.0,0,0.0,1702932100.0,20.0,382.1167,1.0,1702932100.0,20.0,191.05835,0.0,1702932100.0,20,191.05835,0.0052,1702932100.0,20,1,0.005234003,1702932100.0,20,1,0.005234003,1702932100.0,20.0,0.5,0.005234003,1702932100.0,Attack,Attack-TCP-Flag-ACK-PSH
40,0.0,0.5,0.111,20,0.0,0.0,0.111,20,0,0.5,0.0,20.0,62608,0.0,0.0,20.0,18.02486,0.0,0.0,20.0,18.02486,0.0,0.0,0,0.0,0.111,0.0,0,1,0.11095786,0.0,0,1,0.11095786,0.11095786,0.0,0.0,0.11095786,0.111,Attack,Attack-TCP-Flag-ACK-PSH
20,20.0,1.0,1702932100.0,20,20.0,0.0,1702932100.0,20,0,0.0,1702932100.0,20.0,0,0.0,1702932100.0,20.0,0.0,0.0,1702932100.0,20.0,0.0,0.0,1702932100.0,20,0.0,1702932100.0,1702932100.0,20,1,1702932100.0,1702932100.0,20,0,1702932100.0,0.0,20.0,0.0,1702932100.0,0.0,Attack,Attack-TCP-Flag-ACK-PSH
40,0.0,0.5,0.1108,20,0.0,0.0,0.1108,20,0,0.5,0.0,20.0,62605,0.0,0.0,20.0,18.04452,0.0,0.0,20.0,18.04452,0.0,0.0,0,0.0,0.1108,0.0,0,1,0.11083698,0.0,0,1,0.11083698,0.11083698,0.0,0.0,0.11083698,0.1108,Attack,Attack-TCP-Flag-ACK-PSH
40,0.0,0.5,0.1104,20,0.0,0.0,0.1104,20,0,0.5,0.0,20.0,62599,0.0,0.0,20.0,18.123346,0.0,0.0,20.0,18.123346,0.0,0.0,0,0.0,0.1104,0.0,0,1,0.1103549,0.0,0,1,0.1103549,0.1103549,0.0,0.0,0.1103549,0.1104,Attack,Attack-TCP-Flag-ACK-PSH
40,0.0,0.5,0.1079,20,0.0,0.0,0.1079,20,0,0.5,0.0,20.0,62602,0.0,0.0,20.0,18.535166,0.0,0.0,20.0,18.535166,0.0,0.0,0,0.0,0.1079,0.0,0,1,0.107903,0.0,0,1,0.107903,0.107903,0.0,0.0,0.107903,0.1079,Attack,Attack-TCP-Flag-ACK-PSH
40,0.0,0.5,0.1069,20,0.0,0.0,0.1069,20,0,0.5,0.0,20.0,62596,0.0,0.0,20.0,18.712542,0.0,0.0,20.0,18.712542,0.0,0.0,0,0.0,0.1069,0.0,0,1,0.10688019,0.0,0,1,0.10688019,0.10688019,0.0,0.0,0.10688019,0.1069,Attack,Attack-TCP-Flag-ACK-PSH
40,0.0,0.5,0.1116,20,0.0,0.0,0.1116,20,0,0.5,0.0,20.0,62599,0.0,0.0,20.0,17.921963,0.0,0.0,20.0,17.921963,0.0,0.0,0,0.0,0.1116,0.0,0,1,0.111594915,0.0,0,1,0.111594915,0.111594915,0.0,0.0,0.111594915,0.1116,Attack,Attack-TCP-Flag-ACK-PSH
20,20.0,1.0,1702932100.0,20,20.0,0.0,1702932100.0,20,0,0.0,1702932100.0,20.0,0,0.0,1702932100.0,20.0,0.0,0.0,1702932100.0,20.0,0.0,0.0,1702932100.0,20,0.0,1702932100.0,1702932100.0,20,1,1702932100.0,1702932100.0,20,0,1702932100.0,0.0,20.0,0.0,1702932100.0,0.0,Attack,Attack-TCP-Flag-ACK-PSH
40,0.0,0.5,0.1112,20,0.0,0.0,0.1112,20,0,0.5,0.0,20.0,62599,0.0,0.0,20.0,17.989029,0.0,0.0,20.0,17.989029,0.0,0.0,0,0.0,0.1112,0.0,0,1,0.111178875,0.0,0,1,0.111178875,0.111178875,0.0,0.0,0.111178875,0.1112,Attack,Attack-TCP-Flag-ACK-PSH
40,0.0,0.5,0.1112,20,0.0,0.0,0.1112,20,0,0.5,0.0,20.0,62594,0.0,0.0,20.0,17.983976,0.0,0.0,20.0,17.983976,0.0,0.0,0,0.0,0.1112,0.0,0,1,0.11121011,0.0,0,1,0.11121011,0.11121011,0.0,0.0,0.11121011,0.1112,Attack,Attack-TCP-Flag-ACK-PSH
20,20.0,1.0,1702932100.0,20,20.0,0.0,1702932100.0,20,0,0.0,1702932100.0,20.0,0,0.0,1702932100.0,20.0,0.0,0.0,1702932100.0,20.0,0.0,0.0,1702932100.0,20,0.0,1702932100.0,1702932100.0,20,1,1702932100.0,1702932100.0,20,0,1702932100.0,0.0,20.0,0.0,1702932100.0,0.0,Attack,Attack-TCP-Flag-ACK-PSH
40,0.0,0.5,0.1067,20,0.0,0.0,0.1067,20,0,0.5,0.0,20.0,62602,0.0,0.0,20.0,18.743063,0.0,0.0,20.0,18.743063,0.0,0.0,0,0.0,0.1067,0.0,0,1,0.10670614,0.0,0,1,0.10670614,0.10670614,0.0,0.0,0.10670614,0.1067,Attack,Attack-TCP-Flag-ACK-PSH
20,20.0,1.0,1702932100.0,20,20.0,0.0,1702932100.0,20,0,0.0,1702932100.0,20.0,0,0.0,1702932100.0,20.0,0.0,0.0,1702932100.0,20.0,0.0,0.0,1702932100.0,20,0.0,1702932100.0,1702932100.0,20,1,1702932100.0,1702932100.0,20,0,1702932100.0,0.0,20.0,0.0,1702932100.0,0.0,Attack,Attack-TCP-Flag-ACK-PSH
20,20.0,1.0,1702932100.0,20,20.0,0.0,1702932100.0,20,1200,0.0,1702932100.0,20.0,0,0.0,1702932100.0,20.0,0.0,0.0,1702932100.0,20.0,0.0,0.0,1702932100.0,20,0.0,1702932100.0,1702932100.0,20,1,1702932100.0,1702932100.0,20,0,1702932100.0,0.0,20.0,0.0,1702932100.0,0.0,Attack,Attack-TCP-Flag-ACK-PSH
40,0.0,0.5,0.1109,20,0.0,0.0,0.1109,20,0,0.5,0.0,20.0,62602,0.0,0.0,20.0,18.040289,0.0,0.0,20.0,18.040289,0.0,0.0,0,0.0,0.1109,0.0,0,1,0.11086297,0.0,0,1,0.11086297,0.11086297,0.0,0.0,0.11086297,0.1109,Attack,Attack-TCP-Flag-ACK-PSH
44,24.0,0.5,1e-04,24,24.0,0.5,1e-04,20,50454,0.5,1702932100.0,22.0,0,0.0,1702932100.0,22.0,22982.488,1.0,1702932100.0,20.0,11491.244,0.0,1702932100.0,24,11491.244,1e-04,1702932100.0,24,1,8.702278e-05,1702932100.0,24,1,8.702278e-05,1702932100.0,24.0,0.5,8.702278e-05,1702932100.0,Attack,Attack-TCP-Flag-ACK-PSH
40,0.0,0.5,0.1108,20,0.0,0.0,0.1108,20,0,0.5,0.0,20.0,62605,0.0,0.0,20.0,18.053644,0.0,0.0,20.0,18.053644,0.0,0.0,0,0.0,0.1108,0.0,0,1,0.110780954,0.0,0,1,0.110780954,0.110780954,0.0,0.0,0.110780954,0.1108,Attack,Attack-TCP-Flag-ACK-PSH
20,20.0,1.0,1702932100.0,20,20.0,0.0,1702932100.0,20,0,0.0,1702932100.0,20.0,0,0.0,1702932100.0,20.0,0.0,0.0,1702932100.0,20.0,0.0,0.0,1702932100.0,20,0.0,1702932100.0,1702932100.0,20,1,1702932100.0,1702932100.0,20,0,1702932100.0,0.0,20.0,0.0,1702932100.0,0.0,Attack,Attack-TCP-Flag-ACK-PSH
20,20.0,1.0,1702932100.0,20,20.0,0.0,1702932100.0,20,0,0.0,1702932100.0,20.0,0,0.0,1702932100.0,20.0,0.0,0.0,1702932100.0,20.0,0.0,0.0,1702932100.0,20,0.0,1702932100.0,1702932100.0,20,1,1702932100.0,1702932100.0,20,0,1702932100.0,0.0,20.0,0.0,1702932100.0,0.0,Attack,Attack-TCP-Flag-ACK-PSH
24,24.0,0.0,1702932100.0,24,24.0,1.0,1702932100.0,24,65535,0.0,1702932100.0,24.0,0,0.0,1702932100.0,24.0,0.0,1.0,1702932100.0,24.0,0.0,0.0,1702932100.0,24,0.0,1702932100.0,1702932100.0,24,0,1702932100.0,1702932100.0,24,0,1702932100.0,0.0,24.0,1.0,1702932100.0,0.0,Attack,Attack-TCP-Flag-ACK-PSH
40,0.0,0.5,0.1107,20,0.0,0.0,0.1107,20,0,0.5,0.0,20.0,62602,0.0,0.0,20.0,18.066204,0.0,0.0,20.0,18.066204,0.0,0.0,0,0.0,0.1107,0.0,0,1,0.110703945,0.0,0,1,0.110703945,0.110703945,0.0,0.0,0.110703945,0.1107,Attack,Attack-TCP-Flag-ACK-PSH
40,0.0,0.5,0.1092,20,0.0,0.0,0.1092,20,0,0.5,0.0,20.0,62594,0.0,0.0,20.0,18.3147,0.0,0.0,20.0,18.3147,0.0,0.0,0,0.0,0.1092,0.0,0,1,0.10920191,0.0,0,1,0.10920191,0.10920191,0.0,0.0,0.10920191,0.1092,Attack,Attack-TCP-Flag-ACK-PSH
20,20.0,1.0,1702932100.0,20,20.0,0.0,1702932100.0,20,0,0.0,1702932100.0,20.0,0,0.0,1702932100.0,20.0,0.0,0.0,1702932100.0,20.0,0.0,0.0,1702932100.0,20,0.0,1702932100.0,1702932100.0,20,1,1702932100.0,1702932100.0,20,0,1702932100.0,0.0,20.0,0.0,1702932100.0,0.0,Attack,Attack-TCP-Flag-ACK-PSH
40,0.0,0.5,0.11,20,0.0,0.0,0.11,20,0,0.5,0.0,20.0,62599,0.0,0.0,20.0,18.178368,0.0,0.0,20.0,18.178368,0.0,0.0,0,0.0,0.11,0.0,0,1,0.110020876,0.0,0,1,0.110020876,0.110020876,0.0,0.0,0.110020876,0.11,Attack,Attack-TCP-Flag-ACK-PSH
40,0.0,0.5,0.1109,20,0.0,0.0,0.1109,20,0,0.5,0.0,20.0,62592,0.0,0.0,20.0,18.026758,0.0,0.0,20.0,18.026758,0.0,0.0,0,0.0,0.1109,0.0,0,1,0.11094618,0.0,0,1,0.11094618,0.11094618,0.0,0.0,0.11094618,0.1109,Attack,Attack-TCP-Flag-ACK-PSH
40,0.0,0.5,0.1092,20,0.0,0.0,0.1092,20,0,0.5,0.0,20.0,62605,0.0,0.0,20.0,18.322899,0.0,0.0,20.0,18.322899,0.0,0.0,0,0.0,0.1092,0.0,0,1,0.10915303,0.0,0,1,0.10915303,0.10915303,0.0,0.0,0.10915303,0.1092,Attack,Attack-TCP-Flag-ACK-PSH
20,20.0,1.0,1702932100.0,20,20.0,0.0,1702932100.0,20,0,0.0,1702932100.0,20.0,0,0.0,1702932100.0,20.0,0.0,0.0,1702932100.0,20.0,0.0,0.0,1702932100.0,20,0.0,1702932100.0,1702932100.0,20,1,1702932100.0,1702932100.0,20,0,1702932100.0,0.0,20.0,0.0,1702932100.0,0.0,Attack,Attack-TCP-Flag-ACK-PSH
20,20.0,1.0,1702932100.0,20,20.0,0.0,1702932100.0,20,0,0.0,1702932100.0,20.0,0,0.0,1702932100.0,20.0,0.0,0.0,1702932100.0,20.0,0.0,0.0,1702932100.0,20,0.0,1702932100.0,1702932100.0,20,1,1702932100.0,1702932100.0,20,0,1702932100.0,0.0,20.0,0.0,1702932100.0,0.0,Attack,Attack-TCP-Flag-ACK-PSH
20,20.0,1.0,1702932100.0,20,20.0,0.0,1702932100.0,20,0,0.0,1702932100.0,20.0,0,0.0,1702932100.0,20.0,0.0,0.0,1702932100.0,20.0,0.0,0.0,1702932100.0,20,0.0,1702932100.0,1702932100.0,20,1,1702932100.0,1702932100.0,20,0,1702932100.0,0.0,20.0,0.0,1702932100.0,0.0,Attack,Attack-TCP-Flag-ACK-PSH
40,0.0,0.5,0.1099,20,0.0,0.0,0.1099,20,0,0.5,0.0,20.0,62596,0.0,0.0,20.0,18.201008,0.0,0.0,20.0,18.201008,0.0,0.0,0,0.0,0.1099,0.0,0,1,0.10988402,0.0,0,1,0.10988402,0.10988402,0.0,0.0,0.10988402,0.1099,Attack,Attack-TCP-Flag-ACK-PSH
20,20.0,1.0,1702932100.0,20,20.0,0.0,1702932100.0,20,0,0.0,1702932100.0,20.0,0,0.0,1702932100.0,20.0,0.0,0.0,1702932100.0,20.0,0.0,0.0,1702932100.0,20,0.0,1702932100.0,1702932100.0,20,1,1702932100.0,1702932100.0,20,0,1702932100.0,0.0,20.0,0.0,1702932100.0,0.0,Attack,Attack-TCP-Flag-ACK-PSH
20,20.0,0.0,1702932100.0,20,20.0,1.0,1702932100.0,20,1024,0.0,1702932100.0,20.0,0,0.0,1702932100.0,20.0,0.0,1.0,1702932100.0,20.0,0.0,0.0,1702932100.0,20,0.0,1702932100.0,1702932100.0,20,0,1702932100.0,1702932100.0,20,0,1702932100.0,0.0,20.0,1.0,1702932100.0,0.0,Attack,Attack-TCP-Flag-ACK-PSH
40,0.0,0.5,0.1109,20,0.0,0.0,0.1109,20,0,0.5,0.0,20.0,62596,0.0,0.0,20.0,18.028734,0.0,0.0,20.0,18.028734,0.0,0.0,0,0.0,0.1109,0.0,0,1,0.11093402,0.0,0,1,0.11093402,0.11093402,0.0,0.0,0.11093402,0.1109,Attack,Attack-TCP-Flag-ACK-PSH
40,0.0,0.5,0.1109,20,0.0,0.0,0.1109,20,0,0.5,0.0,20.0,62592,0.0,0.0,20.0,18.036875,0.0,0.0,20.0,18.036875,0.0,0.0,0,0.0,0.1109,0.0,0,1,0.11088395,0.0,0,1,0.11088395,0.11088395,0.0,0.0,0.11088395,0.1109,Attack,Attack-TCP-Flag-ACK-PSH
20,20.0,0.0,1702932100.0,20,20.0,1.0,1702932100.0,20,1024,0.0,1702932100.0,20.0,0,0.0,1702932100.0,20.0,0.0,1.0,1702932100.0,20.0,0.0,0.0,1702932100.0,20,0.0,1702932100.0,1702932100.0,20,0,1702932100.0,1702932100.0,20,0,1702932100.0,0.0,20.0,1.0,1702932100.0,0.0,Attack,Attack-TCP-Flag-ACK-PSH
24,24.0,0.0,1702932100.0,24,24.0,1.0,1702932100.0,24,1024,0.0,1702932100.0,24.0,0,0.0,1702932100.0,24.0,0.0,1.0,1702932100.0,24.0,0.0,0.0,1702932100.0,24,0.0,1702932100.0,1702932100.0,24,0,1702932100.0,1702932100.0,24,0,1702932100.0,0.0,24.0,1.0,1702932100.0,0.0,Attack,Attack-TCP-Flag-ACK-PSH
20,20.0,1.0,1702932100.0,20,20.0,0.0,1702932100.0,20,0,0.0,1702932100.0,20.0,0,0.0,1702932100.0,20.0,0.0,0.0,1702932100.0,20.0,0.0,0.0,1702932100.0,20,0.0,1702932100.0,1702932100.0,20,1,1702932100.0,1702932100.0,20,0,1702932100.0,0.0,20.0,0.0,1702932100.0,0.0,Attack,Attack-TCP-Flag-ACK-PSH
40,20.0,0.5,0.0002,20,20.0,0.5,0.0002,20,1024,0.5,1702932100.0,20.0,0,0.0,1702932100.0,20.0,8811.563,1.0,1702932100.0,20.0,4405.7817,0.0,1702932100.0,20,4405.7817,0.0002,1702932100.0,20,1,0.00022697449,1702932100.0,20,1,0.00022697449,1702932100.0,20.0,0.5,0.00022697449,1702932100.0,Attack,Attack-TCP-Flag-ACK-PSH
40,0.0,0.5,0.111,20,0.0,0.0,0.111,20,0,0.5,0.0,20.0,62602,0.0,0.0,20.0,18.01379,0.0,0.0,20.0,18.01379,0.0,0.0,0,0.0,0.111,0.0,0,1,0.11102605,0.0,0,1,0.11102605,0.11102605,0.0,0.0,0.11102605,0.111,Attack,Attack-TCP-Flag-ACK-PSH
40,0.0,0.5,0.111,20,0.0,0.0,0.111,20,0,0.5,0.0,20.0,62602,0.0,0.0,20.0,18.022266,0.0,0.0,20.0,18.022266,0.0,0.0,0,0.0,0.111,0.0,0,1,0.110973835,0.0,0,1,0.110973835,0.110973835,0.0,0.0,0.110973835,0.111,Attack,Attack-TCP-Flag-ACK-PSH
40,0.0,0.5,0.1108,20,0.0,0.0,0.1108,20,0,0.5,0.0,20.0,62599,0.0,0.0,20.0,18.049877,0.0,0.0,20.0,18.049877,0.0,0.0,0,0.0,0.1108,0.0,0,1,0.11080408,0.0,0,1,0.11080408,0.11080408,0.0,0.0,0.11080408,0.1108,Attack,Attack-TCP-Flag-ACK-PSH
40,0.0,0.5,0.1083,20,0.0,0.0,0.1083,20,0,0.5,0.0,20.0,62608,0.0,0.0,20.0,18.466698,0.0,0.0,20.0,18.466698,0.0,0.0,0,0.0,0.1083,0.0,0,1,0.10830307,0.0,0,1,0.10830307,0.10830307,0.0,0.0,0.10830307,0.1083,Attack,Attack-TCP-Flag-ACK-PSH
40,20.0,0.5,1e-04,20,20.0,0.5,1e-04,20,65535,0.5,1702932100.0,20.0,0,0.0,1702932100.0,20.0,20410.238,1.0,1702932100.0,20.0,10205.119,0.0,1702932100.0,20,10205.119,1e-04,1702932100.0,20,1,9.7990036e-05,1702932100.0,20,1,9.7990036e-05,1702932100.0,20.0,0.5,9.7990036e-05,1702932100.0,Attack,Attack-TCP-Flag-ACK-PSH
40,0.0,0.5,0.1111,20,0.0,0.0,0.1111,20,0,0.5,0.0,20.0,62602,0.0,0.0,20.0,17.99532,0.0,0.0,20.0,17.99532,0.0,0.0,0,0.0,0.1111,0.0,0,1,0.11114001,0.0,0,1,0.11114001,0.11114001,0.0,0.0,0.11114001,0.1111,Attack,Attack-TCP-Flag-ACK-PSH
24,24.0,0.0,1702932100.0,24,24.0,1.0,1702932100.0,24,65535,0.0,1702932100.0,24.0,0,0.0,1702932100.0,24.0,0.0,1.0,1702932100.0,24.0,0.0,0.0,1702932100.0,24,0.0,1702932100.0,1702932100.0,24,0,1702932100.0,1702932100.0,24,0,1702932100.0,0.0,24.0,1.0,1702932100.0,0.0,Attack,Attack-TCP-Flag-ACK-PSH
24,24.0,0.0,1702932100.0,24,24.0,1.0,1702932100.0,24,1025,0.0,1702932100.0,24.0,0,0.0,1702932100.0,24.0,0.0,1.0,1702932100.0,24.0,0.0,0.0,1702932100.0,24,0.0,1702932100.0,1702932100.0,24,0,1702932100.0,1702932100.0,24,0,1702932100.0,0.0,24.0,1.0,1702932100.0,0.0,Attack,Attack-TCP-Flag-ACK-PSH
40,0.0,0.5,0.1064,20,0.0,0.0,0.1064,20,0,0.5,0.0,20.0,62602,0.0,0.0,20.0,18.798592,0.0,0.0,20.0,18.798592,0.0,0.0,0,0.0,0.1064,0.0,0,1,0.10639095,0.0,0,1,0.10639095,0.10639095,0.0,0.0,0.10639095,0.1064,Attack,Attack-TCP-Flag-ACK-PSH
20,20.0,1.0,1702932100.0,20,20.0,0.0,1702932100.0,20,0,0.0,1702932100.0,20.0,0,0.0,1702932100.0,20.0,0.0,0.0,1702932100.0,20.0,0.0,0.0,1702932100.0,20,0.0,1702932100.0,1702932100.0,20,1,1702932100.0,1702932100.0,20,0,1702932100.0,0.0,20.0,0.0,1702932100.0,0.0,Attack,Attack-TCP-Flag-ACK-PSH
40,0.0,0.5,0.1081,20,0.0,0.0,0.1081,20,0,0.5,0.0,20.0,62596,0.0,0.0,20.0,18.508419,0.0,0.0,20.0,18.508419,0.0,0.0,0,0.0,0.1081,0.0,0,1,0.10805893,0.0,0,1,0.10805893,0.10805893,0.0,0.0,0.10805893,0.1081,Attack,Attack-TCP-Flag-ACK-PSH
40,0.0,0.5,0.1079,20,0.0,0.0,0.1079,20,0,0.5,0.0,20.0,62605,0.0,0.0,20.0,18.535166,0.0,0.0,20.0,18.535166,0.0,0.0,0,0.0,0.1079,0.0,0,1,0.107903,0.0,0,1,0.107903,0.107903,0.0,0.0,0.107903,0.1079,Attack,Attack-TCP-Flag-ACK-PSH
20,20.0,1.0,1702932100.0,20,20.0,0.0,1702932100.0,20,0,0.0,1702932100.0,20.0,0,0.0,1702932100.0,20.0,0.0,0.0,1702932100.0,20.0,0.0,0.0,1702932100.0,20,0.0,1702932100.0,1702932100.0,20,1,1702932100.0,1702932100.0,20,0,1702932100.0,0.0,20.0,0.0,1702932100.0,0.0,Attack,Attack-TCP-Flag-ACK-PSH
40,0.0,0.5,0.111,20,0.0,0.0,0.111,20,0,0.5,0.0,20.0,62602,0.0,0.0,20.0,18.023853,0.0,0.0,20.0,18.023853,0.0,0.0,0,0.0,0.111,0.0,0,1,0.11096406,0.0,0,1,0.11096406,0.11096406,0.0,0.0,0.11096406,0.111,Attack,Attack-TCP-Flag-ACK-PSH
40,0.0,0.5,0.1081,20,0.0,0.0,0.1081,20,0,0.5,0.0,20.0,62599,0.0,0.0,20.0,18.50499,0.0,0.0,20.0,18.50499,0.0,0.0,0,0.0,0.1081,0.0,0,1,0.10807896,0.0,0,1,0.10807896,0.10807896,0.0,0.0,0.10807896,0.1081,Attack,Attack-TCP-Flag-ACK-PSH
40,0.0,0.5,0.11,20,0.0,0.0,0.11,20,0,0.5,0.0,20.0,62594,0.0,0.0,20.0,18.181797,0.0,0.0,20.0,18.181797,0.0,0.0,0,0.0,0.11,0.0,0,1,0.11000013,0.0,0,1,0.11000013,0.11000013,0.0,0.0,0.11000013,0.11,Attack,Attack-TCP-Flag-ACK-PSH
20,20.0,0.0,1702932100.0,20,20.0,1.0,1702932100.0,20,1024,0.0,1702932100.0,20.0,0,0.0,1702932100.0,20.0,0.0,1.0,1702932100.0,20.0,0.0,0.0,1702932100.0,20,0.0,1702932100.0,1702932100.0,20,0,1702932100.0,1702932100.0,20,0,1702932100.0,0.0,20.0,1.0,1702932100.0,0.0,Attack,Attack-TCP-Flag-ACK-PSH
20,20.0,1.0,1702932100.0,20,20.0,0.0,1702932100.0,20,1200,0.0,1702932100.0,20.0,0,0.0,1702932100.0,20.0,0.0,0.0,1702932100.0,20.0,0.0,0.0,1702932100.0,20,0.0,1702932100.0,1702932100.0,20,1,1702932100.0,1702932100.0,20,0,1702932100.0,0.0,20.0,0.0,1702932100.0,0.0,Attack,Attack-TCP-Flag-ACK-PSH
40,0.0,0.5,0.1094,20,0.0,0.0,0.1094,20,0,0.5,0.0,20.0,62605,0.0,0.0,20.0,18.281212,0.0,0.0,20.0,18.281212,0.0,0.0,0,0.0,0.1094,0.0,0,1,0.10940194,0.0,0,1,0.10940194,0.10940194,0.0,0.0,0.10940194,0.1094,Attack,Attack-TCP-Flag-ACK-PSH
40,0.0,0.5,0.108,20,0.0,0.0,0.108,20,0,0.5,0.0,20.0,62602,0.0,0.0,20.0,18.525873,0.0,0.0,20.0,18.525873,0.0,0.0,0,0.0,0.108,0.0,0,1,0.107957125,0.0,0,1,0.107957125,0.107957125,0.0,0.0,0.107957125,0.108,Attack,Attack-TCP-Flag-ACK-PSH
40,0.0,0.5,0.1112,20,0.0,0.0,0.1112,20,0,0.5,0.0,20.0,62608,0.0,0.0,20.0,17.978811,0.0,0.0,20.0,17.978811,0.0,0.0,0,0.0,0.1112,0.0,0,1,0.111242056,0.0,0,1,0.111242056,0.111242056,0.0,0.0,0.111242056,0.1112,Attack,Attack-TCP-Flag-ACK-PSH
20,20.0,1.0,1702932100.0,20,20.0,0.0,1702932100.0,20,0,0.0,1702932100.0,20.0,0,0.0,1702932100.0,20.0,0.0,0.0,1702932100.0,20.0,0.0,0.0,1702932100.0,20,0.0,1702932100.0,1702932100.0,20,1,1702932100.0,1702932100.0,20,0,1702932100.0,0.0,20.0,0.0,1702932100.0,0.0,Attack,Attack-TCP-Flag-ACK-PSH
40,0.0,0.5,0.1122,20,0.0,0.0,0.1122,20,0,0.5,0.0,20.0,62605,0.0,0.0,20.0,17.823074,0.0,0.0,20.0,17.823074,0.0,0.0,0,0.0,0.1122,0.0,0,1,0.11221409,0.0,0,1,0.11221409,0.11221409,0.0,0.0,0.11221409,0.1122,Attack,Attack-TCP-Flag-ACK-PSH
24,24.0,0.0,1702932100.0,24,24.0,1.0,1702932100.0,24,65535,0.0,1702932100.0,24.0,0,0.0,1702932100.0,24.0,0.0,1.0,1702932100.0,24.0,0.0,0.0,1702932100.0,24,0.0,1702932100.0,1702932100.0,24,0,1702932100.0,1702932100.0,24,0,1702932100.0,0.0,24.0,1.0,1702932100.0,0.0,Attack,Attack-TCP-Flag-ACK-PSH
40,0.0,0.5,0.1112,20,0.0,0.0,0.1112,20,0,0.5,0.0,20.0,62605,0.0,0.0,20.0,17.988874,0.0,0.0,20.0,17.988874,0.0,0.0,0,0.0,0.1112,0.0,0,1,0.11117983,0.0,0,1,0.11117983,0.11117983,0.0,0.0,0.11117983,0.1112,Attack,Attack-TCP-Flag-ACK-PSH
40,0.0,0.5,0.11,20,0.0,0.0,0.11,20,0,0.5,0.0,20.0,62592,0.0,0.0,20.0,18.18976,0.0,0.0,20.0,18.18976,0.0,0.0,0,0.0,0.11,0.0,0,1,0.10995197,0.0,0,1,0.10995197,0.10995197,0.0,0.0,0.10995197,0.11,Attack,Attack-TCP-Flag-ACK-PSH
40,0.0,0.5,0.1099,20,0.0,0.0,0.1099,20,0,0.5,0.0,20.0,62599,0.0,0.0,20.0,18.197533,0.0,0.0,20.0,18.197533,0.0,0.0,0,0.0,0.1099,0.0,0,1,0.109905005,0.0,0,1,0.109905005,0.109905005,0.0,0.0,0.109905005,0.1099,Attack,Attack-TCP-Flag-ACK-PSH
40,0.0,0.5,0.1078,20,0.0,0.0,0.1078,20,0,0.5,0.0,20.0,62605,0.0,0.0,20.0,18.545614,0.0,0.0,20.0,18.545614,0.0,0.0,0,0.0,0.1078,0.0,0,1,0.10784221,0.0,0,1,0.10784221,0.10784221,0.0,0.0,0.10784221,0.1078,Attack,Attack-TCP-Flag-ACK-PSH
20,20.0,1.0,1702932100.0,20,20.0,0.0,1702932100.0,20,0,0.0,1702932100.0,20.0,0,0.0,1702932100.0,20.0,0.0,0.0,1702932100.0,20.0,0.0,0.0,1702932100.0,20,0.0,1702932100.0,1702932100.0,20,1,1702932100.0,1702932100.0,20,0,1702932100.0,0.0,20.0,0.0,1702932100.0,0.0,Attack,Attack-TCP-Flag-ACK-PSH
40,0.0,0.5,0.111,20,0.0,0.0,0.111,20,0,0.5,0.0,20.0,62596,0.0,0.0,20.0,18.015724,0.0,0.0,20.0,18.015724,0.0,0.0,0,0.0,0.111,0.0,0,1,0.11101413,0.0,0,1,0.11101413,0.11101413,0.0,0.0,0.11101413,0.111,Attack,Attack-TCP-Flag-ACK-PSH
40,0.0,0.5,0.109,20,0.0,0.0,0.109,20,0,0.5,0.0,20.0,62590,0.0,0.0,20.0,18.34225,0.0,0.0,20.0,18.34225,0.0,0.0,0,0.0,0.109,0.0,0,1,0.109037876,0.0,0,1,0.109037876,0.109037876,0.0,0.0,0.109037876,0.109,Attack,Attack-TCP-Flag-ACK-PSH
24,24.0,0.0,1702932100.0,24,24.0,1.0,1702932100.0,24,65535,0.0,1702932100.0,24.0,0,0.0,1702932100.0,24.0,0.0,1.0,1702932100.0,24.0,0.0,0.0,1702932100.0,24,0.0,1702932100.0,1702932100.0,24,0,1702932100.0,1702932100.0,24,0,1702932100.0,0.0,24.0,1.0,1702932100.0,0.0,Attack,Attack-TCP-Flag-ACK-PSH
164,20.0,0.0,3.056,24,20.0,0.14285715,1e-04,20,65535,0.0,1702932100.0,23.4286,62727,0.0,1702932100.0,24.0,0.2224888,1.0,1702932100.0,24.0,0.19070469,0.0,1702932100.0,20,0.031784113,5.2437,1702932100.0,20,0,16.128016,1702932100.0,20,0,0.00011301041,31.462145,20.0,1.0,31.462257,1.0301,Attack,Attack-TCP-Flag-ACK-PSH
20,20.0,1.0,1702932100.0,20,20.0,0.0,1702932100.0,20,0,0.0,1702932100.0,20.0,0,0.0,1702932100.0,20.0,0.0,0.0,1702932100.0,20.0,0.0,0.0,1702932100.0,20,0.0,1702932100.0,1702932100.0,20,1,1702932100.0,1702932100.0,20,0,1702932100.0,0.0,20.0,0.0,1702932100.0,0.0,Attack,Attack-TCP-Flag-ACK-PSH
20,20.0,1.0,1702932100.0,20,20.0,0.0,1702932100.0,20,0,0.0,1702932100.0,20.0,0,0.0,1702932100.0,20.0,0.0,0.0,1702932100.0,20.0,0.0,0.0,1702932100.0,20,0.0,1702932100.0,1702932100.0,20,1,1702932100.0,1702932100.0,20,0,1702932100.0,0.0,20.0,0.0,1702932100.0,0.0,Attack,Attack-TCP-Flag-ACK-PSH
20,20.0,1.0,1702932100.0,20,20.0,0.0,1702932100.0,20,1200,0.0,1702932100.0,20.0,0,0.0,1702932100.0,20.0,0.0,0.0,1702932100.0,20.0,0.0,0.0,1702932100.0,20,0.0,1702932100.0,1702932100.0,20,1,1702932100.0,1702932100.0,20,0,1702932100.0,0.0,20.0,0.0,1702932100.0,0.0,Attack,Attack-TCP-Flag-ACK-PSH
24,24.0,0.0,1702932100.0,24,24.0,1.0,1702932100.0,24,1024,0.0,1702932100.0,24.0,0,0.0,1702932100.0,24.0,0.0,1.0,1702932100.0,24.0,0.0,0.0,1702932100.0,24,0.0,1702932100.0,1702932100.0,24,0,1702932100.0,1702932100.0,24,0,1702932100.0,0.0,24.0,1.0,1702932100.0,0.0,Attack,Attack-TCP-Flag-ACK-PSH
24,24.0,0.0,1702932100.0,24,24.0,1.0,1702932100.0,24,1025,0.0,1702932100.0,24.0,0,0.0,1702932100.0,24.0,0.0,1.0,1702932100.0,24.0,0.0,0.0,1702932100.0,24,0.0,1702932100.0,1702932100.0,24,0,1702932100.0,1702932100.0,24,0,1702932100.0,0.0,24.0,1.0,1702932100.0,0.0,Attack,Attack-TCP-Flag-ACK-PSH
20,20.0,1.0,1702932100.0,20,20.0,0.0,1702932100.0,20,0,0.0,1702932100.0,20.0,0,0.0,1702932100.0,20.0,0.0,0.0,1702932100.0,20.0,0.0,0.0,1702932100.0,20,0.0,1702932100.0,1702932100.0,20,1,1702932100.0,1702932100.0,20,0,1702932100.0,0.0,20.0,0.0,1702932100.0,0.0,Attack,Attack-TCP-Flag-ACK-PSH
120,20.0,0.0,0.9972,20,20.0,1.0,0.042,20,17520,0.0,1.8662,20.0,0,0.0,4.4324007,20.0,0.64302236,1.0,0.042001963,20.0,0.0,0.0,9.3309355,120,0.64302236,1.8662,0.9972,20,0,4.4324007,0.042,20,0,0.042001963,0.0,20.0,1.0,9.3309355,0.0,Attack,Attack-TCP-Flag-ACK-PSH
40,0.0,0.5,0.1078,20,0.0,0.0,0.1078,20,0,0.5,0.0,20.0,62599,0.0,0.0,20.0,18.546352,0.0,0.0,20.0,18.546352,0.0,0.0,0,0.0,0.1078,0.0,0,1,0.107837915,0.0,0,1,0.107837915,0.107837915,0.0,0.0,0.107837915,0.1078,Attack,Attack-TCP-Flag-ACK-PSH
40,0.0,0.5,0.1111,20,0.0,0.0,0.1111,20,0,0.5,0.0,20.0,62605,0.0,0.0,20.0,17.999992,0.0,0.0,20.0,17.999992,0.0,0.0,0,0.0,0.1111,0.0,0,1,0.111111164,0.0,0,1,0.111111164,0.111111164,0.0,0.0,0.111111164,0.1111,Attack,Attack-TCP-Flag-ACK-PSH
40,0.0,0.5,0.1067,20,0.0,0.0,0.1067,20,0,0.5,0.0,20.0,62605,0.0,0.0,20.0,18.738667,0.0,0.0,20.0,18.738667,0.0,0.0,0,0.0,0.1067,0.0,0,1,0.10673118,0.0,0,1,0.10673118,0.10673118,0.0,0.0,0.10673118,0.1067,Attack,Attack-TCP-Flag-ACK-PSH
40,0.0,0.5,0.1109,20,0.0,0.0,0.1109,20,0,0.5,0.0,20.0,62611,0.0,0.0,20.0,18.036371,0.0,0.0,20.0,18.036371,0.0,0.0,0,0.0,0.1109,0.0,0,1,0.11088705,0.0,0,1,0.11088705,0.11088705,0.0,0.0,0.11088705,0.1109,Attack,Attack-TCP-Flag-ACK-PSH
40,20.0,0.5,0.0005,20,20.0,0.5,0.0005,20,65535,0.5,1702932100.0,20.0,0,0.0,1702932100.0,20.0,3839.18,1.0,1702932100.0,20.0,1919.59,0.0,1702932100.0,20,1919.59,0.0005,1702932100.0,20,1,0.0005209446,1702932100.0,20,1,0.0005209446,1702932100.0,20.0,0.5,0.0005209446,1702932100.0,Attack,Attack-TCP-Flag-ACK-PSH
40,0.0,0.5,0.1114,20,0.0,0.0,0.1114,20,0,0.5,0.0,20.0,62592,0.0,0.0,20.0,17.960873,0.0,0.0,20.0,17.960873,0.0,0.0,0,0.0,0.1114,0.0,0,1,0.11135316,0.0,0,1,0.11135316,0.11135316,0.0,0.0,0.11135316,0.1114,Attack,Attack-TCP-Flag-ACK-PSH
40,0.0,0.5,0.1079,20,0.0,0.0,0.1079,20,0,0.5,0.0,20.0,62596,0.0,0.0,20.0,18.542746,0.0,0.0,20.0,18.542746,0.0,0.0,0,0.0,0.1079,0.0,0,1,0.107858896,0.0,0,1,0.107858896,0.107858896,0.0,0.0,0.107858896,0.1079,Attack,Attack-TCP-Flag-ACK-PSH
40,0.0,0.5,0.1068,20,0.0,0.0,0.1068,20,0,0.5,0.0,20.0,62599,0.0,0.0,20.0,18.726244,0.0,0.0,20.0,18.726244,0.0,0.0,0,0.0,0.1068,0.0,0,1,0.10680199,0.0,0,1,0.10680199,0.10680199,0.0,0.0,0.10680199,0.1068,Attack,Attack-TCP-Flag-ACK-PSH
40,0.0,0.5,0.1099,20,0.0,0.0,0.1099,20,0,0.5,0.0,20.0,62608,0.0,0.0,20.0,18.201166,0.0,0.0,20.0,18.201166,0.0,0.0,0,0.0,0.1099,0.0,0,1,0.10988307,0.0,0,1,0.10988307,0.10988307,0.0,0.0,0.10988307,0.1099,Attack,Attack-TCP-Flag-ACK-PSH
40,0.0,0.5,0.1101,20,0.0,0.0,0.1101,20,0,0.5,0.0,20.0,62590,0.0,0.0,20.0,18.171242,0.0,0.0,20.0,18.171242,0.0,0.0,0,0.0,0.1101,0.0,0,1,0.11006403,0.0,0,1,0.11006403,0.11006403,0.0,0.0,0.11006403,0.1101,Attack,Attack-TCP-Flag-ACK-PSH
40,20.0,0.5,1e-04,20,20.0,0.5,1e-04,20,1024,0.5,1702932100.0,20.0,0,0.0,1702932100.0,20.0,14488.097,1.0,1702932100.0,20.0,7244.0483,0.0,1702932100.0,20,7244.0483,1e-04,1702932100.0,20,1,0.00013804436,1702932100.0,20,1,0.00013804436,1702932100.0,20.0,0.5,0.00013804436,1702932100.0,Attack,Attack-TCP-Flag-ACK-PSH
40,0.0,0.5,0.1112,20,0.0,0.0,0.1112,20,0,0.5,0.0,20.0,62596,0.0,0.0,20.0,17.99308,0.0,0.0,20.0,17.99308,0.0,0.0,0,0.0,0.1112,0.0,0,1,0.11115384,0.0,0,1,0.11115384,0.11115384,0.0,0.0,0.11115384,0.1112,Attack,Attack-TCP-Flag-ACK-PSH
40,20.0,0.5,1e-04,20,20.0,0.5,1e-04,20,65535,0.5,1702932100.0,20.0,0,0.0,1702932100.0,20.0,22192.084,1.0,1702932100.0,20.0,11096.042,0.0,1702932100.0,20,11096.042,1e-04,1702932100.0,20,1,9.012222e-05,1702932100.0,20,1,9.012222e-05,1702932100.0,20.0,0.5,9.012222e-05,1702932100.0,Attack,Attack-TCP-Flag-ACK-PSH
40,0.0,0.5,0.1108,20,0.0,0.0,0.1108,20,0,0.5,0.0,20.0,62599,0.0,0.0,20.0,18.048246,0.0,0.0,20.0,18.048246,0.0,0.0,0,0.0,0.1108,0.0,0,1,0.110814095,0.0,0,1,0.110814095,0.110814095,0.0,0.0,0.110814095,0.1108,Attack,Attack-TCP-Flag-ACK-PSH
20,20.0,1.0,1702932100.0,20,20.0,0.0,1702932100.0,20,1200,0.0,1702932100.0,20.0,0,0.0,1702932100.0,20.0,0.0,0.0,1702932100.0,20.0,0.0,0.0,1702932100.0,20,0.0,1702932100.0,1702932100.0,20,1,1702932100.0,1702932100.0,20,0,1702932100.0,0.0,20.0,0.0,1702932100.0,0.0,Attack,Attack-TCP-Flag-ACK-PSH
24,24.0,0.0,1702932100.0,24,24.0,1.0,1702932100.0,24,1024,0.0,1702932100.0,24.0,0,0.0,1702932100.0,24.0,0.0,1.0,1702932100.0,24.0,0.0,0.0,1702932100.0,24,0.0,1702932100.0,1702932100.0,24,0,1702932100.0,1702932100.0,24,0,1702932100.0,0.0,24.0,1.0,1702932100.0,0.0,Attack,Attack-TCP-Flag-ACK-PSH
20,20.0,1.0,1702932100.0,20,20.0,0.0,1702932100.0,20,1200,0.0,1702932100.0,20.0,0,0.0,1702932100.0,20.0,0.0,0.0,1702932100.0,20.0,0.0,0.0,1702932100.0,20,0.0,1702932100.0,1702932100.0,20,1,1702932100.0,1702932100.0,20,0,1702932100.0,0.0,20.0,0.0,1702932100.0,0.0,Attack,Attack-TCP-Flag-ACK-PSH
40,0.0,0.5,0.1098,20,0.0,0.0,0.1098,20,0,0.5,0.0,20.0,62608,0.0,0.0,20.0,18.218758,0.0,0.0,20.0,18.218758,0.0,0.0,0,0.0,0.1098,0.0,0,1,0.10977697,0.0,0,1,0.10977697,0.10977697,0.0,0.0,0.10977697,0.1098,Attack,Attack-TCP-Flag-ACK-PSH
24,24.0,0.0,1702932100.0,24,24.0,1.0,1702932100.0,24,65535,0.0,1702932100.0,24.0,0,0.0,1702932100.0,24.0,0.0,1.0,1702932100.0,24.0,0.0,0.0,1702932100.0,24,0.0,1702932100.0,1702932100.0,24,0,1702932100.0,1702932100.0,24,0,1702932100.0,0.0,24.0,1.0,1702932100.0,0.0,Attack,Attack-TCP-Flag-ACK-PSH
40,0.0,0.5,0.1115,20,0.0,0.0,0.1115,20,0,0.5,0.0,20.0,62605,0.0,0.0,20.0,17.939978,0.0,0.0,20.0,17.939978,0.0,0.0,0,0.0,0.1115,0.0,0,1,0.11148286,0.0,0,1,0.11148286,0.11148286,0.0,0.0,0.11148286,0.1115,Attack,Attack-TCP-Flag-ACK-PSH
52,32.0,0.5,1e-04,32,32.0,0.5,1e-04,20,1024,0.5,1702932100.0,26.0,0,0.0,1702932100.0,26.0,22982.488,1.0,1702932100.0,20.0,11491.244,0.0,1702932100.0,32,11491.244,1e-04,1702932100.0,32,1,8.702278e-05,1702932100.0,32,1,8.702278e-05,1702932100.0,32.0,0.5,8.702278e-05,1702932100.0,Attack,Attack-TCP-Flag-ACK-PSH
20,20.0,1.0,1702932100.0,20,20.0,0.0,1702932100.0,20,0,0.0,1702932100.0,20.0,0,0.0,1702932100.0,20.0,0.0,0.0,1702932100.0,20.0,0.0,0.0,1702932100.0,20,0.0,1702932100.0,1702932100.0,20,1,1702932100.0,1702932100.0,20,0,1702932100.0,0.0,20.0,0.0,1702932100.0,0.0,Attack,Attack-TCP-Flag-ACK-PSH
20,20.0,1.0,1702932100.0,20,20.0,0.0,1702932100.0,20,0,0.0,1702932100.0,20.0,0,0.0,1702932100.0,20.0,0.0,0.0,1702932100.0,20.0,0.0,0.0,1702932100.0,20,0.0,1702932100.0,1702932100.0,20,1,1702932100.0,1702932100.0,20,0,1702932100.0,0.0,20.0,0.0,1702932100.0,0.0,Attack,Attack-TCP-Flag-ACK-PSH
24,24.0,0.0,1702932100.0,24,24.0,1.0,1702932100.0,24,1025,0.0,1702932100.0,24.0,0,0.0,1702932100.0,24.0,0.0,1.0,1702932100.0,24.0,0.0,0.0,1702932100.0,24,0.0,1702932100.0,1702932100.0,24,0,1702932100.0,1702932100.0,24,0,1702932100.0,0.0,24.0,1.0,1702932100.0,0.0,Attack,Attack-TCP-Flag-ACK-PSH
20,20.0,0.0,1702932100.0,20,20.0,1.0,1702932100.0,20,1024,0.0,1702932100.0,20.0,0,0.0,1702932100.0,20.0,0.0,1.0,1702932100.0,20.0,0.0,0.0,1702932100.0,20,0.0,1702932100.0,1702932100.0,20,0,1702932100.0,1702932100.0,20,0,1702932100.0,0.0,20.0,1.0,1702932100.0,0.0,Attack,Attack-TCP-Flag-ACK-PSH
40,0.0,0.5,0.1111,20,0.0,0.0,0.1111,20,0,0.5,0.0,20.0,62602,0.0,0.0,20.0,17.99806,0.0,0.0,20.0,17.99806,0.0,0.0,0,0.0,0.1111,0.0,0,1,0.111123085,0.0,0,1,0.111123085,0.111123085,0.0,0.0,0.111123085,0.1111,Attack,Attack-TCP-Flag-ACK-PSH
40,0.0,0.5,0.1068,20,0.0,0.0,0.1068,20,0,0.5,0.0,20.0,62605,0.0,0.0,20.0,18.719055,0.0,0.0,20.0,18.719055,0.0,0.0,0,0.0,0.1068,0.0,0,1,0.106842995,0.0,0,1,0.106842995,0.106842995,0.0,0.0,0.106842995,0.1068,Attack,Attack-TCP-Flag-ACK-PSH
20,20.0,1.0,1702932100.0,20,20.0,0.0,1702932100.0,20,0,0.0,1702932100.0,20.0,0,0.0,1702932100.0,20.0,0.0,0.0,1702932100.0,20.0,0.0,0.0,1702932100.0,20,0.0,1702932100.0,1702932100.0,20,1,1702932100.0,1702932100.0,20,0,1702932100.0,0.0,20.0,0.0,1702932100.0,0.0,Attack,Attack-TCP-Flag-ACK-PSH
40,0.0,0.5,0.111,20,0.0,0.0,0.111,20,0,0.5,0.0,20.0,62594,0.0,0.0,20.0,18.016228,0.0,0.0,20.0,18.016228,0.0,0.0,0,0.0,0.111,0.0,0,1,0.11101103,0.0,0,1,0.11101103,0.11101103,0.0,0.0,0.11101103,0.111,Attack,Attack-TCP-Flag-ACK-PSH
20,20.0,1.0,1702932100.0,20,20.0,0.0,1702932100.0,20,1200,0.0,1702932100.0,20.0,0,0.0,1702932100.0,20.0,0.0,0.0,1702932100.0,20.0,0.0,0.0,1702932100.0,20,0.0,1702932100.0,1702932100.0,20,1,1702932100.0,1702932100.0,20,0,1702932100.0,0.0,20.0,0.0,1702932100.0,0.0,Attack,Attack-TCP-Flag-ACK-PSH
40,0.0,0.5,0.1108,20,0.0,0.0,0.1108,20,0,0.5,0.0,20.0,62594,0.0,0.0,20.0,18.052635,0.0,0.0,20.0,18.052635,0.0,0.0,0,0.0,0.1108,0.0,0,1,0.11078715,0.0,0,1,0.11078715,0.11078715,0.0,0.0,0.11078715,0.1108,Attack,Attack-TCP-Flag-ACK-PSH
24,24.0,0.0,1702932100.0,24,24.0,1.0,1702932100.0,24,65535,0.0,1702932100.0,24.0,0,0.0,1702932100.0,24.0,0.0,1.0,1702932100.0,24.0,0.0,0.0,1702932100.0,24,0.0,1702932100.0,1702932100.0,24,0,1702932100.0,1702932100.0,24,0,1702932100.0,0.0,24.0,1.0,1702932100.0,0.0,Attack,Attack-TCP-Flag-ACK-PSH
40,0.0,0.5,0.1079,20,0.0,0.0,0.1079,20,0,0.5,0.0,20.0,62596,0.0,0.0,20.0,18.538073,0.0,0.0,20.0,18.538073,0.0,0.0,0,0.0,0.1079,0.0,0,1,0.107886076,0.0,0,1,0.107886076,0.107886076,0.0,0.0,0.107886076,0.1079,Attack,Attack-TCP-Flag-ACK-PSH
52,32.0,0.5,1e-04,32,32.0,0.5,1e-04,20,1024,0.5,1702932100.0,26.0,0,0.0,1702932100.0,26.0,23237.14,1.0,1702932100.0,20.0,11618.57,0.0,1702932100.0,32,11618.57,1e-04,1702932100.0,32,1,8.606911e-05,1702932100.0,32,1,8.606911e-05,1702932100.0,32.0,0.5,8.606911e-05,1702932100.0,Attack,Attack-TCP-Flag-ACK-PSH
20,20.0,1.0,1702932100.0,20,20.0,0.0,1702932100.0,20,0,0.0,1702932100.0,20.0,0,0.0,1702932100.0,20.0,0.0,0.0,1702932100.0,20.0,0.0,0.0,1702932100.0,20,0.0,1702932100.0,1702932100.0,20,1,1702932100.0,1702932100.0,20,0,1702932100.0,0.0,20.0,0.0,1702932100.0,0.0,Attack,Attack-TCP-Flag-ACK-PSH
20,20.0,1.0,1702932100.0,20,20.0,0.0,1702932100.0,20,0,0.0,1702932100.0,20.0,0,0.0,1702932100.0,20.0,0.0,0.0,1702932100.0,20.0,0.0,0.0,1702932100.0,20,0.0,1702932100.0,1702932100.0,20,1,1702932100.0,1702932100.0,20,0,1702932100.0,0.0,20.0,0.0,1702932100.0,0.0,Attack,Attack-TCP-Flag-ACK-PSH
40,0.0,0.5,0.1112,20,0.0,0.0,0.1112,20,0,0.5,0.0,20.0,62608,0.0,0.0,20.0,17.978504,0.0,0.0,20.0,17.978504,0.0,0.0,0,0.0,0.1112,0.0,0,1,0.11124396,0.0,0,1,0.11124396,0.11124396,0.0,0.0,0.11124396,0.1112,Attack,Attack-TCP-Flag-ACK-PSH
40,0.0,0.5,0.1081,20,0.0,0.0,0.1081,20,0,0.5,0.0,20.0,62605,0.0,0.0,20.0,18.505316,0.0,0.0,20.0,18.505316,0.0,0.0,0,0.0,0.1081,0.0,0,1,0.10807705,0.0,0,1,0.10807705,0.10807705,0.0,0.0,0.10807705,0.1081,Attack,Attack-TCP-Flag-ACK-PSH
20,20.0,1.0,1702932100.0,20,20.0,0.0,1702932100.0,20,0,0.0,1702932100.0,20.0,0,0.0,1702932100.0,20.0,0.0,0.0,1702932100.0,20.0,0.0,0.0,1702932100.0,20,0.0,1702932100.0,1702932100.0,20,1,1702932100.0,1702932100.0,20,0,1702932100.0,0.0,20.0,0.0,1702932100.0,0.0,Attack,Attack-TCP-Flag-ACK-PSH
40,0.0,0.5,0.1077,20,0.0,0.0,0.1077,20,0,0.5,0.0,20.0,62599,0.0,0.0,20.0,18.57872,0.0,0.0,20.0,18.57872,0.0,0.0,0,0.0,0.1077,0.0,0,1,0.10765004,0.0,0,1,0.10765004,0.10765004,0.0,0.0,0.10765004,0.1077,Attack,Attack-TCP-Flag-ACK-PSH
40,0.0,0.5,0.109,20,0.0,0.0,0.109,20,0,0.5,0.0,20.0,62599,0.0,0.0,20.0,18.340727,0.0,0.0,20.0,18.340727,0.0,0.0,0,0.0,0.109,0.0,0,1,0.109046936,0.0,0,1,0.109046936,0.109046936,0.0,0.0,0.109046936,0.109,Attack,Attack-TCP-Flag-ACK-PSH
40,0.0,0.5,0.1095,20,0.0,0.0,0.1095,20,0,0.5,0.0,20.0,62590,0.0,0.0,20.0,18.269506,0.0,0.0,20.0,18.269506,0.0,0.0,0,0.0,0.1095,0.0,0,1,0.10947204,0.0,0,1,0.10947204,0.10947204,0.0,0.0,0.10947204,0.1095,Attack,Attack-TCP-Flag-ACK-PSH
20,20.0,1.0,1702932100.0,20,20.0,0.0,1702932100.0,20,0,0.0,1702932100.0,20.0,0,0.0,1702932100.0,20.0,0.0,0.0,1702932100.0,20.0,0.0,0.0,1702932100.0,20,0.0,1702932100.0,1702932100.0,20,1,1702932100.0,1702932100.0,20,0,1702932100.0,0.0,20.0,0.0,1702932100.0,0.0,Attack,Attack-TCP-Flag-ACK-PSH
40,0.0,0.5,0.1118,20,0.0,0.0,0.1118,20,0,0.5,0.0,20.0,62602,0.0,0.0,20.0,17.88715,0.0,0.0,20.0,17.88715,0.0,0.0,0,0.0,0.1118,0.0,0,1,0.111812115,0.0,0,1,0.111812115,0.111812115,0.0,0.0,0.111812115,0.1118,Attack,Attack-TCP-Flag-ACK-PSH
20,20.0,0.0,1702932100.0,20,20.0,1.0,1702932100.0,20,1024,0.0,1702932100.0,20.0,0,0.0,1702932100.0,20.0,0.0,1.0,1702932100.0,20.0,0.0,0.0,1702932100.0,20,0.0,1702932100.0,1702932100.0,20,0,1702932100.0,1702932100.0,20,0,1702932100.0,0.0,20.0,1.0,1702932100.0,0.0,Attack,Attack-TCP-Flag-ACK-PSH
40,0.0,0.5,0.1102,20,0.0,0.0,0.1102,20,0,0.5,0.0,20.0,62605,0.0,0.0,20.0,18.144396,0.0,0.0,20.0,18.144396,0.0,0.0,0,0.0,0.1102,0.0,0,1,0.11022687,0.0,0,1,0.11022687,0.11022687,0.0,0.0,0.11022687,0.1102,Attack,Attack-TCP-Flag-ACK-PSH
40,0.0,0.5,0.111,20,0.0,0.0,0.111,20,0,0.5,0.0,20.0,62590,0.0,0.0,20.0,18.022575,0.0,0.0,20.0,18.022575,0.0,0.0,0,0.0,0.111,0.0,0,1,0.11097193,0.0,0,1,0.11097193,0.11097193,0.0,0.0,0.11097193,0.111,Attack,Attack-TCP-Flag-ACK-PSH
24,24.0,0.0,1702932100.0,24,24.0,1.0,1702932100.0,24,1024,0.0,1702932100.0,24.0,0,0.0,1702932100.0,24.0,0.0,1.0,1702932100.0,24.0,0.0,0.0,1702932100.0,24,0.0,1702932100.0,1702932100.0,24,0,1702932100.0,1702932100.0,24,0,1702932100.0,0.0,24.0,1.0,1702932100.0,0.0,Attack,Attack-TCP-Flag-ACK-PSH
52,32.0,0.5,0.0002,32,32.0,0.5,0.0002,20,1024,0.5,1702932100.0,26.0,0,0.0,1702932100.0,26.0,10922.667,1.0,1702932100.0,20.0,5461.3335,0.0,1702932100.0,32,5461.3335,0.0002,1702932100.0,32,1,0.00018310547,1702932100.0,32,1,0.00018310547,1702932100.0,32.0,0.5,0.00018310547,1702932100.0,Attack,Attack-TCP-Flag-ACK-PSH
20,20.0,1.0,1702932100.0,20,20.0,0.0,1702932100.0,20,0,0.0,1702932100.0,20.0,0,0.0,1702932100.0,20.0,0.0,0.0,1702932100.0,20.0,0.0,0.0,1702932100.0,20,0.0,1702932100.0,1702932100.0,20,1,1702932100.0,1702932100.0,20,0,1702932100.0,0.0,20.0,0.0,1702932100.0,0.0,Attack,Attack-TCP-Flag-ACK-PSH
20,20.0,1.0,1702932100.0,20,20.0,0.0,1702932100.0,20,0,0.0,1702932100.0,20.0,0,0.0,1702932100.0,20.0,0.0,0.0,1702932100.0,20.0,0.0,0.0,1702932100.0,20,0.0,1702932100.0,1702932100.0,20,1,1702932100.0,1702932100.0,20,0,1702932100.0,0.0,20.0,0.0,1702932100.0,0.0,Attack,Attack-TCP-Flag-ACK-PSH
40,0.0,0.5,0.1112,20,0.0,0.0,0.1112,20,0,0.5,0.0,20.0,62605,0.0,0.0,20.0,17.989801,0.0,0.0,20.0,17.989801,0.0,0.0,0,0.0,0.1112,0.0,0,1,0.11117411,0.0,0,1,0.11117411,0.11117411,0.0,0.0,0.11117411,0.1112,Attack,Attack-TCP-Flag-ACK-PSH
40,0.0,0.5,0.1109,20,0.0,0.0,0.1109,20,0,0.5,0.0,20.0,62602,0.0,0.0,20.0,18.036566,0.0,0.0,20.0,18.036566,0.0,0.0,0,0.0,0.1109,0.0,0,1,0.11088586,0.0,0,1,0.11088586,0.11088586,0.0,0.0,0.11088586,0.1109,Attack,Attack-TCP-Flag-ACK-PSH
80,40.0,0.0,0.9973,40,40.0,1.0,0.9973,40,28800,0.0,0.9973,40.0,0,0.0,0.9973259,40.0,2.0053625,1.0,0.9973259,40.0,0.0,0.0,0.9973259,80,2.0053625,0.9973,0.9973,40,0,0.9973259,0.9973,40,0,0.9973259,0.0,40.0,1.0,0.9973259,0.0,Attack,Attack-TCP-Flag-ACK-PSH
20,20.0,1.0,1702932200.0,20,20.0,0.0,1702932200.0,20,0,0.0,1702932200.0,20.0,0,0.0,1702932200.0,20.0,0.0,0.0,1702932200.0,20.0,0.0,0.0,1702932200.0,20,0.0,1702932200.0,1702932200.0,20,1,1702932200.0,1702932200.0,20,0,1702932200.0,0.0,20.0,0.0,1702932200.0,0.0,Attack,Attack-TCP-Flag-ACK-PSH
40,0.0,0.5,0.1098,20,0.0,0.0,0.1098,20,0,0.5,0.0,20.0,62596,0.0,0.0,20.0,18.208158,0.0,0.0,20.0,18.208158,0.0,0.0,0,0.0,0.1098,0.0,0,1,0.10984087,0.0,0,1,0.10984087,0.10984087,0.0,0.0,0.10984087,0.1098,Attack,Attack-TCP-Flag-ACK-PSH
20,20.0,1.0,1702932200.0,20,20.0,0.0,1702932200.0,20,0,0.0,1702932200.0,20.0,0,0.0,1702932200.0,20.0,0.0,0.0,1702932200.0,20.0,0.0,0.0,1702932200.0,20,0.0,1702932200.0,1702932200.0,20,1,1702932200.0,1702932200.0,20,0,1702932200.0,0.0,20.0,0.0,1702932200.0,0.0,Attack,Attack-TCP-Flag-ACK-PSH
20,20.0,1.0,1702932200.0,20,20.0,0.0,1702932200.0,20,1200,0.0,1702932200.0,20.0,0,0.0,1702932200.0,20.0,0.0,0.0,1702932200.0,20.0,0.0,0.0,1702932200.0,20,0.0,1702932200.0,1702932200.0,20,1,1702932200.0,1702932200.0,20,0,1702932200.0,0.0,20.0,0.0,1702932200.0,0.0,Attack,Attack-TCP-Flag-ACK-PSH
40,0.0,0.5,0.1103,20,0.0,0.0,0.1103,20,0,0.5,0.0,20.0,62599,0.0,0.0,20.0,18.134825,0.0,0.0,20.0,18.134825,0.0,0.0,0,0.0,0.1103,0.0,0,1,0.11028504,0.0,0,1,0.11028504,0.11028504,0.0,0.0,0.11028504,0.1103,Attack,Attack-TCP-Flag-ACK-PSH
40,0.0,0.5,0.1104,20,0.0,0.0,0.1104,20,0,0.5,0.0,20.0,62596,0.0,0.0,20.0,18.108557,0.0,0.0,20.0,18.108557,0.0,0.0,0,0.0,0.1104,0.0,0,1,0.11044502,0.0,0,1,0.11044502,0.11044502,0.0,0.0,0.11044502,0.1104,Attack,Attack-TCP-Flag-ACK-PSH
40,0.0,0.5,0.1079,20,0.0,0.0,0.1079,20,0,0.5,0.0,20.0,62590,0.0,0.0,20.0,18.53791,0.0,0.0,20.0,18.53791,0.0,0.0,0,0.0,0.1079,0.0,0,1,0.10788703,0.0,0,1,0.10788703,0.10788703,0.0,0.0,0.10788703,0.1079,Attack,Attack-TCP-Flag-ACK-PSH
40,0.0,0.5,0.1059,20,0.0,0.0,0.1059,20,0,0.5,0.0,20.0,62599,0.0,0.0,20.0,18.885221,0.0,0.0,20.0,18.885221,0.0,0.0,0,0.0,0.1059,0.0,0,1,0.10590291,0.0,0,1,0.10590291,0.10590291,0.0,0.0,0.10590291,0.1059,Attack,Attack-TCP-Flag-ACK-PSH
40,0.0,0.5,0.1102,20,0.0,0.0,0.1102,20,0,0.5,0.0,20.0,62592,0.0,0.0,20.0,18.14734,0.0,0.0,20.0,18.14734,0.0,0.0,0,0.0,0.1102,0.0,0,1,0.11020899,0.0,0,1,0.11020899,0.11020899,0.0,0.0,0.11020899,0.1102,Attack,Attack-TCP-Flag-ACK-PSH
40,20.0,0.5,0.0002,20,20.0,0.5,0.0002,20,65535,0.5,1702932200.0,20.0,0,0.0,1702932200.0,20.0,12748.645,1.0,1702932200.0,20.0,6374.3223,0.0,1702932200.0,20,6374.3223,0.0002,1702932200.0,20,1,0.00015687943,1702932200.0,20,1,0.00015687943,1702932200.0,20.0,0.5,0.00015687943,1702932200.0,Attack,Attack-TCP-Flag-ACK-PSH
40,0.0,0.5,0.11,20,0.0,0.0,0.11,20,0,0.5,0.0,20.0,62596,0.0,0.0,20.0,18.181835,0.0,0.0,20.0,18.181835,0.0,0.0,0,0.0,0.11,0.0,0,1,0.109999895,0.0,0,1,0.109999895,0.109999895,0.0,0.0,0.109999895,0.11,Attack,Attack-TCP-Flag-ACK-PSH
20,20.0,1.0,1702932200.0,20,20.0,0.0,1702932200.0,20,1200,0.0,1702932200.0,20.0,0,0.0,1702932200.0,20.0,0.0,0.0,1702932200.0,20.0,0.0,0.0,1702932200.0,20,0.0,1702932200.0,1702932200.0,20,1,1702932200.0,1702932200.0,20,0,1702932200.0,0.0,20.0,0.0,1702932200.0,0.0,Attack,Attack-TCP-Flag-ACK-PSH
20,20.0,1.0,1702932200.0,20,20.0,0.0,1702932200.0,20,0,0.0,1702932200.0,20.0,0,0.0,1702932200.0,20.0,0.0,0.0,1702932200.0,20.0,0.0,0.0,1702932200.0,20,0.0,1702932200.0,1702932200.0,20,1,1702932200.0,1702932200.0,20,0,1702932200.0,0.0,20.0,0.0,1702932200.0,0.0,Attack,Attack-TCP-Flag-ACK-PSH
20,20.0,1.0,1702932200.0,20,20.0,0.0,1702932200.0,20,0,0.0,1702932200.0,20.0,0,0.0,1702932200.0,20.0,0.0,0.0,1702932200.0,20.0,0.0,0.0,1702932200.0,20,0.0,1702932200.0,1702932200.0,20,1,1702932200.0,1702932200.0,20,0,1702932200.0,0.0,20.0,0.0,1702932200.0,0.0,Attack,Attack-TCP-Flag-ACK-PSH
20,20.0,1.0,1702932200.0,20,20.0,0.0,1702932200.0,20,0,0.0,1702932200.0,20.0,0,0.0,1702932200.0,20.0,0.0,0.0,1702932200.0,20.0,0.0,0.0,1702932200.0,20,0.0,1702932200.0,1702932200.0,20,1,1702932200.0,1702932200.0,20,0,1702932200.0,0.0,20.0,0.0,1702932200.0,0.0,Attack,Attack-TCP-Flag-ACK-PSH
40,0.0,0.5,0.1109,20,0.0,0.0,0.1109,20,0,0.5,0.0,20.0,62588,0.0,0.0,20.0,18.02645,0.0,0.0,20.0,18.02645,0.0,0.0,0,0.0,0.1109,0.0,0,1,0.110948086,0.0,0,1,0.110948086,0.110948086,0.0,0.0,0.110948086,0.1109,Attack,Attack-TCP-Flag-ACK-PSH
20,20.0,1.0,1702932200.0,20,20.0,0.0,1702932200.0,20,0,0.0,1702932200.0,20.0,0,0.0,1702932200.0,20.0,0.0,0.0,1702932200.0,20.0,0.0,0.0,1702932200.0,20,0.0,1702932200.0,1702932200.0,20,1,1702932200.0,1702932200.0,20,0,1702932200.0,0.0,20.0,0.0,1702932200.0,0.0,Attack,Attack-TCP-Flag-ACK-PSH
40,0.0,0.5,0.1079,20,0.0,0.0,0.1079,20,0,0.5,0.0,20.0,62596,0.0,0.0,20.0,18.542212,0.0,0.0,20.0,18.542212,0.0,0.0,0,0.0,0.1079,0.0,0,1,0.107861996,0.0,0,1,0.107861996,0.107861996,0.0,0.0,0.107861996,0.1079,Attack,Attack-TCP-Flag-ACK-PSH
40,0.0,0.5,0.1112,20,0.0,0.0,0.1112,20,0,0.5,0.0,20.0,62592,0.0,0.0,20.0,17.980778,0.0,0.0,20.0,17.980778,0.0,0.0,0,0.0,0.1112,0.0,0,1,0.1112299,0.0,0,1,0.1112299,0.1112299,0.0,0.0,0.1112299,0.1112,Attack,Attack-TCP-Flag-ACK-PSH
40,0.0,0.5,0.111,20,0.0,0.0,0.111,20,0,0.5,0.0,20.0,62605,0.0,0.0,20.0,18.01526,0.0,0.0,20.0,18.01526,0.0,0.0,0,0.0,0.111,0.0,0,1,0.11101699,0.0,0,1,0.11101699,0.11101699,0.0,0.0,0.11101699,0.111,Attack,Attack-TCP-Flag-ACK-PSH
24,24.0,0.0,1702932200.0,24,24.0,1.0,1702932200.0,24,1024,0.0,1702932200.0,24.0,0,0.0,1702932200.0,24.0,0.0,1.0,1702932200.0,24.0,0.0,0.0,1702932200.0,24,0.0,1702932200.0,1702932200.0,24,0,1702932200.0,1702932200.0,24,0,1702932200.0,0.0,24.0,1.0,1702932200.0,0.0,Attack,Attack-TCP-Flag-ACK-PSH
40,0.0,0.5,0.1077,20,0.0,0.0,0.1077,20,0,0.5,0.0,20.0,62592,0.0,0.0,20.0,18.577156,0.0,0.0,20.0,18.577156,0.0,0.0,0,0.0,0.1077,0.0,0,1,0.1076591,0.0,0,1,0.1076591,0.1076591,0.0,0.0,0.1076591,0.1077,Attack,Attack-TCP-Flag-ACK-PSH
60,40.0,0.5,0.001,40,40.0,0.5,0.001,20,65160,0.5,1702932200.0,30.0,0,0.0,1702932200.0,30.0,1991.5973,1.0,1702932200.0,20.0,995.79865,0.0,1702932200.0,40,995.79865,0.001,1702932200.0,40,1,0.001004219,1702932200.0,40,1,0.001004219,1702932200.0,40.0,0.5,0.001004219,1702932200.0,Attack,Attack-TCP-Flag-ACK-PSH
24,24.0,0.0,1702932200.0,24,24.0,1.0,1702932200.0,24,65535,0.0,1702932200.0,24.0,0,0.0,1702932200.0,24.0,0.0,1.0,1702932200.0,24.0,0.0,0.0,1702932200.0,24,0.0,1702932200.0,1702932200.0,24,0,1702932200.0,1702932200.0,24,0,1702932200.0,0.0,24.0,1.0,1702932200.0,0.0,Attack,Attack-TCP-Flag-ACK-PSH
40,0.0,0.5,0.1102,20,0.0,0.0,0.1102,20,0,0.5,0.0,20.0,62611,0.0,0.0,20.0,18.152916,0.0,0.0,20.0,18.152916,0.0,0.0,0,0.0,0.1102,0.0,0,1,0.11017513,0.0,0,1,0.11017513,0.11017513,0.0,0.0,0.11017513,0.1102,Attack,Attack-TCP-Flag-ACK-PSH
40,0.0,0.5,0.1069,20,0.0,0.0,0.1069,20,0,0.5,0.0,20.0,62611,0.0,0.0,20.0,18.716969,0.0,0.0,20.0,18.716969,0.0,0.0,0,0.0,0.1069,0.0,0,1,0.106854916,0.0,0,1,0.106854916,0.106854916,0.0,0.0,0.106854916,0.1069,Attack,Attack-TCP-Flag-ACK-PSH
40,0.0,0.5,0.11,20,0.0,0.0,0.11,20,0,0.5,0.0,20.0,62605,0.0,0.0,20.0,18.176556,0.0,0.0,20.0,18.176556,0.0,0.0,0,0.0,0.11,0.0,0,1,0.11003184,0.0,0,1,0.11003184,0.11003184,0.0,0.0,0.11003184,0.11,Attack,Attack-TCP-Flag-ACK-PSH
20,20.0,0.0,1702932200.0,20,20.0,1.0,1702932200.0,20,1024,0.0,1702932200.0,20.0,0,0.0,1702932200.0,20.0,0.0,1.0,1702932200.0,20.0,0.0,0.0,1702932200.0,20,0.0,1702932200.0,1702932200.0,20,0,1702932200.0,1702932200.0,20,0,1702932200.0,0.0,20.0,1.0,1702932200.0,0.0,Attack,Attack-TCP-Flag-ACK-PSH
40,0.0,0.5,0.1109,20,0.0,0.0,0.1109,20,0,0.5,0.0,20.0,62588,0.0,0.0,20.0,18.032997,0.0,0.0,20.0,18.032997,0.0,0.0,0,0.0,0.1109,0.0,0,1,0.11090779,0.0,0,1,0.11090779,0.11090779,0.0,0.0,0.11090779,0.1109,Attack,Attack-TCP-Flag-ACK-PSH
40,0.0,0.5,0.111,20,0.0,0.0,0.111,20,0,0.5,0.0,20.0,62596,0.0,0.0,20.0,18.02095,0.0,0.0,20.0,18.02095,0.0,0.0,0,0.0,0.111,0.0,0,1,0.11098194,0.0,0,1,0.11098194,0.11098194,0.0,0.0,0.11098194,0.111,Attack,Attack-TCP-Flag-ACK-PSH
40,0.0,0.5,0.111,20,0.0,0.0,0.111,20,0,0.5,0.0,20.0,62605,0.0,0.0,20.0,18.01201,0.0,0.0,20.0,18.01201,0.0,0.0,0,0.0,0.111,0.0,0,1,0.111037016,0.0,0,1,0.111037016,0.111037016,0.0,0.0,0.111037016,0.111,Attack,Attack-TCP-Flag-ACK-PSH
20,20.0,1.0,1702932200.0,20,20.0,0.0,1702932200.0,20,0,0.0,1702932200.0,20.0,0,0.0,1702932200.0,20.0,0.0,0.0,1702932200.0,20.0,0.0,0.0,1702932200.0,20,0.0,1702932200.0,1702932200.0,20,1,1702932200.0,1702932200.0,20,0,1702932200.0,0.0,20.0,0.0,1702932200.0,0.0,Attack,Attack-TCP-Flag-ACK-PSH
24,24.0,0.0,1702932200.0,24,24.0,1.0,1702932200.0,24,65535,0.0,1702932200.0,24.0,0,0.0,1702932200.0,24.0,0.0,1.0,1702932200.0,24.0,0.0,0.0,1702932200.0,24,0.0,1702932200.0,1702932200.0,24,0,1702932200.0,1702932200.0,24,0,1702932200.0,0.0,24.0,1.0,1702932200.0,0.0,Attack,Attack-TCP-Flag-ACK-PSH
40,0.0,0.5,0.1099,20,0.0,0.0,0.1099,20,0,0.5,0.0,20.0,62605,0.0,0.0,20.0,18.206142,0.0,0.0,20.0,18.206142,0.0,0.0,0,0.0,0.1099,0.0,0,1,0.10985303,0.0,0,1,0.10985303,0.10985303,0.0,0.0,0.10985303,0.1099,Attack,Attack-TCP-Flag-ACK-PSH
20,20.0,1.0,1702932200.0,20,20.0,0.0,1702932200.0,20,1200,0.0,1702932200.0,20.0,0,0.0,1702932200.0,20.0,0.0,0.0,1702932200.0,20.0,0.0,0.0,1702932200.0,20,0.0,1702932200.0,1702932200.0,20,1,1702932200.0,1702932200.0,20,0,1702932200.0,0.0,20.0,0.0,1702932200.0,0.0,Attack,Attack-TCP-Flag-ACK-PSH
20,20.0,1.0,1702932200.0,20,20.0,0.0,1702932200.0,20,0,0.0,1702932200.0,20.0,0,0.0,1702932200.0,20.0,0.0,0.0,1702932200.0,20.0,0.0,0.0,1702932200.0,20,0.0,1702932200.0,1702932200.0,20,1,1702932200.0,1702932200.0,20,0,1702932200.0,0.0,20.0,0.0,1702932200.0,0.0,Attack,Attack-TCP-Flag-ACK-PSH
40,0.0,0.5,0.1079,20,0.0,0.0,0.1079,20,0,0.5,0.0,20.0,62592,0.0,0.0,20.0,18.53963,0.0,0.0,20.0,18.53963,0.0,0.0,0,0.0,0.1079,0.0,0,1,0.107877016,0.0,0,1,0.107877016,0.107877016,0.0,0.0,0.107877016,0.1079,Attack,Attack-TCP-Flag-ACK-PSH
20,20.0,1.0,1702932200.0,20,20.0,0.0,1702932200.0,20,0,0.0,1702932200.0,20.0,0,0.0,1702932200.0,20.0,0.0,0.0,1702932200.0,20.0,0.0,0.0,1702932200.0,20,0.0,1702932200.0,1702932200.0,20,1,1702932200.0,1702932200.0,20,0,1702932200.0,0.0,20.0,0.0,1702932200.0,0.0,Attack,Attack-TCP-Flag-ACK-PSH
40,0.0,0.5,0.1111,20,0.0,0.0,0.1111,20,0,0.5,0.0,20.0,62608,0.0,0.0,20.0,17.99887,0.0,0.0,20.0,17.99887,0.0,0.0,0,0.0,0.1111,0.0,0,1,0.11111808,0.0,0,1,0.11111808,0.11111808,0.0,0.0,0.11111808,0.1111,Attack,Attack-TCP-Flag-ACK-PSH
20,20.0,1.0,1702932200.0,20,20.0,0.0,1702932200.0,20,0,0.0,1702932200.0,20.0,0,0.0,1702932200.0,20.0,0.0,0.0,1702932200.0,20.0,0.0,0.0,1702932200.0,20,0.0,1702932200.0,1702932200.0,20,1,1702932200.0,1702932200.0,20,0,1702932200.0,0.0,20.0,0.0,1702932200.0,0.0,Attack,Attack-TCP-Flag-ACK-PSH
44,24.0,0.5,0.0002,24,24.0,0.5,0.0002,20,0,0.5,1702932200.0,22.0,0,0.0,1702932200.0,22.0,10472.669,1.0,1702932200.0,20.0,5236.3345,0.0,1702932200.0,24,5236.3345,0.0002,1702932200.0,24,1,0.00019097328,1702932200.0,24,1,0.00019097328,1702932200.0,24.0,0.5,0.00019097328,1702932200.0,Attack,Attack-TCP-Flag-ACK-PSH
20,20.0,1.0,1702932200.0,20,20.0,0.0,1702932200.0,20,0,0.0,1702932200.0,20.0,0,0.0,1702932200.0,20.0,0.0,0.0,1702932200.0,20.0,0.0,0.0,1702932200.0,20,0.0,1702932200.0,1702932200.0,20,1,1702932200.0,1702932200.0,20,0,1702932200.0,0.0,20.0,0.0,1702932200.0,0.0,Attack,Attack-TCP-Flag-ACK-PSH
40,20.0,0.5,1e-04,20,20.0,0.5,1e-04,20,1024,0.5,1702932200.0,20.0,0,0.0,1702932200.0,20.0,26630.502,1.0,1702932200.0,20.0,13315.251,0.0,1702932200.0,20,13315.251,1e-04,1702932200.0,20,1,7.510185e-05,1702932200.0,20,1,7.510185e-05,1702932200.0,20.0,0.5,7.510185e-05,1702932200.0,Attack,Attack-TCP-Flag-ACK-PSH
40,0.0,0.5,0.1095,20,0.0,0.0,0.1095,20,0,0.5,0.0,20.0,62605,0.0,0.0,20.0,18.269983,0.0,0.0,20.0,18.269983,0.0,0.0,0,0.0,0.1095,0.0,0,1,0.109469175,0.0,0,1,0.109469175,0.109469175,0.0,0.0,0.109469175,0.1095,Attack,Attack-TCP-Flag-ACK-PSH
20,20.0,1.0,1702932200.0,20,20.0,0.0,1702932200.0,20,0,0.0,1702932200.0,20.0,0,0.0,1702932200.0,20.0,0.0,0.0,1702932200.0,20.0,0.0,0.0,1702932200.0,20,0.0,1702932200.0,1702932200.0,20,1,1702932200.0,1702932200.0,20,0,1702932200.0,0.0,20.0,0.0,1702932200.0,0.0,Attack,Attack-TCP-Flag-ACK-PSH
52,32.0,0.5,0.0016,32,32.0,0.5,0.0016,20,1024,0.5,1702932200.0,26.0,0,0.0,1702932200.0,26.0,1240.7349,1.0,1702932200.0,20.0,620.36743,0.0,1702932200.0,32,620.36743,0.0016,1702932200.0,32,1,0.001611948,1702932200.0,32,1,0.001611948,1702932200.0,32.0,0.5,0.001611948,1702932200.0,Attack,Attack-TCP-Flag-ACK-PSH
20,20.0,1.0,1702932200.0,20,20.0,0.0,1702932200.0,20,0,0.0,1702932200.0,20.0,0,0.0,1702932200.0,20.0,0.0,0.0,1702932200.0,20.0,0.0,0.0,1702932200.0,20,0.0,1702932200.0,1702932200.0,20,1,1702932200.0,1702932200.0,20,0,1702932200.0,0.0,20.0,0.0,1702932200.0,0.0,Attack,Attack-TCP-Flag-ACK-PSH
20,20.0,0.0,1702932200.0,20,20.0,1.0,1702932200.0,20,65535,0.0,1702932200.0,20.0,0,0.0,1702932200.0,20.0,0.0,1.0,1702932200.0,20.0,0.0,0.0,1702932200.0,20,0.0,1702932200.0,1702932200.0,20,0,1702932200.0,1702932200.0,20,0,1702932200.0,0.0,20.0,1.0,1702932200.0,0.0,Attack,Attack-TCP-Flag-ACK-PSH
40,0.0,0.5,0.1109,20,0.0,0.0,0.1109,20,0,0.5,0.0,20.0,62602,0.0,0.0,20.0,18.040443,0.0,0.0,20.0,18.040443,0.0,0.0,0,0.0,0.1109,0.0,0,1,0.11086202,0.0,0,1,0.11086202,0.11086202,0.0,0.0,0.11086202,0.1109,Attack,Attack-TCP-Flag-ACK-PSH
24,24.0,0.0,1702932200.0,24,24.0,1.0,1702932200.0,24,1025,0.0,1702932200.0,24.0,0,0.0,1702932200.0,24.0,0.0,1.0,1702932200.0,24.0,0.0,0.0,1702932200.0,24,0.0,1702932200.0,1702932200.0,24,0,1702932200.0,1702932200.0,24,0,1702932200.0,0.0,24.0,1.0,1702932200.0,0.0,Attack,Attack-TCP-Flag-ACK-PSH
40,0.0,0.5,0.111,20,0.0,0.0,0.111,20,0,0.5,0.0,20.0,62594,0.0,0.0,20.0,18.014797,0.0,0.0,20.0,18.014797,0.0,0.0,0,0.0,0.111,0.0,0,1,0.11101985,0.0,0,1,0.11101985,0.11101985,0.0,0.0,0.11101985,0.111,Attack,Attack-TCP-Flag-ACK-PSH
40,0.0,0.5,0.1111,20,0.0,0.0,0.1111,20,0,0.5,0.0,20.0,62588,0.0,0.0,20.0,18.002773,0.0,0.0,20.0,18.002773,0.0,0.0,0,0.0,0.1111,0.0,0,1,0.111094,0.0,0,1,0.111094,0.111094,0.0,0.0,0.111094,0.1111,Attack,Attack-TCP-Flag-ACK-PSH
24,24.0,0.0,1702932200.0,24,24.0,1.0,1702932200.0,24,1025,0.0,1702932200.0,24.0,0,0.0,1702932200.0,24.0,0.0,1.0,1702932200.0,24.0,0.0,0.0,1702932200.0,24,0.0,1702932200.0,1702932200.0,24,0,1702932200.0,1702932200.0,24,0,1702932200.0,0.0,24.0,1.0,1702932200.0,0.0,Attack,Attack-TCP-Flag-ACK-PSH
40,0.0,0.5,0.1092,20,0.0,0.0,0.1092,20,0,0.5,0.0,20.0,62594,0.0,0.0,20.0,18.31134,0.0,0.0,20.0,18.31134,0.0,0.0,0,0.0,0.1092,0.0,0,1,0.109221935,0.0,0,1,0.109221935,0.109221935,0.0,0.0,0.109221935,0.1092,Attack,Attack-TCP-Flag-ACK-PSH
20,20.0,1.0,1702932200.0,20,20.0,0.0,1702932200.0,20,0,0.0,1702932200.0,20.0,0,0.0,1702932200.0,20.0,0.0,0.0,1702932200.0,20.0,0.0,0.0,1702932200.0,20,0.0,1702932200.0,1702932200.0,20,1,1702932200.0,1702932200.0,20,0,1702932200.0,0.0,20.0,0.0,1702932200.0,0.0,Attack,Attack-TCP-Flag-ACK-PSH
40,0.0,0.5,0.108,20,0.0,0.0,0.108,20,0,0.5,0.0,20.0,62599,0.0,0.0,20.0,18.516958,0.0,0.0,20.0,18.516958,0.0,0.0,0,0.0,0.108,0.0,0,1,0.1080091,0.0,0,1,0.1080091,0.1080091,0.0,0.0,0.1080091,0.108,Attack,Attack-TCP-Flag-ACK-PSH
20,20.0,1.0,1702932200.0,20,20.0,0.0,1702932200.0,20,0,0.0,1702932200.0,20.0,0,0.0,1702932200.0,20.0,0.0,0.0,1702932200.0,20.0,0.0,0.0,1702932200.0,20,0.0,1702932200.0,1702932200.0,20,1,1702932200.0,1702932200.0,20,0,1702932200.0,0.0,20.0,0.0,1702932200.0,0.0,Attack,Attack-TCP-Flag-ACK-PSH
24,24.0,0.0,1702932200.0,24,24.0,1.0,1702932200.0,24,1025,0.0,1702932200.0,24.0,0,0.0,1702932200.0,24.0,0.0,1.0,1702932200.0,24.0,0.0,0.0,1702932200.0,24,0.0,1702932200.0,1702932200.0,24,0,1702932200.0,1702932200.0,24,0,1702932200.0,0.0,24.0,1.0,1702932200.0,0.0,Attack,Attack-TCP-Flag-ACK-PSH
20,20.0,1.0,1702932200.0,20,20.0,0.0,1702932200.0,20,0,0.0,1702932200.0,20.0,0,0.0,1702932200.0,20.0,0.0,0.0,1702932200.0,20.0,0.0,0.0,1702932200.0,20,0.0,1702932200.0,1702932200.0,20,1,1702932200.0,1702932200.0,20,0,1702932200.0,0.0,20.0,0.0,1702932200.0,0.0,Attack,Attack-TCP-Flag-ACK-PSH
20,20.0,1.0,1702932200.0,20,20.0,0.0,1702932200.0,20,0,0.0,1702932200.0,20.0,0,0.0,1702932200.0,20.0,0.0,0.0,1702932200.0,20.0,0.0,0.0,1702932200.0,20,0.0,1702932200.0,1702932200.0,20,1,1702932200.0,1702932200.0,20,0,1702932200.0,0.0,20.0,0.0,1702932200.0,0.0,Attack,Attack-TCP-Flag-ACK-PSH
20,20.0,1.0,1702932200.0,20,20.0,0.0,1702932200.0,20,0,0.0,1702932200.0,20.0,0,0.0,1702932200.0,20.0,0.0,0.0,1702932200.0,20.0,0.0,0.0,1702932200.0,20,0.0,1702932200.0,1702932200.0,20,1,1702932200.0,1702932200.0,20,0,1702932200.0,0.0,20.0,0.0,1702932200.0,0.0,Attack,Attack-TCP-Flag-ACK-PSH
40,0.0,0.5,0.111,20,0.0,0.0,0.111,20,0,0.5,0.0,20.0,62605,0.0,0.0,20.0,18.019943,0.0,0.0,20.0,18.019943,0.0,0.0,0,0.0,0.111,0.0,0,1,0.11098814,0.0,0,1,0.11098814,0.11098814,0.0,0.0,0.11098814,0.111,Attack,Attack-TCP-Flag-ACK-PSH
40,0.0,0.5,0.1109,20,0.0,0.0,0.1109,20,0,0.5,0.0,20.0,62592,0.0,0.0,20.0,18.026604,0.0,0.0,20.0,18.026604,0.0,0.0,0,0.0,0.1109,0.0,0,1,0.11094713,0.0,0,1,0.11094713,0.11094713,0.0,0.0,0.11094713,0.1109,Attack,Attack-TCP-Flag-ACK-PSH
20,20.0,1.0,1702932200.0,20,20.0,0.0,1702932200.0,20,0,0.0,1702932200.0,20.0,0,0.0,1702932200.0,20.0,0.0,0.0,1702932200.0,20.0,0.0,0.0,1702932200.0,20,0.0,1702932200.0,1702932200.0,20,1,1702932200.0,1702932200.0,20,0,1702932200.0,0.0,20.0,0.0,1702932200.0,0.0,Attack,Attack-TCP-Flag-ACK-PSH
40,0.0,0.5,0.111,20,0.0,0.0,0.111,20,0,0.5,0.0,20.0,62608,0.0,0.0,20.0,18.014256,0.0,0.0,20.0,18.014256,0.0,0.0,0,0.0,0.111,0.0,0,1,0.11102319,0.0,0,1,0.11102319,0.11102319,0.0,0.0,0.11102319,0.111,Attack,Attack-TCP-Flag-ACK-PSH
40,0.0,0.5,0.1109,20,0.0,0.0,0.1109,20,0,0.5,0.0,20.0,62596,0.0,0.0,20.0,18.031176,0.0,0.0,20.0,18.031176,0.0,0.0,0,0.0,0.1109,0.0,0,1,0.110919,0.0,0,1,0.110919,0.110919,0.0,0.0,0.110919,0.1109,Attack,Attack-TCP-Flag-ACK-PSH
20,20.0,1.0,1702932200.0,20,20.0,0.0,1702932200.0,20,0,0.0,1702932200.0,20.0,0,0.0,1702932200.0,20.0,0.0,0.0,1702932200.0,20.0,0.0,0.0,1702932200.0,20,0.0,1702932200.0,1702932200.0,20,1,1702932200.0,1702932200.0,20,0,1702932200.0,0.0,20.0,0.0,1702932200.0,0.0,Attack,Attack-TCP-Flag-ACK-PSH
40,0.0,0.5,0.11,20,0.0,0.0,0.11,20,0,0.5,0.0,20.0,62605,0.0,0.0,20.0,18.189444,0.0,0.0,20.0,18.189444,0.0,0.0,0,0.0,0.11,0.0,0,1,0.10995388,0.0,0,1,0.10995388,0.10995388,0.0,0.0,0.10995388,0.11,Attack,Attack-TCP-Flag-ACK-PSH
40,0.0,0.5,0.111,20,0.0,0.0,0.111,20,0,0.5,0.0,20.0,62596,0.0,0.0,20.0,18.018202,0.0,0.0,20.0,18.018202,0.0,0.0,0,0.0,0.111,0.0,0,1,0.11099887,0.0,0,1,0.11099887,0.11099887,0.0,0.0,0.11099887,0.111,Attack,Attack-TCP-Flag-ACK-PSH
24,24.0,0.0,1702932200.0,24,24.0,1.0,1702932200.0,24,1024,0.0,1702932200.0,24.0,0,0.0,1702932200.0,24.0,0.0,1.0,1702932200.0,24.0,0.0,0.0,1702932200.0,24,0.0,1702932200.0,1702932200.0,24,0,1702932200.0,1702932200.0,24,0,1702932200.0,0.0,24.0,1.0,1702932200.0,0.0,Attack,Attack-TCP-Flag-ACK-PSH
40,0.0,0.5,0.1103,20,0.0,0.0,0.1103,20,0,0.5,0.0,20.0,62611,0.0,0.0,20.0,18.137453,0.0,0.0,20.0,18.137453,0.0,0.0,0,0.0,0.1103,0.0,0,1,0.11026907,0.0,0,1,0.11026907,0.11026907,0.0,0.0,0.11026907,0.1103,Attack,Attack-TCP-Flag-ACK-PSH
20,20.0,1.0,1702932200.0,20,20.0,0.0,1702932200.0,20,1200,0.0,1702932200.0,20.0,0,0.0,1702932200.0,20.0,0.0,0.0,1702932200.0,20.0,0.0,0.0,1702932200.0,20,0.0,1702932200.0,1702932200.0,20,1,1702932200.0,1702932200.0,20,0,1702932200.0,0.0,20.0,0.0,1702932200.0,0.0,Attack,Attack-TCP-Flag-ACK-PSH
40,0.0,0.5,0.11,20,0.0,0.0,0.11,20,0,0.5,0.0,20.0,62611,0.0,0.0,20.0,18.185146,0.0,0.0,20.0,18.185146,0.0,0.0,0,0.0,0.11,0.0,0,1,0.10997987,0.0,0,1,0.10997987,0.10997987,0.0,0.0,0.10997987,0.11,Attack,Attack-TCP-Flag-ACK-PSH
20,20.0,1.0,1702932200.0,20,20.0,0.0,1702932200.0,20,0,0.0,1702932200.0,20.0,0,0.0,1702932200.0,20.0,0.0,0.0,1702932200.0,20.0,0.0,0.0,1702932200.0,20,0.0,1702932200.0,1702932200.0,20,1,1702932200.0,1702932200.0,20,0,1702932200.0,0.0,20.0,0.0,1702932200.0,0.0,Attack,Attack-TCP-Flag-ACK-PSH
20,20.0,1.0,1702932200.0,20,20.0,0.0,1702932200.0,20,0,0.0,1702932200.0,20.0,0,0.0,1702932200.0,20.0,0.0,0.0,1702932200.0,20.0,0.0,0.0,1702932200.0,20,0.0,1702932200.0,1702932200.0,20,1,1702932200.0,1702932200.0,20,0,1702932200.0,0.0,20.0,0.0,1702932200.0,0.0,Attack,Attack-TCP-Flag-ACK-PSH
20,20.0,1.0,1702932200.0,20,20.0,0.0,1702932200.0,20,0,0.0,1702932200.0,20.0,0,0.0,1702932200.0,20.0,0.0,0.0,1702932200.0,20.0,0.0,0.0,1702932200.0,20,0.0,1702932200.0,1702932200.0,20,1,1702932200.0,1702932200.0,20,0,1702932200.0,0.0,20.0,0.0,1702932200.0,0.0,Attack,Attack-TCP-Flag-ACK-PSH
40,0.0,0.5,0.1108,20,0.0,0.0,0.1108,20,0,0.5,0.0,20.0,62605,0.0,0.0,20.0,18.047468,0.0,0.0,20.0,18.047468,0.0,0.0,0,0.0,0.1108,0.0,0,1,0.11081886,0.0,0,1,0.11081886,0.11081886,0.0,0.0,0.11081886,0.1108,Attack,Attack-TCP-Flag-ACK-PSH
40,0.0,0.5,0.1112,20,0.0,0.0,0.1112,20,0,0.5,0.0,20.0,62608,0.0,0.0,20.0,17.989183,0.0,0.0,20.0,17.989183,0.0,0.0,0,0.0,0.1112,0.0,0,1,0.11117792,0.0,0,1,0.11117792,0.11117792,0.0,0.0,0.11117792,0.1112,Attack,Attack-TCP-Flag-ACK-PSH
20,20.0,1.0,1702932200.0,20,20.0,0.0,1702932200.0,20,1200,0.0,1702932200.0,20.0,0,0.0,1702932200.0,20.0,0.0,0.0,1702932200.0,20.0,0.0,0.0,1702932200.0,20,0.0,1702932200.0,1702932200.0,20,1,1702932200.0,1702932200.0,20,0,1702932200.0,0.0,20.0,0.0,1702932200.0,0.0,Attack,Attack-TCP-Flag-ACK-PSH
40,0.0,0.5,0.1079,20,0.0,0.0,0.1079,20,0,0.5,0.0,20.0,62588,0.0,0.0,20.0,18.542376,0.0,0.0,20.0,18.542376,0.0,0.0,0,0.0,0.1079,0.0,0,1,0.10786104,0.0,0,1,0.10786104,0.10786104,0.0,0.0,0.10786104,0.1079,Attack,Attack-TCP-Flag-ACK-PSH
20,20.0,1.0,1702932200.0,20,20.0,0.0,1702932200.0,20,1200,0.0,1702932200.0,20.0,0,0.0,1702932200.0,20.0,0.0,0.0,1702932200.0,20.0,0.0,0.0,1702932200.0,20,0.0,1702932200.0,1702932200.0,20,1,1702932200.0,1702932200.0,20,0,1702932200.0,0.0,20.0,0.0,1702932200.0,0.0,Attack,Attack-TCP-Flag-ACK-PSH
40,0.0,0.5,0.1104,20,0.0,0.0,0.1104,20,0,0.5,0.0,20.0,62599,0.0,0.0,20.0,18.118414,0.0,0.0,20.0,18.118414,0.0,0.0,0,0.0,0.1104,0.0,0,1,0.11038494,0.0,0,1,0.11038494,0.11038494,0.0,0.0,0.11038494,0.1104,Attack,Attack-TCP-Flag-ACK-PSH
40,0.0,0.5,0.1079,20,0.0,0.0,0.1079,20,0,0.5,0.0,20.0,62602,0.0,0.0,20.0,18.536886,0.0,0.0,20.0,18.536886,0.0,0.0,0,0.0,0.1079,0.0,0,1,0.10789299,0.0,0,1,0.10789299,0.10789299,0.0,0.0,0.10789299,0.1079,Attack,Attack-TCP-Flag-ACK-PSH
20,20.0,1.0,1702932200.0,20,20.0,0.0,1702932200.0,20,0,0.0,1702932200.0,20.0,0,0.0,1702932200.0,20.0,0.0,0.0,1702932200.0,20.0,0.0,0.0,1702932200.0,20,0.0,1702932200.0,1702932200.0,20,1,1702932200.0,1702932200.0,20,0,1702932200.0,0.0,20.0,0.0,1702932200.0,0.0,Attack,Attack-TCP-Flag-ACK-PSH
40,0.0,0.5,0.111,20,0.0,0.0,0.111,20,0,0.5,0.0,20.0,62588,0.0,0.0,20.0,18.021414,0.0,0.0,20.0,18.021414,0.0,0.0,0,0.0,0.111,0.0,0,1,0.11097908,0.0,0,1,0.11097908,0.11097908,0.0,0.0,0.11097908,0.111,Attack,Attack-TCP-Flag-ACK-PSH
40,0.0,0.5,0.1071,20,0.0,0.0,0.1071,20,0,0.5,0.0,20.0,62599,0.0,0.0,20.0,18.668234,0.0,0.0,20.0,18.668234,0.0,0.0,0,0.0,0.1071,0.0,0,1,0.107133865,0.0,0,1,0.107133865,0.107133865,0.0,0.0,0.107133865,0.1071,Attack,Attack-TCP-Flag-ACK-PSH
20,20.0,0.0,1702932200.0,20,20.0,1.0,1702932200.0,20,65535,0.0,1702932200.0,20.0,0,0.0,1702932200.0,20.0,0.0,1.0,1702932200.0,20.0,0.0,0.0,1702932200.0,20,0.0,1702932200.0,1702932200.0,20,0,1702932200.0,1702932200.0,20,0,1702932200.0,0.0,20.0,1.0,1702932200.0,0.0,Attack,Attack-TCP-Flag-ACK-PSH
40,0.0,0.5,0.111,20,0.0,0.0,0.111,20,0,0.5,0.0,20.0,62611,0.0,0.0,20.0,18.02126,0.0,0.0,20.0,18.02126,0.0,0.0,0,0.0,0.111,0.0,0,1,0.110980034,0.0,0,1,0.110980034,0.110980034,0.0,0.0,0.110980034,0.111,Attack,Attack-TCP-Flag-ACK-PSH
24,24.0,0.0,1702932200.0,24,24.0,1.0,1702932200.0,24,1025,0.0,1702932200.0,24.0,0,0.0,1702932200.0,24.0,0.0,1.0,1702932200.0,24.0,0.0,0.0,1702932200.0,24,0.0,1702932200.0,1702932200.0,24,0,1702932200.0,1702932200.0,24,0,1702932200.0,0.0,24.0,1.0,1702932200.0,0.0,Attack,Attack-TCP-Flag-ACK-PSH
40,0.0,0.5,0.106,20,0.0,0.0,0.106,20,0,0.5,0.0,20.0,62599,0.0,0.0,20.0,18.861359,0.0,0.0,20.0,18.861359,0.0,0.0,0,0.0,0.106,0.0,0,1,0.1060369,0.0,0,1,0.1060369,0.1060369,0.0,0.0,0.1060369,0.106,Attack,Attack-TCP-Flag-ACK-PSH
20,20.0,1.0,1702932200.0,20,20.0,0.0,1702932200.0,20,1200,0.0,1702932200.0,20.0,0,0.0,1702932200.0,20.0,0.0,0.0,1702932200.0,20.0,0.0,0.0,1702932200.0,20,0.0,1702932200.0,1702932200.0,20,1,1702932200.0,1702932200.0,20,0,1702932200.0,0.0,20.0,0.0,1702932200.0,0.0,Attack,Attack-TCP-Flag-ACK-PSH
40,0.0,0.5,0.1101,20,0.0,0.0,0.1101,20,0,0.5,0.0,20.0,62605,0.0,0.0,20.0,18.164827,0.0,0.0,20.0,18.164827,0.0,0.0,0,0.0,0.1101,0.0,0,1,0.11010289,0.0,0,1,0.11010289,0.11010289,0.0,0.0,0.11010289,0.1101,Attack,Attack-TCP-Flag-ACK-PSH
24,24.0,0.0,1702932200.0,24,24.0,1.0,1702932200.0,24,1025,0.0,1702932200.0,24.0,0,0.0,1702932200.0,24.0,0.0,1.0,1702932200.0,24.0,0.0,0.0,1702932200.0,24,0.0,1702932200.0,1702932200.0,24,0,1702932200.0,1702932200.0,24,0,1702932200.0,0.0,24.0,1.0,1702932200.0,0.0,Attack,Attack-TCP-Flag-ACK-PSH
20,20.0,0.0,1702932200.0,20,20.0,1.0,1702932200.0,20,1024,0.0,1702932200.0,20.0,0,0.0,1702932200.0,20.0,0.0,1.0,1702932200.0,20.0,0.0,0.0,1702932200.0,20,0.0,1702932200.0,1702932200.0,20,0,1702932200.0,1702932200.0,20,0,1702932200.0,0.0,20.0,1.0,1702932200.0,0.0,Attack,Attack-TCP-Flag-ACK-PSH
20,20.0,1.0,1702932200.0,20,20.0,0.0,1702932200.0,20,0,0.0,1702932200.0,20.0,0,0.0,1702932200.0,20.0,0.0,0.0,1702932200.0,20.0,0.0,0.0,1702932200.0,20,0.0,1702932200.0,1702932200.0,20,1,1702932200.0,1702932200.0,20,0,1702932200.0,0.0,20.0,0.0,1702932200.0,0.0,Attack,Attack-TCP-Flag-ACK-PSH
40,0.0,0.5,0.1074,20,0.0,0.0,0.1074,20,0,0.5,0.0,20.0,62608,0.0,0.0,20.0,18.621653,0.0,0.0,20.0,18.621653,0.0,0.0,0,0.0,0.1074,0.0,0,1,0.10740185,0.0,0,1,0.10740185,0.10740185,0.0,0.0,0.10740185,0.1074,Attack,Attack-TCP-Flag-ACK-PSH
20,20.0,1.0,1702932200.0,20,20.0,0.0,1702932200.0,20,1200,0.0,1702932200.0,20.0,0,0.0,1702932200.0,20.0,0.0,0.0,1702932200.0,20.0,0.0,0.0,1702932200.0,20,0.0,1702932200.0,1702932200.0,20,1,1702932200.0,1702932200.0,20,0,1702932200.0,0.0,20.0,0.0,1702932200.0,0.0,Attack,Attack-TCP-Flag-ACK-PSH
40,0.0,0.5,0.1109,20,0.0,0.0,0.1109,20,0,0.5,0.0,20.0,62592,0.0,0.0,20.0,18.040094,0.0,0.0,20.0,18.040094,0.0,0.0,0,0.0,0.1109,0.0,0,1,0.11086416,0.0,0,1,0.11086416,0.11086416,0.0,0.0,0.11086416,0.1109,Attack,Attack-TCP-Flag-ACK-PSH
40,0.0,0.5,0.1081,20,0.0,0.0,0.1081,20,0,0.5,0.0,20.0,62611,0.0,0.0,20.0,18.499521,0.0,0.0,20.0,18.499521,0.0,0.0,0,0.0,0.1081,0.0,0,1,0.108110905,0.0,0,1,0.108110905,0.108110905,0.0,0.0,0.108110905,0.1081,Attack,Attack-TCP-Flag-ACK-PSH
20,20.0,1.0,1702932200.0,20,20.0,0.0,1702932200.0,20,1200,0.0,1702932200.0,20.0,0,0.0,1702932200.0,20.0,0.0,0.0,1702932200.0,20.0,0.0,0.0,1702932200.0,20,0.0,1702932200.0,1702932200.0,20,1,1702932200.0,1702932200.0,20,0,1702932200.0,0.0,20.0,0.0,1702932200.0,0.0,Attack,Attack-TCP-Flag-ACK-PSH
40,0.0,0.5,0.111,20,0.0,0.0,0.111,20,0,0.5,0.0,20.0,62594,0.0,0.0,20.0,18.019634,0.0,0.0,20.0,18.019634,0.0,0.0,0,0.0,0.111,0.0,0,1,0.11099005,0.0,0,1,0.11099005,0.11099005,0.0,0.0,0.11099005,0.111,Attack,Attack-TCP-Flag-ACK-PSH
52,32.0,0.5,0.0117,32,32.0,0.5,0.0117,20,1024,0.5,1702932200.0,26.0,0,0.0,1702932200.0,26.0,171.22054,1.0,1702932200.0,20.0,85.61027,0.0,1702932200.0,32,85.61027,0.0117,1702932200.0,32,1,0.011680841,1702932200.0,32,1,0.011680841,1702932200.0,32.0,0.5,0.011680841,1702932200.0,Attack,Attack-TCP-Flag-ACK-PSH
52,32.0,0.5,1e-04,32,32.0,0.5,1e-04,20,1024,0.5,1702932200.0,26.0,0,0.0,1702932200.0,26.0,20815.404,1.0,1702932200.0,20.0,10407.702,0.0,1702932200.0,32,10407.702,1e-04,1702932200.0,32,1,9.608269e-05,1702932200.0,32,1,9.608269e-05,1702932200.0,32.0,0.5,9.608269e-05,1702932200.0,Attack,Attack-TCP-Flag-ACK-PSH
20,20.0,0.0,1702932200.0,20,20.0,1.0,1702932200.0,20,1024,0.0,1702932200.0,20.0,0,0.0,1702932200.0,20.0,0.0,1.0,1702932200.0,20.0,0.0,0.0,1702932200.0,20,0.0,1702932200.0,1702932200.0,20,0,1702932200.0,1702932200.0,20,0,1702932200.0,0.0,20.0,1.0,1702932200.0,0.0,Attack,Attack-TCP-Flag-ACK-PSH
40,0.0,0.5,0.1078,20,0.0,0.0,0.1078,20,0,0.5,0.0,20.0,62599,0.0,0.0,20.0,18.54668,0.0,0.0,20.0,18.54668,0.0,0.0,0,0.0,0.1078,0.0,0,1,0.10783601,0.0,0,1,0.10783601,0.10783601,0.0,0.0,0.10783601,0.1078,Attack,Attack-TCP-Flag-ACK-PSH
40,40.0,0.0,1702932200.0,40,40.0,1.0,1702932200.0,40,29200,0.0,1702932200.0,40.0,0,0.0,1702932200.0,40.0,0.0,1.0,1702932200.0,40.0,0.0,0.0,1702932200.0,40,0.0,1702932200.0,1702932200.0,40,0,1702932200.0,1702932200.0,40,0,1702932200.0,0.0,40.0,1.0,1702932200.0,0.0,Attack,Attack-TCP-Flag-ACK-PSH
24,24.0,0.0,1702932200.0,24,24.0,1.0,1702932200.0,24,1024,0.0,1702932200.0,24.0,0,0.0,1702932200.0,24.0,0.0,1.0,1702932200.0,24.0,0.0,0.0,1702932200.0,24,0.0,1702932200.0,1702932200.0,24,0,1702932200.0,1702932200.0,24,0,1702932200.0,0.0,24.0,1.0,1702932200.0,0.0,Attack,Attack-TCP-Flag-ACK-PSH
20,20.0,1.0,1702932200.0,20,20.0,0.0,1702932200.0,20,0,0.0,1702932200.0,20.0,0,0.0,1702932200.0,20.0,0.0,0.0,1702932200.0,20.0,0.0,0.0,1702932200.0,20,0.0,1702932200.0,1702932200.0,20,1,1702932200.0,1702932200.0,20,0,1702932200.0,0.0,20.0,0.0,1702932200.0,0.0,Attack,Attack-TCP-Flag-ACK-PSH
40,0.0,0.5,0.1105,20,0.0,0.0,0.1105,20,0,0.5,0.0,20.0,62596,0.0,0.0,20.0,18.103321,0.0,0.0,20.0,18.103321,0.0,0.0,0,0.0,0.1105,0.0,0,1,0.11047697,0.0,0,1,0.11047697,0.11047697,0.0,0.0,0.11047697,0.1105,Attack,Attack-TCP-Flag-ACK-PSH
24,24.0,0.0,1702932200.0,24,24.0,1.0,1702932200.0,24,65535,0.0,1702932200.0,24.0,0,0.0,1702932200.0,24.0,0.0,1.0,1702932200.0,24.0,0.0,0.0,1702932200.0,24,0.0,1702932200.0,1702932200.0,24,0,1702932200.0,1702932200.0,24,0,1702932200.0,0.0,24.0,1.0,1702932200.0,0.0,Attack,Attack-TCP-Flag-ACK-PSH
164,20.0,0.0,3.056,24,20.0,0.14285715,1e-04,20,1024,0.0,1702932200.0,23.4286,62727,0.0,1702932200.0,24.0,0.22262014,1.0,1702932200.0,24.0,0.19081727,0.0,1702932200.0,20,0.031802878,5.2406,1702932200.0,20,0,16.127989,1702932200.0,20,0,8.201599e-05,31.443613,20.0,1.0,31.443695,1.0116,Attack,Attack-TCP-Flag-ACK-PSH
20,20.0,1.0,1702932200.0,20,20.0,0.0,1702932200.0,20,0,0.0,1702932200.0,20.0,0,0.0,1702932200.0,20.0,0.0,0.0,1702932200.0,20.0,0.0,0.0,1702932200.0,20,0.0,1702932200.0,1702932200.0,20,1,1702932200.0,1702932200.0,20,0,1702932200.0,0.0,20.0,0.0,1702932200.0,0.0,Attack,Attack-TCP-Flag-ACK-PSH
40,0.0,0.5,0.1098,20,0.0,0.0,0.1098,20,0,0.5,0.0,20.0,62590,0.0,0.0,20.0,18.209463,0.0,0.0,20.0,18.209463,0.0,0.0,0,0.0,0.1098,0.0,0,1,0.109833,0.0,0,1,0.109833,0.109833,0.0,0.0,0.109833,0.1098,Attack,Attack-TCP-Flag-ACK-PSH
60,40.0,0.5,1e-04,40,40.0,0.5,1e-04,20,64240,0.5,1702932200.0,30.0,0,0.0,1702932200.0,30.0,23237.14,1.0,1702932200.0,20.0,11618.57,0.0,1702932200.0,40,11618.57,1e-04,1702932200.0,40,1,8.606911e-05,1702932200.0,40,1,8.606911e-05,1702932200.0,40.0,0.5,8.606911e-05,1702932200.0,Attack,Attack-TCP-Flag-ACK-PSH
20,20.0,1.0,1702932200.0,20,20.0,0.0,1702932200.0,20,0,0.0,1702932200.0,20.0,0,0.0,1702932200.0,20.0,0.0,0.0,1702932200.0,20.0,0.0,0.0,1702932200.0,20,0.0,1702932200.0,1702932200.0,20,1,1702932200.0,1702932200.0,20,0,1702932200.0,0.0,20.0,0.0,1702932200.0,0.0,Attack,Attack-TCP-Flag-ACK-PSH
40,0.0,0.5,0.1076,20,0.0,0.0,0.1076,20,0,0.5,0.0,20.0,62602,0.0,0.0,20.0,18.57905,0.0,0.0,20.0,18.57905,0.0,0.0,0,0.0,0.1076,0.0,0,1,0.107648134,0.0,0,1,0.107648134,0.107648134,0.0,0.0,0.107648134,0.1076,Attack,Attack-TCP-Flag-ACK-PSH
40,0.0,0.5,0.107,20,0.0,0.0,0.107,20,0,0.5,0.0,20.0,62596,0.0,0.0,20.0,18.686157,0.0,0.0,20.0,18.686157,0.0,0.0,0,0.0,0.107,0.0,0,1,0.10703111,0.0,0,1,0.10703111,0.10703111,0.0,0.0,0.10703111,0.107,Attack,Attack-TCP-Flag-ACK-PSH
20,20.0,1.0,1702932200.0,20,20.0,0.0,1702932200.0,20,0,0.0,1702932200.0,20.0,0,0.0,1702932200.0,20.0,0.0,0.0,1702932200.0,20.0,0.0,0.0,1702932200.0,20,0.0,1702932200.0,1702932200.0,20,1,1702932200.0,1702932200.0,20,0,1702932200.0,0.0,20.0,0.0,1702932200.0,0.0,Attack,Attack-TCP-Flag-ACK-PSH
40,0.0,0.5,0.1108,20,0.0,0.0,0.1108,20,0,0.5,0.0,20.0,62605,0.0,0.0,20.0,18.050537,0.0,0.0,20.0,18.050537,0.0,0.0,0,0.0,0.1108,0.0,0,1,0.11080003,0.0,0,1,0.11080003,0.11080003,0.0,0.0,0.11080003,0.1108,Attack,Attack-TCP-Flag-ACK-PSH
60,40.0,0.5,1e-04,40,40.0,0.5,1e-04,20,64240,0.5,1702932200.0,30.0,0,0.0,1702932200.0,30.0,18893.262,1.0,1702932200.0,20.0,9446.631,0.0,1702932200.0,40,9446.631,1e-04,1702932200.0,40,1,0.00010585785,1702932200.0,40,1,0.00010585785,1702932200.0,40.0,0.5,0.00010585785,1702932200.0,Attack,Attack-TCP-Flag-ACK-PSH
20,20.0,0.0,1702932200.0,20,20.0,1.0,1702932200.0,20,65535,0.0,1702932200.0,20.0,0,0.0,1702932200.0,20.0,0.0,1.0,1702932200.0,20.0,0.0,0.0,1702932200.0,20,0.0,1702932200.0,1702932200.0,20,0,1702932200.0,1702932200.0,20,0,1702932200.0,0.0,20.0,1.0,1702932200.0,0.0,Attack,Attack-TCP-Flag-ACK-PSH
40,0.0,0.5,0.1071,20,0.0,0.0,0.1071,20,0,0.5,0.0,20.0,62596,0.0,0.0,20.0,18.678833,0.0,0.0,20.0,18.678833,0.0,0.0,0,0.0,0.1071,0.0,0,1,0.10707307,0.0,0,1,0.10707307,0.10707307,0.0,0.0,0.10707307,0.1071,Attack,Attack-TCP-Flag-ACK-PSH
20,20.0,0.0,1702932200.0,20,20.0,0.0,1702932200.0,20,1023,0.0,1702932200.0,20.0,0,0.0,1702932200.0,20.0,0.0,0.0,1702932200.0,20.0,0.0,0.0,1702932200.0,20,0.0,1702932200.0,1702932200.0,20,0,1702932200.0,1702932200.0,20,0,1702932200.0,0.0,20.0,0.0,1702932200.0,0.0,Attack,Attack-TCP-Flag-ACK-PSH
40,0.0,0.5,0.1117,20,0.0,0.0,0.1117,20,0,0.5,0.0,20.0,62608,0.0,0.0,20.0,17.901579,0.0,0.0,20.0,17.901579,0.0,0.0,0,0.0,0.1117,0.0,0,1,0.11172199,0.0,0,1,0.11172199,0.11172199,0.0,0.0,0.11172199,0.1117,Attack,Attack-TCP-Flag-ACK-PSH
20,20.0,1.0,1702932200.0,20,20.0,0.0,1702932200.0,20,0,0.0,1702932200.0,20.0,0,0.0,1702932200.0,20.0,0.0,0.0,1702932200.0,20.0,0.0,0.0,1702932200.0,20,0.0,1702932200.0,1702932200.0,20,1,1702932200.0,1702932200.0,20,0,1702932200.0,0.0,20.0,0.0,1702932200.0,0.0,Attack,Attack-TCP-Flag-ACK-PSH
20,20.0,1.0,1702932200.0,20,20.0,0.0,1702932200.0,20,1200,0.0,1702932200.0,20.0,0,0.0,1702932200.0,20.0,0.0,0.0,1702932200.0,20.0,0.0,0.0,1702932200.0,20,0.0,1702932200.0,1702932200.0,20,1,1702932200.0,1702932200.0,20,0,1702932200.0,0.0,20.0,0.0,1702932200.0,0.0,Attack,Attack-TCP-Flag-ACK-PSH
40,20.0,0.5,1e-04,20,20.0,0.5,1e-04,20,1024,0.5,1702932200.0,20.0,0,0.0,1702932200.0,20.0,21076.904,1.0,1702932200.0,20.0,10538.452,0.0,1702932200.0,20,10538.452,1e-04,1702932200.0,20,1,9.4890594e-05,1702932200.0,20,1,9.4890594e-05,1702932200.0,20.0,0.5,9.4890594e-05,1702932200.0,Attack,Attack-TCP-Flag-ACK-PSH
40,20.0,0.0,0.0005,20,20.0,0.0,0.0005,20,1023,0.0,1702932200.0,20.0,267,0.0,1702932200.0,20.0,3921.743,0.0,1702932200.0,20.0,1960.8715,0.0,1702932200.0,20,1960.8715,0.0005,1702932200.0,20,0,0.00050997734,1702932200.0,20,0,0.00050997734,1702932200.0,20.0,0.0,0.00050997734,1702932200.0,Attack,Attack-TCP-Flag-ACK-PSH
40,20.0,0.0,0.0004,20,20.0,0.0,0.0004,20,1023,0.0,1702932200.0,20.0,267,0.0,1702932200.0,20.0,4914.24,0.0,1702932200.0,20.0,2457.12,0.0,1702932200.0,20,2457.12,0.0004,1702932200.0,20,0,0.0004069805,1702932200.0,20,0,0.0004069805,1702932200.0,20.0,0.0,0.0004069805,1702932200.0,Attack,Attack-TCP-Flag-ACK-PSH
20,20.0,1.0,1702932200.0,20,20.0,0.0,1702932200.0,20,0,0.0,1702932200.0,20.0,0,0.0,1702932200.0,20.0,0.0,0.0,1702932200.0,20.0,0.0,0.0,1702932200.0,20,0.0,1702932200.0,1702932200.0,20,1,1702932200.0,1702932200.0,20,0,1702932200.0,0.0,20.0,0.0,1702932200.0,0.0,Attack,Attack-TCP-Flag-ACK-PSH
40,0.0,0.5,0.11,20,0.0,0.0,0.11,20,0,0.5,0.0,20.0,62596,0.0,0.0,20.0,18.189562,0.0,0.0,20.0,18.189562,0.0,0.0,0,0.0,0.11,0.0,0,1,0.109953165,0.0,0,1,0.109953165,0.109953165,0.0,0.0,0.109953165,0.11,Attack,Attack-TCP-Flag-ACK-PSH
40,20.0,0.5,1e-04,20,20.0,0.5,1e-04,20,1024,0.5,1702932200.0,20.0,0,0.0,1702932200.0,20.0,25343.227,1.0,1702932200.0,20.0,12671.613,0.0,1702932200.0,20,12671.613,1e-04,1702932200.0,20,1,7.891655e-05,1702932200.0,20,1,7.891655e-05,1702932200.0,20.0,0.5,7.891655e-05,1702932200.0,Attack,Attack-TCP-Flag-ACK-PSH
20,20.0,1.0,1702932200.0,20,20.0,0.0,1702932200.0,20,0,0.0,1702932200.0,20.0,0,0.0,1702932200.0,20.0,0.0,0.0,1702932200.0,20.0,0.0,0.0,1702932200.0,20,0.0,1702932200.0,1702932200.0,20,1,1702932200.0,1702932200.0,20,0,1702932200.0,0.0,20.0,0.0,1702932200.0,0.0,Attack,Attack-TCP-Flag-ACK-PSH
40,0.0,0.5,0.1085,20,0.0,0.0,0.1085,20,0,0.5,0.0,20.0,62611,0.0,0.0,20.0,18.43642,0.0,0.0,20.0,18.43642,0.0,0.0,0,0.0,0.1085,0.0,0,1,0.10848093,0.0,0,1,0.10848093,0.10848093,0.0,0.0,0.10848093,0.1085,Attack,Attack-TCP-Flag-ACK-PSH
24,24.0,0.0,1702932200.0,24,24.0,1.0,1702932200.0,24,1025,0.0,1702932200.0,24.0,0,0.0,1702932200.0,24.0,0.0,1.0,1702932200.0,24.0,0.0,0.0,1702932200.0,24,0.0,1702932200.0,1702932200.0,24,0,1702932200.0,1702932200.0,24,0,1702932200.0,0.0,24.0,1.0,1702932200.0,0.0,Attack,Attack-TCP-Flag-ACK-PSH
40,0.0,0.5,0.111,20,0.0,0.0,0.111,20,0,0.5,0.0,20.0,62602,0.0,0.0,20.0,18.018007,0.0,0.0,20.0,18.018007,0.0,0.0,0,0.0,0.111,0.0,0,1,0.11100006,0.0,0,1,0.11100006,0.11100006,0.0,0.0,0.11100006,0.111,Attack,Attack-TCP-Flag-ACK-PSH
20,20.0,1.0,1702932200.0,20,20.0,0.0,1702932200.0,20,0,0.0,1702932200.0,20.0,0,0.0,1702932200.0,20.0,0.0,0.0,1702932200.0,20.0,0.0,0.0,1702932200.0,20,0.0,1702932200.0,1702932200.0,20,1,1702932200.0,1702932200.0,20,0,1702932200.0,0.0,20.0,0.0,1702932200.0,0.0,Attack,Attack-TCP-Flag-ACK-PSH
60,20.0,0.0,0.1107,20,20.0,0.0,1e-04,20,278,0.0,1702932200.0,20.0,278,0.0,1702932200.0,20.0,13.550864,0.0,1702932200.0,20.0,9.033909,0.0,1702932200.0,20,4.5169544,0.1107,1702932200.0,20,0,0.2212789,1702932200.0,20,0,0.00010919571,0.2213881,20.0,0.0,0.2213881,0.2214,Attack,Attack-TCP-Flag-ACK-PSH
20,20.0,0.0,1702932200.0,20,20.0,1.0,1702932200.0,20,65535,0.0,1702932200.0,20.0,0,0.0,1702932200.0,20.0,0.0,1.0,1702932200.0,20.0,0.0,0.0,1702932200.0,20,0.0,1702932200.0,1702932200.0,20,0,1702932200.0,1702932200.0,20,0,1702932200.0,0.0,20.0,1.0,1702932200.0,0.0,Attack,Attack-TCP-Flag-ACK-PSH
20,20.0,0.0,1702932200.0,20,20.0,0.0,1702932200.0,20,1021,0.0,1702932200.0,20.0,0,0.0,1702932200.0,20.0,0.0,0.0,1702932200.0,20.0,0.0,0.0,1702932200.0,20,0.0,1702932200.0,1702932200.0,20,0,1702932200.0,1702932200.0,20,0,1702932200.0,0.0,20.0,0.0,1702932200.0,0.0,Attack,Attack-TCP-Flag-ACK-PSH
40,0.0,0.5,0.1078,20,0.0,0.0,0.1078,20,0,0.5,0.0,20.0,62594,0.0,0.0,20.0,18.54668,0.0,0.0,20.0,18.54668,0.0,0.0,0,0.0,0.1078,0.0,0,1,0.10783601,0.0,0,1,0.10783601,0.10783601,0.0,0.0,0.10783601,0.1078,Attack,Attack-TCP-Flag-ACK-PSH
40,0.0,0.5,0.1108,20,0.0,0.0,0.1108,20,0,0.5,0.0,20.0,62592,0.0,0.0,20.0,18.050226,0.0,0.0,20.0,18.050226,0.0,0.0,0,0.0,0.1108,0.0,0,1,0.110801935,0.0,0,1,0.110801935,0.110801935,0.0,0.0,0.110801935,0.1108,Attack,Attack-TCP-Flag-ACK-PSH
20,20.0,1.0,1702932200.0,20,20.0,0.0,1702932200.0,20,0,0.0,1702932200.0,20.0,0,0.0,1702932200.0,20.0,0.0,0.0,1702932200.0,20.0,0.0,0.0,1702932200.0,20,0.0,1702932200.0,1702932200.0,20,1,1702932200.0,1702932200.0,20,0,1702932200.0,0.0,20.0,0.0,1702932200.0,0.0,Attack,Attack-TCP-Flag-ACK-PSH
40,0.0,0.5,0.1093,20,0.0,0.0,0.1093,20,0,0.5,0.0,20.0,62588,0.0,0.0,20.0,18.305147,0.0,0.0,20.0,18.305147,0.0,0.0,0,0.0,0.1093,0.0,0,1,0.10925889,0.0,0,1,0.10925889,0.10925889,0.0,0.0,0.10925889,0.1093,Attack,Attack-TCP-Flag-ACK-PSH
40,0.0,0.5,0.1079,20,0.0,0.0,0.1079,20,0,0.5,0.0,20.0,62608,0.0,0.0,20.0,18.541187,0.0,0.0,20.0,18.541187,0.0,0.0,0,0.0,0.1079,0.0,0,1,0.107867956,0.0,0,1,0.107867956,0.107867956,0.0,0.0,0.107867956,0.1079,Attack,Attack-TCP-Flag-ACK-PSH
20,20.0,1.0,1702932200.0,20,20.0,0.0,1702932200.0,20,0,0.0,1702932200.0,20.0,0,0.0,1702932200.0,20.0,0.0,0.0,1702932200.0,20.0,0.0,0.0,1702932200.0,20,0.0,1702932200.0,1702932200.0,20,1,1702932200.0,1702932200.0,20,0,1702932200.0,0.0,20.0,0.0,1702932200.0,0.0,Attack,Attack-TCP-Flag-ACK-PSH
24,24.0,0.0,1702932200.0,24,24.0,1.0,1702932200.0,24,1025,0.0,1702932200.0,24.0,0,0.0,1702932200.0,24.0,0.0,1.0,1702932200.0,24.0,0.0,0.0,1702932200.0,24,0.0,1702932200.0,1702932200.0,24,0,1702932200.0,1702932200.0,24,0,1702932200.0,0.0,24.0,1.0,1702932200.0,0.0,Attack,Attack-TCP-Flag-ACK-PSH
20,20.0,1.0,1702932200.0,20,20.0,0.0,1702932200.0,20,0,0.0,1702932200.0,20.0,0,0.0,1702932200.0,20.0,0.0,0.0,1702932200.0,20.0,0.0,0.0,1702932200.0,20,0.0,1702932200.0,1702932200.0,20,1,1702932200.0,1702932200.0,20,0,1702932200.0,0.0,20.0,0.0,1702932200.0,0.0,Attack,Attack-TCP-Flag-ACK-PSH
20,20.0,1.0,1702932200.0,20,20.0,0.0,1702932200.0,20,0,0.0,1702932200.0,20.0,0,0.0,1702932200.0,20.0,0.0,0.0,1702932200.0,20.0,0.0,0.0,1702932200.0,20,0.0,1702932200.0,1702932200.0,20,1,1702932200.0,1702932200.0,20,0,1702932200.0,0.0,20.0,0.0,1702932200.0,0.0,Attack,Attack-TCP-Flag-ACK-PSH
20,20.0,1.0,1702932200.0,20,20.0,0.0,1702932200.0,20,0,0.0,1702932200.0,20.0,0,0.0,1702932200.0,20.0,0.0,0.0,1702932200.0,20.0,0.0,0.0,1702932200.0,20,0.0,1702932200.0,1702932200.0,20,1,1702932200.0,1702932200.0,20,0,1702932200.0,0.0,20.0,0.0,1702932200.0,0.0,Attack,Attack-TCP-Flag-ACK-PSH
20,20.0,1.0,1702932200.0,20,20.0,0.0,1702932200.0,20,0,0.0,1702932200.0,20.0,0,0.0,1702932200.0,20.0,0.0,0.0,1702932200.0,20.0,0.0,0.0,1702932200.0,20,0.0,1702932200.0,1702932200.0,20,1,1702932200.0,1702932200.0,20,0,1702932200.0,0.0,20.0,0.0,1702932200.0,0.0,Attack,Attack-TCP-Flag-ACK-PSH
24,24.0,0.0,1702932200.0,24,24.0,1.0,1702932200.0,24,65535,0.0,1702932200.0,24.0,0,0.0,1702932200.0,24.0,0.0,1.0,1702932200.0,24.0,0.0,0.0,1702932200.0,24,0.0,1702932200.0,1702932200.0,24,0,1702932200.0,1702932200.0,24,0,1702932200.0,0.0,24.0,1.0,1702932200.0,0.0,Attack,Attack-TCP-Flag-ACK-PSH
40,0.0,0.5,0.111,20,0.0,0.0,0.111,20,0,0.5,0.0,20.0,62599,0.0,0.0,20.0,18.016228,0.0,0.0,20.0,18.016228,0.0,0.0,0,0.0,0.111,0.0,0,1,0.11101103,0.0,0,1,0.11101103,0.11101103,0.0,0.0,0.11101103,0.111,Attack,Attack-TCP-Flag-ACK-PSH
20,20.0,1.0,1702932200.0,20,20.0,0.0,1702932200.0,20,0,0.0,1702932200.0,20.0,0,0.0,1702932200.0,20.0,0.0,0.0,1702932200.0,20.0,0.0,0.0,1702932200.0,20,0.0,1702932200.0,1702932200.0,20,1,1702932200.0,1702932200.0,20,0,1702932200.0,0.0,20.0,0.0,1702932200.0,0.0,Attack,Attack-TCP-Flag-ACK-PSH
40,0.0,0.5,0.1103,20,0.0,0.0,0.1103,20,0,0.5,0.0,20.0,62599,0.0,0.0,20.0,18.131845,0.0,0.0,20.0,18.131845,0.0,0.0,0,0.0,0.1103,0.0,0,1,0.11030316,0.0,0,1,0.11030316,0.11030316,0.0,0.0,0.11030316,0.1103,Attack,Attack-TCP-Flag-ACK-PSH
40,0.0,0.5,0.1079,20,0.0,0.0,0.1079,20,0,0.5,0.0,20.0,62599,0.0,0.0,20.0,18.543442,0.0,0.0,20.0,18.543442,0.0,0.0,0,0.0,0.1079,0.0,0,1,0.10785484,0.0,0,1,0.10785484,0.10785484,0.0,0.0,0.10785484,0.1079,Attack,Attack-TCP-Flag-ACK-PSH
40,0.0,0.5,0.1095,20,0.0,0.0,0.1095,20,0,0.5,0.0,20.0,62605,0.0,0.0,20.0,18.2635,0.0,0.0,20.0,18.2635,0.0,0.0,0,0.0,0.1095,0.0,0,1,0.10950804,0.0,0,1,0.10950804,0.10950804,0.0,0.0,0.10950804,0.1095,Attack,Attack-TCP-Flag-ACK-PSH
20,20.0,1.0,1702932200.0,20,20.0,0.0,1702932200.0,20,0,0.0,1702932200.0,20.0,0,0.0,1702932200.0,20.0,0.0,0.0,1702932200.0,20.0,0.0,0.0,1702932200.0,20,0.0,1702932200.0,1702932200.0,20,1,1702932200.0,1702932200.0,20,0,1702932200.0,0.0,20.0,0.0,1702932200.0,0.0,Attack,Attack-TCP-Flag-ACK-PSH
40,0.0,0.5,0.1108,20,0.0,0.0,0.1108,20,0,0.5,0.0,20.0,62605,0.0,0.0,20.0,18.047276,0.0,0.0,20.0,18.047276,0.0,0.0,0,0.0,0.1108,0.0,0,1,0.110820055,0.0,0,1,0.110820055,0.110820055,0.0,0.0,0.110820055,0.1108,Attack,Attack-TCP-Flag-ACK-PSH
40,0.0,0.5,0.1109,20,0.0,0.0,0.1109,20,0,0.5,0.0,20.0,62599,0.0,0.0,20.0,18.033619,0.0,0.0,20.0,18.033619,0.0,0.0,0,0.0,0.1109,0.0,0,1,0.11090398,0.0,0,1,0.11090398,0.11090398,0.0,0.0,0.11090398,0.1109,Attack,Attack-TCP-Flag-ACK-PSH
40,0.0,0.5,0.1078,20,0.0,0.0,0.1078,20,0,0.5,0.0,20.0,62602,0.0,0.0,20.0,18.55304,0.0,0.0,20.0,18.55304,0.0,0.0,0,0.0,0.1078,0.0,0,1,0.10779905,0.0,0,1,0.10779905,0.10779905,0.0,0.0,0.10779905,0.1078,Attack,Attack-TCP-Flag-ACK-PSH
24,24.0,0.0,1702932200.0,24,24.0,1.0,1702932200.0,24,1025,0.0,1702932200.0,24.0,0,0.0,1702932200.0,24.0,0.0,1.0,1702932200.0,24.0,0.0,0.0,1702932200.0,24,0.0,1702932200.0,1702932200.0,24,0,1702932200.0,1702932200.0,24,0,1702932200.0,0.0,24.0,1.0,1702932200.0,0.0,Attack,Attack-TCP-Flag-ACK-PSH
20,20.0,1.0,1702932200.0,20,20.0,0.0,1702932200.0,20,0,0.0,1702932200.0,20.0,0,0.0,1702932200.0,20.0,0.0,0.0,1702932200.0,20.0,0.0,0.0,1702932200.0,20,0.0,1702932200.0,1702932200.0,20,1,1702932200.0,1702932200.0,20,0,1702932200.0,0.0,20.0,0.0,1702932200.0,0.0,Attack,Attack-TCP-Flag-ACK-PSH
24,24.0,0.0,1702932200.0,24,24.0,1.0,1702932200.0,24,1025,0.0,1702932200.0,24.0,0,0.0,1702932200.0,24.0,0.0,1.0,1702932200.0,24.0,0.0,0.0,1702932200.0,24,0.0,1702932200.0,1702932200.0,24,0,1702932200.0,1702932200.0,24,0,1702932200.0,0.0,24.0,1.0,1702932200.0,0.0,Attack,Attack-TCP-Flag-ACK-PSH
40,0.0,0.5,0.1078,20,0.0,0.0,0.1078,20,0,0.5,0.0,20.0,62586,0.0,0.0,20.0,18.549265,0.0,0.0,20.0,18.549265,0.0,0.0,0,0.0,0.1078,0.0,0,1,0.10782099,0.0,0,1,0.10782099,0.10782099,0.0,0.0,0.10782099,0.1078,Attack,Attack-TCP-Flag-ACK-PSH
40,0.0,0.5,0.1092,20,0.0,0.0,0.1092,20,0,0.5,0.0,20.0,62599,0.0,0.0,20.0,18.316338,0.0,0.0,20.0,18.316338,0.0,0.0,0,0.0,0.1092,0.0,0,1,0.10919213,0.0,0,1,0.10919213,0.10919213,0.0,0.0,0.10919213,0.1092,Attack,Attack-TCP-Flag-ACK-PSH
20,20.0,1.0,1702932200.0,20,20.0,0.0,1702932200.0,20,0,0.0,1702932200.0,20.0,0,0.0,1702932200.0,20.0,0.0,0.0,1702932200.0,20.0,0.0,0.0,1702932200.0,20,0.0,1702932200.0,1702932200.0,20,1,1702932200.0,1702932200.0,20,0,1702932200.0,0.0,20.0,0.0,1702932200.0,0.0,Attack,Attack-TCP-Flag-ACK-PSH
52,32.0,0.5,1e-04,32,32.0,0.5,1e-04,20,1024,0.5,1702932200.0,26.0,0,0.0,1702932200.0,26.0,22489.566,1.0,1702932200.0,20.0,11244.783,0.0,1702932200.0,32,11244.783,1e-04,1702932200.0,32,1,8.893013e-05,1702932200.0,32,1,8.893013e-05,1702932200.0,32.0,0.5,8.893013e-05,1702932200.0,Attack,Attack-TCP-Flag-ACK-PSH
40,0.0,0.5,0.1081,20,0.0,0.0,0.1081,20,0,0.5,0.0,20.0,62611,0.0,0.0,20.0,18.507359,0.0,0.0,20.0,18.507359,0.0,0.0,0,0.0,0.1081,0.0,0,1,0.10806513,0.0,0,1,0.10806513,0.10806513,0.0,0.0,0.10806513,0.1081,Attack,Attack-TCP-Flag-ACK-PSH
20,20.0,1.0,1702932200.0,20,20.0,0.0,1702932200.0,20,0,0.0,1702932200.0,20.0,0,0.0,1702932200.0,20.0,0.0,0.0,1702932200.0,20.0,0.0,0.0,1702932200.0,20,0.0,1702932200.0,1702932200.0,20,1,1702932200.0,1702932200.0,20,0,1702932200.0,0.0,20.0,0.0,1702932200.0,0.0,Attack,Attack-TCP-Flag-ACK-PSH
20,20.0,1.0,1702932200.0,20,20.0,0.0,1702932200.0,20,0,0.0,1702932200.0,20.0,0,0.0,1702932200.0,20.0,0.0,0.0,1702932200.0,20.0,0.0,0.0,1702932200.0,20,0.0,1702932200.0,1702932200.0,20,1,1702932200.0,1702932200.0,20,0,1702932200.0,0.0,20.0,0.0,1702932200.0,0.0,Attack,Attack-TCP-Flag-ACK-PSH
40,0.0,0.5,0.11,20,0.0,0.0,0.11,20,0,0.5,0.0,20.0,62599,0.0,0.0,20.0,18.178999,0.0,0.0,20.0,18.178999,0.0,0.0,0,0.0,0.11,0.0,0,1,0.11001706,0.0,0,1,0.11001706,0.11001706,0.0,0.0,0.11001706,0.11,Attack,Attack-TCP-Flag-ACK-PSH
40,0.0,0.5,0.1108,20,0.0,0.0,0.1108,20,0,0.5,0.0,20.0,62605,0.0,0.0,20.0,18.043083,0.0,0.0,20.0,18.043083,0.0,0.0,0,0.0,0.1108,0.0,0,1,0.110845804,0.0,0,1,0.110845804,0.110845804,0.0,0.0,0.110845804,0.1108,Attack,Attack-TCP-Flag-ACK-PSH
20,20.0,1.0,1702932200.0,20,20.0,0.0,1702932200.0,20,0,0.0,1702932200.0,20.0,0,0.0,1702932200.0,20.0,0.0,0.0,1702932200.0,20.0,0.0,0.0,1702932200.0,20,0.0,1702932200.0,1702932200.0,20,1,1702932200.0,1702932200.0,20,0,1702932200.0,0.0,20.0,0.0,1702932200.0,0.0,Attack,Attack-TCP-Flag-ACK-PSH
40,20.0,0.5,1e-04,20,20.0,0.5,1e-04,20,1024,0.5,1702932200.0,20.0,0,0.0,1702932200.0,20.0,19239.926,1.0,1702932200.0,20.0,9619.963,0.0,1702932200.0,20,9619.963,1e-04,1702932200.0,20,1,0.0001039505,1702932200.0,20,1,0.0001039505,1702932200.0,20.0,0.5,0.0001039505,1702932200.0,Attack,Attack-TCP-Flag-ACK-PSH
40,0.0,0.5,0.1108,20,0.0,0.0,0.1108,20,0,0.5,0.0,20.0,62602,0.0,0.0,20.0,18.051857,0.0,0.0,20.0,18.051857,0.0,0.0,0,0.0,0.1108,0.0,0,1,0.11079192,0.0,0,1,0.11079192,0.11079192,0.0,0.0,0.11079192,0.1108,Attack,Attack-TCP-Flag-ACK-PSH
40,20.0,0.5,1e-04,20,20.0,0.5,1e-04,20,65535,0.5,1702932200.0,20.0,0,0.0,1702932200.0,20.0,21076.904,1.0,1702932200.0,20.0,10538.452,0.0,1702932200.0,20,10538.452,1e-04,1702932200.0,20,1,9.4890594e-05,1702932200.0,20,1,9.4890594e-05,1702932200.0,20.0,0.5,9.4890594e-05,1702932200.0,Attack,Attack-TCP-Flag-ACK-PSH
40,0.0,0.5,0.111,20,0.0,0.0,0.111,20,0,0.5,0.0,20.0,62605,0.0,0.0,20.0,18.021608,0.0,0.0,20.0,18.021608,0.0,0.0,0,0.0,0.111,0.0,0,1,0.11097789,0.0,0,1,0.11097789,0.11097789,0.0,0.0,0.11097789,0.111,Attack,Attack-TCP-Flag-ACK-PSH
40,0.0,0.5,0.1109,20,0.0,0.0,0.1109,20,0,0.5,0.0,20.0,62605,0.0,0.0,20.0,18.030014,0.0,0.0,20.0,18.030014,0.0,0.0,0,0.0,0.1109,0.0,0,1,0.11092615,0.0,0,1,0.11092615,0.11092615,0.0,0.0,0.11092615,0.1109,Attack,Attack-TCP-Flag-ACK-PSH
24,24.0,0.0,1702932200.0,24,24.0,1.0,1702932200.0,24,65535,0.0,1702932200.0,24.0,0,0.0,1702932200.0,24.0,0.0,1.0,1702932200.0,24.0,0.0,0.0,1702932200.0,24,0.0,1702932200.0,1702932200.0,24,0,1702932200.0,1702932200.0,24,0,1702932200.0,0.0,24.0,1.0,1702932200.0,0.0,Attack,Attack-TCP-Flag-ACK-PSH
40,0.0,0.5,0.1081,20,0.0,0.0,0.1081,20,0,0.5,0.0,20.0,62599,0.0,0.0,20.0,18.49793,0.0,0.0,20.0,18.49793,0.0,0.0,0,0.0,0.1081,0.0,0,1,0.1081202,0.0,0,1,0.1081202,0.1081202,0.0,0.0,0.1081202,0.1081,Attack,Attack-TCP-Flag-ACK-PSH
40,20.0,0.5,1e-04,20,20.0,0.5,1e-04,20,1024,0.5,1702932200.0,20.0,0,0.0,1702932200.0,20.0,22192.084,1.0,1702932200.0,20.0,11096.042,0.0,1702932200.0,20,11096.042,1e-04,1702932200.0,20,1,9.012222e-05,1702932200.0,20,1,9.012222e-05,1702932200.0,20.0,0.5,9.012222e-05,1702932200.0,Attack,Attack-TCP-Flag-ACK-PSH
20,20.0,1.0,1702932200.0,20,20.0,0.0,1702932200.0,20,0,0.0,1702932200.0,20.0,0,0.0,1702932200.0,20.0,0.0,0.0,1702932200.0,20.0,0.0,0.0,1702932200.0,20,0.0,1702932200.0,1702932200.0,20,1,1702932200.0,1702932200.0,20,0,1702932200.0,0.0,20.0,0.0,1702932200.0,0.0,Attack,Attack-TCP-Flag-ACK-PSH
52,32.0,0.5,1e-04,32,32.0,0.5,1e-04,20,1024,0.5,1702932200.0,26.0,0,0.0,1702932200.0,26.0,24966.096,1.0,1702932200.0,20.0,12483.048,0.0,1702932200.0,32,12483.048,1e-04,1702932200.0,32,1,8.010864e-05,1702932200.0,32,1,8.010864e-05,1702932200.0,32.0,0.5,8.010864e-05,1702932200.0,Attack,Attack-TCP-Flag-ACK-PSH
24,24.0,0.0,1702932200.0,24,24.0,1.0,1702932200.0,24,65535,0.0,1702932200.0,24.0,0,0.0,1702932200.0,24.0,0.0,1.0,1702932200.0,24.0,0.0,0.0,1702932200.0,24,0.0,1702932200.0,1702932200.0,24,0,1702932200.0,1702932200.0,24,0,1702932200.0,0.0,24.0,1.0,1702932200.0,0.0,Attack,Attack-TCP-Flag-ACK-PSH
20,20.0,1.0,1702932200.0,20,20.0,0.0,1702932200.0,20,1200,0.0,1702932200.0,20.0,0,0.0,1702932200.0,20.0,0.0,0.0,1702932200.0,20.0,0.0,0.0,1702932200.0,20,0.0,1702932200.0,1702932200.0,20,1,1702932200.0,1702932200.0,20,0,1702932200.0,0.0,20.0,0.0,1702932200.0,0.0,Attack,Attack-TCP-Flag-ACK-PSH
40,0.0,0.5,0.1069,20,0.0,0.0,0.1069,20,0,0.5,0.0,20.0,62602,0.0,0.0,20.0,18.708702,0.0,0.0,20.0,18.708702,0.0,0.0,0,0.0,0.1069,0.0,0,1,0.10690212,0.0,0,1,0.10690212,0.10690212,0.0,0.0,0.10690212,0.1069,Attack,Attack-TCP-Flag-ACK-PSH
20,20.0,1.0,1702932200.0,20,20.0,0.0,1702932200.0,20,0,0.0,1702932200.0,20.0,0,0.0,1702932200.0,20.0,0.0,0.0,1702932200.0,20.0,0.0,0.0,1702932200.0,20,0.0,1702932200.0,1702932200.0,20,1,1702932200.0,1702932200.0,20,0,1702932200.0,0.0,20.0,0.0,1702932200.0,0.0,Attack,Attack-TCP-Flag-ACK-PSH
20,20.0,1.0,1702932200.0,20,20.0,0.0,1702932200.0,20,0,0.0,1702932200.0,20.0,0,0.0,1702932200.0,20.0,0.0,0.0,1702932200.0,20.0,0.0,0.0,1702932200.0,20,0.0,1702932200.0,1702932200.0,20,1,1702932200.0,1702932200.0,20,0,1702932200.0,0.0,20.0,0.0,1702932200.0,0.0,Attack,Attack-TCP-Flag-ACK-PSH
40,0.0,0.5,0.1066,20,0.0,0.0,0.1066,20,0,0.5,0.0,20.0,62596,0.0,0.0,20.0,18.759075,0.0,0.0,20.0,18.759075,0.0,0.0,0,0.0,0.1066,0.0,0,1,0.10661507,0.0,0,1,0.10661507,0.10661507,0.0,0.0,0.10661507,0.1066,Attack,Attack-TCP-Flag-ACK-PSH
40,0.0,0.5,0.1069,20,0.0,0.0,0.1069,20,0,0.5,0.0,20.0,62605,0.0,0.0,20.0,18.700653,0.0,0.0,20.0,18.700653,0.0,0.0,0,0.0,0.1069,0.0,0,1,0.10694814,0.0,0,1,0.10694814,0.10694814,0.0,0.0,0.10694814,0.1069,Attack,Attack-TCP-Flag-ACK-PSH
40,0.0,0.5,0.1082,20,0.0,0.0,0.1082,20,0,0.5,0.0,20.0,62599,0.0,0.0,20.0,18.486313,0.0,0.0,20.0,18.486313,0.0,0.0,0,0.0,0.1082,0.0,0,1,0.10818815,0.0,0,1,0.10818815,0.10818815,0.0,0.0,0.10818815,0.1082,Attack,Attack-TCP-Flag-ACK-PSH
20,20.0,1.0,1702932200.0,20,20.0,0.0,1702932200.0,20,0,0.0,1702932200.0,20.0,0,0.0,1702932200.0,20.0,0.0,0.0,1702932200.0,20.0,0.0,0.0,1702932200.0,20,0.0,1702932200.0,1702932200.0,20,1,1702932200.0,1702932200.0,20,0,1702932200.0,0.0,20.0,0.0,1702932200.0,0.0,Attack,Attack-TCP-Flag-ACK-PSH
24,24.0,0.0,1702932200.0,24,24.0,1.0,1702932200.0,24,1025,0.0,1702932200.0,24.0,0,0.0,1702932200.0,24.0,0.0,1.0,1702932200.0,24.0,0.0,0.0,1702932200.0,24,0.0,1702932200.0,1702932200.0,24,0,1702932200.0,1702932200.0,24,0,1702932200.0,0.0,24.0,1.0,1702932200.0,0.0,Attack,Attack-TCP-Flag-ACK-PSH
20,20.0,1.0,1702932400.0,20,20.0,0.0,1702932400.0,20,0,0.0,1702932400.0,20.0,0,0.0,1702932400.0,20.0,0.0,0.0,1702932400.0,20.0,0.0,0.0,1702932400.0,20,0.0,1702932400.0,1702932400.0,20,1,1702932400.0,1702932400.0,20,0,1702932400.0,0.0,20.0,0.0,1702932400.0,0.0,Attack,Attack-TCP-Flag-ACK-PSH
24,24.0,0.0,1702932400.0,24,24.0,1.0,1702932400.0,24,1025,0.0,1702932400.0,24.0,0,0.0,1702932400.0,24.0,0.0,1.0,1702932400.0,24.0,0.0,0.0,1702932400.0,24,0.0,1702932400.0,1702932400.0,24,0,1702932400.0,1702932400.0,24,0,1702932400.0,0.0,24.0,1.0,1702932400.0,0.0,Attack,Attack-TCP-Flag-ACK-PSH
40,0.0,0.5,0.1085,20,0.0,0.0,0.1085,20,0,0.5,0.0,20.0,64000,0.0,0.0,20.0,18.430628,0.0,0.0,20.0,18.430628,0.0,0.0,0,0.0,0.1085,0.0,0,1,0.108515024,0.0,0,1,0.108515024,0.108515024,0.0,0.0,0.108515024,0.1085,Attack,Attack-TCP-Flag-ACK-PSH
20,20.0,1.0,1702932400.0,20,20.0,0.0,1702932400.0,20,0,0.0,1702932400.0,20.0,0,0.0,1702932400.0,20.0,0.0,0.0,1702932400.0,20.0,0.0,0.0,1702932400.0,20,0.0,1702932400.0,1702932400.0,20,1,1702932400.0,1702932400.0,20,0,1702932400.0,0.0,20.0,0.0,1702932400.0,0.0,Attack,Attack-TCP-Flag-ACK-PSH
40,0.0,0.5,0.1123,20,0.0,0.0,0.1123,20,0,0.5,0.0,20.0,64000,0.0,0.0,20.0,17.814028,0.0,0.0,20.0,17.814028,0.0,0.0,0,0.0,0.1123,0.0,0,1,0.11227107,0.0,0,1,0.11227107,0.11227107,0.0,0.0,0.11227107,0.1123,Attack,Attack-TCP-Flag-ACK-PSH
40,0.0,0.5,0.1071,20,0.0,0.0,0.1071,20,0,0.5,0.0,20.0,62605,0.0,0.0,20.0,18.679707,0.0,0.0,20.0,18.679707,0.0,0.0,0,0.0,0.1071,0.0,0,1,0.10706806,0.0,0,1,0.10706806,0.10706806,0.0,0.0,0.10706806,0.1071,Attack,Attack-TCP-Flag-ACK-PSH
20,20.0,1.0,1702932400.0,20,20.0,0.0,1702932400.0,20,0,0.0,1702932400.0,20.0,0,0.0,1702932400.0,20.0,0.0,0.0,1702932400.0,20.0,0.0,0.0,1702932400.0,20,0.0,1702932400.0,1702932400.0,20,1,1702932400.0,1702932400.0,20,0,1702932400.0,0.0,20.0,0.0,1702932400.0,0.0,Attack,Attack-TCP-Flag-ACK-PSH
40,0.0,0.5,0.1037,20,0.0,0.0,0.1037,20,0,0.5,0.0,20.0,64000,0.0,0.0,20.0,19.285486,0.0,0.0,20.0,19.285486,0.0,0.0,0,0.0,0.1037,0.0,0,1,0.10370493,0.0,0,1,0.10370493,0.10370493,0.0,0.0,0.10370493,0.1037,Attack,Attack-TCP-Flag-ACK-PSH
40,0.0,0.5,0.1109,20,0.0,0.0,0.1109,20,0,0.5,0.0,20.0,62605,0.0,0.0,20.0,18.03606,0.0,0.0,20.0,18.03606,0.0,0.0,0,0.0,0.1109,0.0,0,1,0.11088896,0.0,0,1,0.11088896,0.11088896,0.0,0.0,0.11088896,0.1109,Attack,Attack-TCP-Flag-ACK-PSH
52,32.0,0.5,1e-04,32,32.0,0.5,1e-04,20,1024,0.5,1702932400.0,26.0,0,0.0,1702932400.0,26.0,17403.752,1.0,1702932400.0,20.0,8701.876,0.0,1702932400.0,32,8701.876,1e-04,1702932400.0,32,1,0.000114917755,1702932400.0,32,1,0.000114917755,1702932400.0,32.0,0.5,0.000114917755,1702932400.0,Attack,Attack-TCP-Flag-ACK-PSH
40,0.0,0.5,0.1059,20,0.0,0.0,0.1059,20,0,0.5,0.0,20.0,62590,0.0,0.0,20.0,18.893389,0.0,0.0,20.0,18.893389,0.0,0.0,0,0.0,0.1059,0.0,0,1,0.105857134,0.0,0,1,0.105857134,0.105857134,0.0,0.0,0.105857134,0.1059,Attack,Attack-TCP-Flag-ACK-PSH
40,0.0,0.5,0.1108,20,0.0,0.0,0.1108,20,0,0.5,0.0,20.0,62588,0.0,0.0,20.0,18.04774,0.0,0.0,20.0,18.04774,0.0,0.0,0,0.0,0.1108,0.0,0,1,0.110817194,0.0,0,1,0.110817194,0.110817194,0.0,0.0,0.110817194,0.1108,Attack,Attack-TCP-Flag-ACK-PSH
24,24.0,0.0,1702932400.0,24,24.0,1.0,1702932400.0,24,65535,0.0,1702932400.0,24.0,0,0.0,1702932400.0,24.0,0.0,1.0,1702932400.0,24.0,0.0,0.0,1702932400.0,24,0.0,1702932400.0,1702932400.0,24,0,1702932400.0,1702932400.0,24,0,1702932400.0,0.0,24.0,1.0,1702932400.0,0.0,Attack,Attack-TCP-Flag-ACK-PSH
24,24.0,0.0,1702932400.0,24,24.0,1.0,1702932400.0,24,65535,0.0,1702932400.0,24.0,0,0.0,1702932400.0,24.0,0.0,1.0,1702932400.0,24.0,0.0,0.0,1702932400.0,24,0.0,1702932400.0,1702932400.0,24,0,1702932400.0,1702932400.0,24,0,1702932400.0,0.0,24.0,1.0,1702932400.0,0.0,Attack,Attack-TCP-Flag-ACK-PSH
20,20.0,1.0,1702932400.0,20,20.0,0.0,1702932400.0,20,0,0.0,1702932400.0,20.0,0,0.0,1702932400.0,20.0,0.0,0.0,1702932400.0,20.0,0.0,0.0,1702932400.0,20,0.0,1702932400.0,1702932400.0,20,1,1702932400.0,1702932400.0,20,0,1702932400.0,0.0,20.0,0.0,1702932400.0,0.0,Attack,Attack-TCP-Flag-ACK-PSH
20,20.0,1.0,1702932400.0,20,20.0,0.0,1702932400.0,20,0,0.0,1702932400.0,20.0,0,0.0,1702932400.0,20.0,0.0,0.0,1702932400.0,20.0,0.0,0.0,1702932400.0,20,0.0,1702932400.0,1702932400.0,20,1,1702932400.0,1702932400.0,20,0,1702932400.0,0.0,20.0,0.0,1702932400.0,0.0,Attack,Attack-TCP-Flag-ACK-PSH
20,20.0,1.0,1702932400.0,20,20.0,0.0,1702932400.0,20,0,0.0,1702932400.0,20.0,0,0.0,1702932400.0,20.0,0.0,0.0,1702932400.0,20.0,0.0,0.0,1702932400.0,20,0.0,1702932400.0,1702932400.0,20,1,1702932400.0,1702932400.0,20,0,1702932400.0,0.0,20.0,0.0,1702932400.0,0.0,Attack,Attack-TCP-Flag-ACK-PSH
20,20.0,1.0,1702932400.0,20,20.0,0.0,1702932400.0,20,0,0.0,1702932400.0,20.0,0,0.0,1702932400.0,20.0,0.0,0.0,1702932400.0,20.0,0.0,0.0,1702932400.0,20,0.0,1702932400.0,1702932400.0,20,1,1702932400.0,1702932400.0,20,0,1702932400.0,0.0,20.0,0.0,1702932400.0,0.0,Attack,Attack-TCP-Flag-ACK-PSH
20,20.0,1.0,1702932400.0,20,20.0,0.0,1702932400.0,20,0,0.0,1702932400.0,20.0,0,0.0,1702932400.0,20.0,0.0,0.0,1702932400.0,20.0,0.0,0.0,1702932400.0,20,0.0,1702932400.0,1702932400.0,20,1,1702932400.0,1702932400.0,20,0,1702932400.0,0.0,20.0,0.0,1702932400.0,0.0,Attack,Attack-TCP-Flag-ACK-PSH
40,0.0,0.5,0.111,20,0.0,0.0,0.111,20,0,0.5,0.0,20.0,62592,0.0,0.0,20.0,18.015919,0.0,0.0,20.0,18.015919,0.0,0.0,0,0.0,0.111,0.0,0,1,0.111012936,0.0,0,1,0.111012936,0.111012936,0.0,0.0,0.111012936,0.111,Attack,Attack-TCP-Flag-ACK-PSH
20,20.0,1.0,1702932400.0,20,20.0,0.0,1702932400.0,20,0,0.0,1702932400.0,20.0,0,0.0,1702932400.0,20.0,0.0,0.0,1702932400.0,20.0,0.0,0.0,1702932400.0,20,0.0,1702932400.0,1702932400.0,20,1,1702932400.0,1702932400.0,20,0,1702932400.0,0.0,20.0,0.0,1702932400.0,0.0,Attack,Attack-TCP-Flag-ACK-PSH
40,0.0,0.5,0.1101,20,0.0,0.0,0.1101,20,0,0.5,0.0,20.0,62611,0.0,0.0,20.0,18.172226,0.0,0.0,20.0,18.172226,0.0,0.0,0,0.0,0.1101,0.0,0,1,0.11005807,0.0,0,1,0.11005807,0.11005807,0.0,0.0,0.11005807,0.1101,Attack,Attack-TCP-Flag-ACK-PSH
40,0.0,0.5,0.1067,20,0.0,0.0,0.1067,20,0,0.5,0.0,20.0,62594,0.0,0.0,20.0,18.740635,0.0,0.0,20.0,18.740635,0.0,0.0,0,0.0,0.1067,0.0,0,1,0.10671997,0.0,0,1,0.10671997,0.10671997,0.0,0.0,0.10671997,0.1067,Attack,Attack-TCP-Flag-ACK-PSH
20,20.0,1.0,1702932400.0,20,20.0,0.0,1702932400.0,20,0,0.0,1702932400.0,20.0,0,0.0,1702932400.0,20.0,0.0,0.0,1702932400.0,20.0,0.0,0.0,1702932400.0,20,0.0,1702932400.0,1702932400.0,20,1,1702932400.0,1702932400.0,20,0,1702932400.0,0.0,20.0,0.0,1702932400.0,0.0,Attack,Attack-TCP-Flag-ACK-PSH
40,0.0,0.5,0.1077,20,0.0,0.0,0.1077,20,0,0.5,0.0,20.0,62594,0.0,0.0,20.0,18.564083,0.0,0.0,20.0,18.564083,0.0,0.0,0,0.0,0.1077,0.0,0,1,0.10773492,0.0,0,1,0.10773492,0.10773492,0.0,0.0,0.10773492,0.1077,Attack,Attack-TCP-Flag-ACK-PSH
20,20.0,1.0,1702932400.0,20,20.0,0.0,1702932400.0,20,0,0.0,1702932400.0,20.0,0,0.0,1702932400.0,20.0,0.0,0.0,1702932400.0,20.0,0.0,0.0,1702932400.0,20,0.0,1702932400.0,1702932400.0,20,1,1702932400.0,1702932400.0,20,0,1702932400.0,0.0,20.0,0.0,1702932400.0,0.0,Attack,Attack-TCP-Flag-ACK-PSH
40,0.0,0.5,0.1092,20,0.0,0.0,0.1092,20,0,0.5,0.0,20.0,62594,0.0,0.0,20.0,18.308823,0.0,0.0,20.0,18.308823,0.0,0.0,0,0.0,0.1092,0.0,0,1,0.109236956,0.0,0,1,0.109236956,0.109236956,0.0,0.0,0.109236956,0.1092,Attack,Attack-TCP-Flag-ACK-PSH
40,0.0,0.5,0.1083,20,0.0,0.0,0.1083,20,0,0.5,0.0,20.0,64000,0.0,0.0,20.0,18.47422,0.0,0.0,20.0,18.47422,0.0,0.0,0,0.0,0.1083,0.0,0,1,0.10825896,0.0,0,1,0.10825896,0.10825896,0.0,0.0,0.10825896,0.1083,Attack,Attack-TCP-Flag-ACK-PSH
20,20.0,1.0,1702932400.0,20,20.0,0.0,1702932400.0,20,0,0.0,1702932400.0,20.0,0,0.0,1702932400.0,20.0,0.0,0.0,1702932400.0,20.0,0.0,0.0,1702932400.0,20,0.0,1702932400.0,1702932400.0,20,1,1702932400.0,1702932400.0,20,0,1702932400.0,0.0,20.0,0.0,1702932400.0,0.0,Attack,Attack-TCP-Flag-ACK-PSH
24,24.0,0.0,1702932400.0,24,24.0,1.0,1702932400.0,24,65535,0.0,1702932400.0,24.0,0,0.0,1702932400.0,24.0,0.0,1.0,1702932400.0,24.0,0.0,0.0,1702932400.0,24,0.0,1702932400.0,1702932400.0,24,0,1702932400.0,1702932400.0,24,0,1702932400.0,0.0,24.0,1.0,1702932400.0,0.0,Attack,Attack-TCP-Flag-ACK-PSH
20,20.0,1.0,1702932400.0,20,20.0,0.0,1702932400.0,20,0,0.0,1702932400.0,20.0,0,0.0,1702932400.0,20.0,0.0,0.0,1702932400.0,20.0,0.0,0.0,1702932400.0,20,0.0,1702932400.0,1702932400.0,20,1,1702932400.0,1702932400.0,20,0,1702932400.0,0.0,20.0,0.0,1702932400.0,0.0,Attack,Attack-TCP-Flag-ACK-PSH
40,0.0,0.5,0.1108,20,0.0,0.0,0.1108,20,0,0.5,0.0,20.0,62605,0.0,0.0,20.0,18.045645,0.0,0.0,20.0,18.045645,0.0,0.0,0,0.0,0.1108,0.0,0,1,0.11083007,0.0,0,1,0.11083007,0.11083007,0.0,0.0,0.11083007,0.1108,Attack,Attack-TCP-Flag-ACK-PSH
40,0.0,0.5,0.1076,20,0.0,0.0,0.1076,20,0,0.5,0.0,20.0,62602,0.0,0.0,20.0,18.582178,0.0,0.0,20.0,18.582178,0.0,0.0,0,0.0,0.1076,0.0,0,1,0.107630014,0.0,0,1,0.107630014,0.107630014,0.0,0.0,0.107630014,0.1076,Attack,Attack-TCP-Flag-ACK-PSH
20,20.0,0.0,1702932400.0,20,20.0,1.0,1702932400.0,20,65535,0.0,1702932400.0,20.0,0,0.0,1702932400.0,20.0,0.0,1.0,1702932400.0,20.0,0.0,0.0,1702932400.0,20,0.0,1702932400.0,1702932400.0,20,0,1702932400.0,1702932400.0,20,0,1702932400.0,0.0,20.0,1.0,1702932400.0,0.0,Attack,Attack-TCP-Flag-ACK-PSH
40,0.0,0.5,0.1085,20,0.0,0.0,0.1085,20,0,0.5,0.0,20.0,64000,0.0,0.0,20.0,18.429129,0.0,0.0,20.0,18.429129,0.0,0.0,0,0.0,0.1085,0.0,0,1,0.108523846,0.0,0,1,0.108523846,0.108523846,0.0,0.0,0.108523846,0.1085,Attack,Attack-TCP-Flag-ACK-PSH
40,0.0,0.5,0.108,20,0.0,0.0,0.108,20,0,0.5,0.0,20.0,62596,0.0,0.0,20.0,18.510462,0.0,0.0,20.0,18.510462,0.0,0.0,0,0.0,0.108,0.0,0,1,0.10804701,0.0,0,1,0.10804701,0.10804701,0.0,0.0,0.10804701,0.108,Attack,Attack-TCP-Flag-ACK-PSH
40,0.0,0.5,0.1112,20,0.0,0.0,0.1112,20,0,0.5,0.0,20.0,62599,0.0,0.0,20.0,17.981586,0.0,0.0,20.0,17.981586,0.0,0.0,0,0.0,0.1112,0.0,0,1,0.11122489,0.0,0,1,0.11122489,0.11122489,0.0,0.0,0.11122489,0.1112,Attack,Attack-TCP-Flag-ACK-PSH
40,0.0,0.5,0.1108,20,0.0,0.0,0.1108,20,0,0.5,0.0,20.0,62605,0.0,0.0,20.0,18.050226,0.0,0.0,20.0,18.050226,0.0,0.0,0,0.0,0.1108,0.0,0,1,0.110801935,0.0,0,1,0.110801935,0.110801935,0.0,0.0,0.110801935,0.1108,Attack,Attack-TCP-Flag-ACK-PSH
20,20.0,1.0,1702932400.0,20,20.0,0.0,1702932400.0,20,1200,0.0,1702932400.0,20.0,0,0.0,1702932400.0,20.0,0.0,0.0,1702932400.0,20.0,0.0,0.0,1702932400.0,20,0.0,1702932400.0,1702932400.0,20,1,1702932400.0,1702932400.0,20,0,1702932400.0,0.0,20.0,0.0,1702932400.0,0.0,Attack,Attack-TCP-Flag-ACK-PSH
20,20.0,1.0,1702932400.0,20,20.0,0.0,1702932400.0,20,0,0.0,1702932400.0,20.0,0,0.0,1702932400.0,20.0,0.0,0.0,1702932400.0,20.0,0.0,0.0,1702932400.0,20,0.0,1702932400.0,1702932400.0,20,1,1702932400.0,1702932400.0,20,0,1702932400.0,0.0,20.0,0.0,1702932400.0,0.0,Attack,Attack-TCP-Flag-ACK-PSH
20,20.0,0.0,1702932400.0,20,20.0,1.0,1702932400.0,20,1024,0.0,1702932400.0,20.0,0,0.0,1702932400.0,20.0,0.0,1.0,1702932400.0,20.0,0.0,0.0,1702932400.0,20,0.0,1702932400.0,1702932400.0,20,0,1702932400.0,1702932400.0,20,0,1702932400.0,0.0,20.0,1.0,1702932400.0,0.0,Attack,Attack-TCP-Flag-ACK-PSH
24,24.0,0.0,1702932400.0,24,24.0,1.0,1702932400.0,24,1025,0.0,1702932400.0,24.0,0,0.0,1702932400.0,24.0,0.0,1.0,1702932400.0,24.0,0.0,0.0,1702932400.0,24,0.0,1702932400.0,1702932400.0,24,0,1702932400.0,1702932400.0,24,0,1702932400.0,0.0,24.0,1.0,1702932400.0,0.0,Attack,Attack-TCP-Flag-ACK-PSH
40,0.0,0.5,0.1111,20,0.0,0.0,0.1111,20,0,0.5,0.0,20.0,62594,0.0,0.0,20.0,17.997095,0.0,0.0,20.0,17.997095,0.0,0.0,0,0.0,0.1111,0.0,0,1,0.111129045,0.0,0,1,0.111129045,0.111129045,0.0,0.0,0.111129045,0.1111,Attack,Attack-TCP-Flag-ACK-PSH
20,20.0,1.0,1702932400.0,20,20.0,0.0,1702932400.0,20,0,0.0,1702932400.0,20.0,0,0.0,1702932400.0,20.0,0.0,0.0,1702932400.0,20.0,0.0,0.0,1702932400.0,20,0.0,1702932400.0,1702932400.0,20,1,1702932400.0,1702932400.0,20,0,1702932400.0,0.0,20.0,0.0,1702932400.0,0.0,Attack,Attack-TCP-Flag-ACK-PSH
52,32.0,0.5,1e-04,32,32.0,0.5,1e-04,20,1024,0.5,1702932400.0,26.0,0,0.0,1702932400.0,26.0,22489.566,1.0,1702932400.0,20.0,11244.783,0.0,1702932400.0,32,11244.783,1e-04,1702932400.0,32,1,8.893013e-05,1702932400.0,32,1,8.893013e-05,1702932400.0,32.0,0.5,8.893013e-05,1702932400.0,Attack,Attack-TCP-Flag-ACK-PSH
40,0.0,0.5,0.1058,20,0.0,0.0,0.1058,20,0,0.5,0.0,20.0,62605,0.0,0.0,20.0,18.908806,0.0,0.0,20.0,18.908806,0.0,0.0,0,0.0,0.1058,0.0,0,1,0.10577083,0.0,0,1,0.10577083,0.10577083,0.0,0.0,0.10577083,0.1058,Attack,Attack-TCP-Flag-ACK-PSH
40,0.0,0.5,0.1092,20,0.0,0.0,0.1092,20,0,0.5,0.0,20.0,62594,0.0,0.0,20.0,18.319538,0.0,0.0,20.0,18.319538,0.0,0.0,0,0.0,0.1092,0.0,0,1,0.10917306,0.0,0,1,0.10917306,0.10917306,0.0,0.0,0.10917306,0.1092,Attack,Attack-TCP-Flag-ACK-PSH
20,20.0,1.0,1702932400.0,20,20.0,0.0,1702932400.0,20,0,0.0,1702932400.0,20.0,0,0.0,1702932400.0,20.0,0.0,0.0,1702932400.0,20.0,0.0,0.0,1702932400.0,20,0.0,1702932400.0,1702932400.0,20,1,1702932400.0,1702932400.0,20,0,1702932400.0,0.0,20.0,0.0,1702932400.0,0.0,Attack,Attack-TCP-Flag-ACK-PSH
20,20.0,0.0,1702932400.0,20,20.0,1.0,1702932400.0,20,65535,0.0,1702932400.0,20.0,0,0.0,1702932400.0,20.0,0.0,1.0,1702932400.0,20.0,0.0,0.0,1702932400.0,20,0.0,1702932400.0,1702932400.0,20,0,1702932400.0,1702932400.0,20,0,1702932400.0,0.0,20.0,1.0,1702932400.0,0.0,Attack,Attack-TCP-Flag-ACK-PSH
20,20.0,1.0,1702932400.0,20,20.0,0.0,1702932400.0,20,0,0.0,1702932400.0,20.0,0,0.0,1702932400.0,20.0,0.0,0.0,1702932400.0,20.0,0.0,0.0,1702932400.0,20,0.0,1702932400.0,1702932400.0,20,1,1702932400.0,1702932400.0,20,0,1702932400.0,0.0,20.0,0.0,1702932400.0,0.0,Attack,Attack-TCP-Flag-ACK-PSH
20,20.0,1.0,1702932400.0,20,20.0,0.0,1702932400.0,20,0,0.0,1702932400.0,20.0,0,0.0,1702932400.0,20.0,0.0,0.0,1702932400.0,20.0,0.0,0.0,1702932400.0,20,0.0,1702932400.0,1702932400.0,20,1,1702932400.0,1702932400.0,20,0,1702932400.0,0.0,20.0,0.0,1702932400.0,0.0,Attack,Attack-TCP-Flag-ACK-PSH
40,0.0,0.5,0.1067,20,0.0,0.0,0.1067,20,0,0.5,0.0,20.0,62594,0.0,0.0,20.0,18.7403,0.0,0.0,20.0,18.7403,0.0,0.0,0,0.0,0.1067,0.0,0,1,0.10672188,0.0,0,1,0.10672188,0.10672188,0.0,0.0,0.10672188,0.1067,Attack,Attack-TCP-Flag-ACK-PSH
40,0.0,0.5,0.1112,20,0.0,0.0,0.1112,20,0,0.5,0.0,20.0,64000,0.0,0.0,20.0,17.978312,0.0,0.0,20.0,17.978312,0.0,0.0,0,0.0,0.1112,0.0,0,1,0.111245155,0.0,0,1,0.111245155,0.111245155,0.0,0.0,0.111245155,0.1112,Attack,Attack-TCP-Flag-ACK-PSH
44,24.0,0.5,1e-04,24,24.0,0.5,1e-04,20,65535,0.5,1702932400.0,22.0,0,0.0,1702932400.0,22.0,18517.898,1.0,1702932400.0,20.0,9258.949,0.0,1702932400.0,24,9258.949,1e-04,1702932400.0,24,1,0.000108003616,1702932400.0,24,1,0.000108003616,1702932400.0,24.0,0.5,0.000108003616,1702932400.0,Attack,Attack-TCP-Flag-ACK-PSH
40,0.0,0.5,0.11,20,0.0,0.0,0.11,20,0,0.5,0.0,20.0,62594,0.0,0.0,20.0,18.178526,0.0,0.0,20.0,18.178526,0.0,0.0,0,0.0,0.11,0.0,0,1,0.11001992,0.0,0,1,0.11001992,0.11001992,0.0,0.0,0.11001992,0.11,Attack,Attack-TCP-Flag-ACK-PSH
40,0.0,0.5,0.1101,20,0.0,0.0,0.1101,20,0,0.5,0.0,20.0,62602,0.0,0.0,20.0,18.167109,0.0,0.0,20.0,18.167109,0.0,0.0,0,0.0,0.1101,0.0,0,1,0.11008906,0.0,0,1,0.11008906,0.11008906,0.0,0.0,0.11008906,0.1101,Attack,Attack-TCP-Flag-ACK-PSH
40,0.0,0.5,0.1122,20,0.0,0.0,0.1122,20,0,0.5,0.0,20.0,64000,0.0,0.0,20.0,17.817698,0.0,0.0,20.0,17.817698,0.0,0.0,0,0.0,0.1122,0.0,0,1,0.112247944,0.0,0,1,0.112247944,0.112247944,0.0,0.0,0.112247944,0.1122,Attack,Attack-TCP-Flag-ACK-PSH
20,20.0,1.0,1702932400.0,20,20.0,0.0,1702932400.0,20,0,0.0,1702932400.0,20.0,0,0.0,1702932400.0,20.0,0.0,0.0,1702932400.0,20.0,0.0,0.0,1702932400.0,20,0.0,1702932400.0,1702932400.0,20,1,1702932400.0,1702932400.0,20,0,1702932400.0,0.0,20.0,0.0,1702932400.0,0.0,Attack,Attack-TCP-Flag-ACK-PSH
20,20.0,1.0,1702932400.0,20,20.0,0.0,1702932400.0,20,0,0.0,1702932400.0,20.0,0,0.0,1702932400.0,20.0,0.0,0.0,1702932400.0,20.0,0.0,0.0,1702932400.0,20,0.0,1702932400.0,1702932400.0,20,1,1702932400.0,1702932400.0,20,0,1702932400.0,0.0,20.0,0.0,1702932400.0,0.0,Attack,Attack-TCP-Flag-ACK-PSH
40,0.0,0.5,0.1108,20,0.0,0.0,0.1108,20,0,0.5,0.0,20.0,62599,0.0,0.0,20.0,18.050692,0.0,0.0,20.0,18.050692,0.0,0.0,0,0.0,0.1108,0.0,0,1,0.110799074,0.0,0,1,0.110799074,0.110799074,0.0,0.0,0.110799074,0.1108,Attack,Attack-TCP-Flag-ACK-PSH
20,20.0,1.0,1702932400.0,20,20.0,0.0,1702932400.0,20,0,0.0,1702932400.0,20.0,0,0.0,1702932400.0,20.0,0.0,0.0,1702932400.0,20.0,0.0,0.0,1702932400.0,20,0.0,1702932400.0,1702932400.0,20,1,1702932400.0,1702932400.0,20,0,1702932400.0,0.0,20.0,0.0,1702932400.0,0.0,Attack,Attack-TCP-Flag-ACK-PSH
20,20.0,1.0,1702932400.0,20,20.0,0.0,1702932400.0,20,0,0.0,1702932400.0,20.0,0,0.0,1702932400.0,20.0,0.0,0.0,1702932400.0,20.0,0.0,0.0,1702932400.0,20,0.0,1702932400.0,1702932400.0,20,1,1702932400.0,1702932400.0,20,0,1702932400.0,0.0,20.0,0.0,1702932400.0,0.0,Attack,Attack-TCP-Flag-ACK-PSH
24,24.0,0.0,1702932400.0,24,24.0,1.0,1702932400.0,24,65535,0.0,1702932400.0,24.0,0,0.0,1702932400.0,24.0,0.0,1.0,1702932400.0,24.0,0.0,0.0,1702932400.0,24,0.0,1702932400.0,1702932400.0,24,0,1702932400.0,1702932400.0,24,0,1702932400.0,0.0,24.0,1.0,1702932400.0,0.0,Attack,Attack-TCP-Flag-ACK-PSH
40,0.0,0.5,0.1098,20,0.0,0.0,0.1098,20,0,0.5,0.0,20.0,62602,0.0,0.0,20.0,18.208317,0.0,0.0,20.0,18.208317,0.0,0.0,0,0.0,0.1098,0.0,0,1,0.109839916,0.0,0,1,0.109839916,0.109839916,0.0,0.0,0.109839916,0.1098,Attack,Attack-TCP-Flag-ACK-PSH
40,0.0,0.5,0.1108,20,0.0,0.0,0.1108,20,0,0.5,0.0,20.0,62592,0.0,0.0,20.0,18.04778,0.0,0.0,20.0,18.04778,0.0,0.0,0,0.0,0.1108,0.0,0,1,0.110816956,0.0,0,1,0.110816956,0.110816956,0.0,0.0,0.110816956,0.1108,Attack,Attack-TCP-Flag-ACK-PSH
20,20.0,1.0,1702932400.0,20,20.0,0.0,1702932400.0,20,1200,0.0,1702932400.0,20.0,0,0.0,1702932400.0,20.0,0.0,0.0,1702932400.0,20.0,0.0,0.0,1702932400.0,20,0.0,1702932400.0,1702932400.0,20,1,1702932400.0,1702932400.0,20,0,1702932400.0,0.0,20.0,0.0,1702932400.0,0.0,Attack,Attack-TCP-Flag-ACK-PSH
40,0.0,0.5,0.1089,20,0.0,0.0,0.1089,20,0,0.5,0.0,20.0,62605,0.0,0.0,20.0,18.366467,0.0,0.0,20.0,18.366467,0.0,0.0,0,0.0,0.1089,0.0,0,1,0.10889411,0.0,0,1,0.10889411,0.10889411,0.0,0.0,0.10889411,0.1089,Attack,Attack-TCP-Flag-ACK-PSH
40,0.0,0.5,0.1098,20,0.0,0.0,0.1098,20,0,0.5,0.0,20.0,62592,0.0,0.0,20.0,18.215948,0.0,0.0,20.0,18.215948,0.0,0.0,0,0.0,0.1098,0.0,0,1,0.1097939,0.0,0,1,0.1097939,0.1097939,0.0,0.0,0.1097939,0.1098,Attack,Attack-TCP-Flag-ACK-PSH
40,20.0,0.5,1e-04,20,20.0,0.5,1e-04,20,1024,0.5,1702932400.0,20.0,0,0.0,1702932400.0,20.0,21509.252,1.0,1702932400.0,20.0,10754.626,0.0,1702932400.0,20,10754.626,1e-04,1702932400.0,20,1,9.2983246e-05,1702932400.0,20,1,9.2983246e-05,1702932400.0,20.0,0.5,9.2983246e-05,1702932400.0,Attack,Attack-TCP-Flag-ACK-PSH
20,20.0,1.0,1702932400.0,20,20.0,0.0,1702932400.0,20,0,0.0,1702932400.0,20.0,0,0.0,1702932400.0,20.0,0.0,0.0,1702932400.0,20.0,0.0,0.0,1702932400.0,20,0.0,1702932400.0,1702932400.0,20,1,1702932400.0,1702932400.0,20,0,1702932400.0,0.0,20.0,0.0,1702932400.0,0.0,Attack,Attack-TCP-Flag-ACK-PSH
20,20.0,1.0,1702932400.0,20,20.0,0.0,1702932400.0,20,0,0.0,1702932400.0,20.0,0,0.0,1702932400.0,20.0,0.0,0.0,1702932400.0,20.0,0.0,0.0,1702932400.0,20,0.0,1702932400.0,1702932400.0,20,1,1702932400.0,1702932400.0,20,0,1702932400.0,0.0,20.0,0.0,1702932400.0,0.0,Attack,Attack-TCP-Flag-ACK-PSH
40,0.0,0.5,0.1101,20,0.0,0.0,0.1101,20,0,0.5,0.0,20.0,62599,0.0,0.0,20.0,18.169115,0.0,0.0,20.0,18.169115,0.0,0.0,0,0.0,0.1101,0.0,0,1,0.110076904,0.0,0,1,0.110076904,0.110076904,0.0,0.0,0.110076904,0.1101,Attack,Attack-TCP-Flag-ACK-PSH
20,20.0,1.0,1702932400.0,20,20.0,0.0,1702932400.0,20,1200,0.0,1702932400.0,20.0,0,0.0,1702932400.0,20.0,0.0,0.0,1702932400.0,20.0,0.0,0.0,1702932400.0,20,0.0,1702932400.0,1702932400.0,20,1,1702932400.0,1702932400.0,20,0,1702932400.0,0.0,20.0,0.0,1702932400.0,0.0,Attack,Attack-TCP-Flag-ACK-PSH
40,0.0,0.5,0.1092,20,0.0,0.0,0.1092,20,0,0.5,0.0,20.0,62596,0.0,0.0,20.0,18.3147,0.0,0.0,20.0,18.3147,0.0,0.0,0,0.0,0.1092,0.0,0,1,0.10920191,0.0,0,1,0.10920191,0.10920191,0.0,0.0,0.10920191,0.1092,Attack,Attack-TCP-Flag-ACK-PSH
40,0.0,0.5,0.1101,20,0.0,0.0,0.1101,20,0,0.5,0.0,20.0,62602,0.0,0.0,20.0,18.166283,0.0,0.0,20.0,18.166283,0.0,0.0,0,0.0,0.1101,0.0,0,1,0.11009407,0.0,0,1,0.11009407,0.11009407,0.0,0.0,0.11009407,0.1101,Attack,Attack-TCP-Flag-ACK-PSH
20,20.0,1.0,1702932400.0,20,20.0,0.0,1702932400.0,20,0,0.0,1702932400.0,20.0,0,0.0,1702932400.0,20.0,0.0,0.0,1702932400.0,20.0,0.0,0.0,1702932400.0,20,0.0,1702932400.0,1702932400.0,20,1,1702932400.0,1702932400.0,20,0,1702932400.0,0.0,20.0,0.0,1702932400.0,0.0,Attack,Attack-TCP-Flag-ACK-PSH
40,0.0,0.5,0.11,20,0.0,0.0,0.11,20,0,0.5,0.0,20.0,64000,0.0,0.0,20.0,18.185778,0.0,0.0,20.0,18.185778,0.0,0.0,0,0.0,0.11,0.0,0,1,0.10997605,0.0,0,1,0.10997605,0.10997605,0.0,0.0,0.10997605,0.11,Attack,Attack-TCP-Flag-ACK-PSH
60,40.0,0.5,0.0042,40,40.0,0.5,0.0042,20,64240,0.5,1702932600.0,30.0,0,0.0,1702932600.0,30.0,479.4038,1.0,1702932600.0,20.0,239.7019,0.0,1702932600.0,40,239.7019,0.0042,1702932600.0,40,1,0.0041718483,1702932600.0,40,1,0.0041718483,1702932600.0,40.0,0.5,0.0041718483,1702932600.0,Attack,Attack-TCP-Flag-ACK-PSH
60,40.0,0.5,0.0002,40,40.0,0.5,0.0002,20,64240,0.5,1702932600.0,30.0,0,0.0,1702932600.0,30.0,11305.401,1.0,1702932600.0,20.0,5652.7007,0.0,1702932600.0,40,5652.7007,0.0002,1702932600.0,40,1,0.00017690659,1702932600.0,40,1,0.00017690659,1702932600.0,40.0,0.5,0.00017690659,1702932600.0,Attack,Attack-TCP-Flag-ACK-PSH
40,0.0,0.5,0.1093,20,0.0,0.0,0.1093,20,0,0.5,0.0,20.0,62599,0.0,0.0,20.0,18.298279,0.0,0.0,20.0,18.298279,0.0,0.0,0,0.0,0.1093,0.0,0,1,0.1092999,0.0,0,1,0.1092999,0.1092999,0.0,0.0,0.1092999,0.1093,Attack,Attack-TCP-Flag-ACK-PSH
40,20.0,0.5,1e-04,20,20.0,0.5,1e-04,20,1024,0.5,1702932600.0,20.0,0,0.0,1702932600.0,20.0,23563.506,1.0,1702932600.0,20.0,11781.753,0.0,1702932600.0,20,11781.753,1e-04,1702932600.0,20,1,8.4877014e-05,1702932600.0,20,1,8.4877014e-05,1702932600.0,20.0,0.5,8.4877014e-05,1702932600.0,Attack,Attack-TCP-Flag-ACK-PSH
60,40.0,0.5,1e-04,40,40.0,0.5,1e-04,20,64240,0.5,1702932600.0,30.0,0,0.0,1702932600.0,30.0,19418.074,1.0,1702932600.0,20.0,9709.037,0.0,1702932600.0,40,9709.037,1e-04,1702932600.0,40,1,0.000102996826,1702932600.0,40,1,0.000102996826,1702932600.0,40.0,0.5,0.000102996826,1702932600.0,Attack,Attack-TCP-Flag-ACK-PSH
60,40.0,0.5,1e-04,40,40.0,0.5,1e-04,20,64240,0.5,1702932600.0,30.0,0,0.0,1702932600.0,30.0,15857.482,1.0,1702932600.0,20.0,7928.741,0.0,1702932600.0,40,7928.741,1e-04,1702932600.0,40,1,0.00012612343,1702932600.0,40,1,0.00012612343,1702932600.0,40.0,0.5,0.00012612343,1702932600.0,Attack,Attack-TCP-Flag-ACK-PSH
60,40.0,0.5,1e-04,40,40.0,0.5,1e-04,20,64240,0.5,1702932600.0,30.0,0,0.0,1702932600.0,30.0,22489.566,1.0,1702932600.0,20.0,11244.783,0.0,1702932600.0,40,11244.783,1e-04,1702932600.0,40,1,8.893013e-05,1702932600.0,40,1,8.893013e-05,1702932600.0,40.0,0.5,8.893013e-05,1702932600.0,Attack,Attack-TCP-Flag-ACK-PSH
60,40.0,0.5,1e-04,40,40.0,0.5,1e-04,20,64240,0.5,1702932600.0,30.0,0,0.0,1702932600.0,30.0,16384.0,1.0,1702932600.0,20.0,8192.0,0.0,1702932600.0,40,8192.0,1e-04,1702932600.0,40,1,0.00012207031,1702932600.0,40,1,0.00012207031,1702932600.0,40.0,0.5,0.00012207031,1702932600.0,Attack,Attack-TCP-Flag-ACK-PSH
60,40.0,0.5,1e-04,40,40.0,0.5,1e-04,20,64240,0.5,1702932600.0,30.0,0,0.0,1702932600.0,30.0,19599.55,1.0,1702932600.0,20.0,9799.775,0.0,1702932600.0,40,9799.775,1e-04,1702932600.0,40,1,0.00010204315,1702932600.0,40,1,0.00010204315,1702932600.0,40.0,0.5,0.00010204315,1702932600.0,Attack,Attack-TCP-Flag-ACK-PSH
60,40.0,0.5,0.0097,40,40.0,0.5,0.0097,20,64240,0.5,1702932600.0,30.0,0,0.0,1702932600.0,30.0,205.7191,1.0,1702932600.0,20.0,102.85955,0.0,1702932600.0,40,102.85955,0.0097,1702932600.0,40,1,0.009721994,1702932600.0,40,1,0.009721994,1702932600.0,40.0,0.5,0.009721994,1702932600.0,Attack,Attack-TCP-Flag-ACK-PSH
20,20.0,1.0,1702932600.0,20,20.0,0.0,1702932600.0,20,0,0.0,1702932600.0,20.0,0,0.0,1702932600.0,20.0,0.0,0.0,1702932600.0,20.0,0.0,0.0,1702932600.0,20,0.0,1702932600.0,1702932600.0,20,1,1702932600.0,1702932600.0,20,0,1702932600.0,0.0,20.0,0.0,1702932600.0,0.0,Attack,Attack-TCP-Flag-ACK-PSH
60,40.0,0.5,1e-04,40,40.0,0.5,1e-04,20,64240,0.5,1702932600.0,30.0,0,0.0,1702932600.0,30.0,18724.572,1.0,1702932600.0,20.0,9362.286,0.0,1702932600.0,40,9362.286,1e-04,1702932600.0,40,1,0.00010681152,1702932600.0,40,1,0.00010681152,1702932600.0,40.0,0.5,0.00010681152,1702932600.0,Attack,Attack-TCP-Flag-ACK-PSH
176,32.0,0.0,0.0003,40,32.0,0.2,1e-04,32,64240,0.0,0.0379,35.2,8192,0.0,0.07577109,32.0,65.58067,0.33333334,7.7962875e-05,32.0,26.232271,0.0,0.075849056,104,39.348408,0.0191,0.0379,40,0,0.07564807,1e-04,32,0,7.7962875e-05,0.076118946,34.6667,0.4,0.07624197,0.0761,Attack,Attack-TCP-Flag-ACK-PSH
44,24.0,0.5,1e-04,24,24.0,0.5,1e-04,20,1024,0.5,1702932600.0,22.0,0,0.0,1702932600.0,22.0,13684.516,1.0,1702932600.0,20.0,6842.258,0.0,1702932600.0,24,6842.258,1e-04,1702932600.0,24,1,0.00014615059,1702932600.0,24,1,0.00014615059,1702932600.0,24.0,0.5,0.00014615059,1702932600.0,Attack,Attack-TCP-Flag-ACK-PSH
40,20.0,0.5,1e-04,20,20.0,0.5,1e-04,20,1024,0.5,1702932700.0,20.0,0,0.0,1702932700.0,20.0,24672.377,1.0,1702932700.0,20.0,12336.188,0.0,1702932700.0,20,12336.188,1e-04,1702932700.0,20,1,8.106232e-05,1702932700.0,20,1,8.106232e-05,1702932700.0,20.0,0.5,8.106232e-05,1702932700.0,Attack,Attack-TCP-Flag-ACK-PSH
40,0.0,0.5,0.1079,20,0.0,0.0,0.1079,20,0,0.5,0.0,20.0,62599,0.0,0.0,20.0,18.543892,0.0,0.0,20.0,18.543892,0.0,0.0,0,0.0,0.1079,0.0,0,1,0.10785222,0.0,0,1,0.10785222,0.10785222,0.0,0.0,0.10785222,0.1079,Attack,Attack-TCP-Flag-ACK-PSH
40,20.0,0.5,1e-04,20,20.0,0.5,1e-04,20,1024,0.5,1702932700.0,20.0,0,0.0,1702932700.0,20.0,25343.227,1.0,1702932700.0,20.0,12671.613,0.0,1702932700.0,20,12671.613,1e-04,1702932700.0,20,1,7.891655e-05,1702932700.0,20,1,7.891655e-05,1702932700.0,20.0,0.5,7.891655e-05,1702932700.0,Attack,Attack-TCP-Flag-ACK-PSH
40,20.0,0.5,1e-04,20,20.0,0.5,1e-04,20,1024,0.5,1702932700.0,20.0,0,0.0,1702932700.0,20.0,16131.938,1.0,1702932700.0,20.0,8065.969,0.0,1702932700.0,20,8065.969,1e-04,1702932700.0,20,1,0.00012397766,1702932700.0,20,1,0.00012397766,1702932700.0,20.0,0.5,0.00012397766,1702932700.0,Attack,Attack-TCP-Flag-ACK-PSH
60,40.0,0.5,1e-04,40,40.0,0.5,1e-04,20,64240,0.5,1702932700.0,30.0,0,0.0,1702932700.0,30.0,17084.742,1.0,1702932700.0,20.0,8542.371,0.0,1702932700.0,40,8542.371,1e-04,1702932700.0,40,1,0.00011706352,1702932700.0,40,1,0.00011706352,1702932700.0,40.0,0.5,0.00011706352,1702932700.0,Attack,Attack-TCP-Flag-ACK-PSH
60,40.0,0.5,1e-04,40,40.0,0.5,1e-04,20,29200,0.5,1702932700.0,30.0,0,0.0,1702932700.0,30.0,17260.51,1.0,1702932700.0,20.0,8630.255,0.0,1702932700.0,40,8630.255,1e-04,1702932700.0,40,1,0.00011587143,1702932700.0,40,1,0.00011587143,1702932700.0,40.0,0.5,0.00011587143,1702932700.0,Attack,Attack-TCP-Flag-ACK-PSH
60,40.0,0.5,1e-04,40,40.0,0.5,1e-04,20,64240,0.5,1702932700.0,30.0,0,0.0,1702932700.0,30.0,17697.484,1.0,1702932700.0,20.0,8848.742,0.0,1702932700.0,40,8848.742,1e-04,1702932700.0,40,1,0.00011301041,1702932700.0,40,1,0.00011301041,1702932700.0,40.0,0.5,0.00011301041,1702932700.0,Attack,Attack-TCP-Flag-ACK-PSH
60,40.0,0.5,1e-04,40,40.0,0.5,1e-04,20,29200,0.5,1702932700.0,30.0,0,0.0,1702932700.0,30.0,24105.195,1.0,1702932700.0,20.0,12052.598,0.0,1702932700.0,40,12052.598,1e-04,1702932700.0,40,1,8.2969666e-05,1702932700.0,40,1,8.2969666e-05,1702932700.0,40.0,0.5,8.2969666e-05,1702932700.0,Attack,Attack-TCP-Flag-ACK-PSH
60,40.0,0.5,1e-04,40,40.0,0.5,1e-04,20,29200,0.5,1702932700.0,30.0,0,0.0,1702932700.0,30.0,19418.074,1.0,1702932700.0,20.0,9709.037,0.0,1702932700.0,40,9709.037,1e-04,1702932700.0,40,1,0.000102996826,1702932700.0,40,1,0.000102996826,1702932700.0,40.0,0.5,0.000102996826,1702932700.0,Attack,Attack-TCP-Flag-ACK-PSH
60,40.0,0.5,1e-04,40,40.0,0.5,1e-04,20,64240,0.5,1702932700.0,30.0,0,0.0,1702932700.0,30.0,18355.816,1.0,1702932700.0,20.0,9177.908,0.0,1702932700.0,40,9177.908,1e-04,1702932700.0,40,1,0.00010895729,1702932700.0,40,1,0.00010895729,1702932700.0,40.0,0.5,0.00010895729,1702932700.0,Attack,Attack-TCP-Flag-ACK-PSH
40,20.0,0.5,0.0002,20,20.0,0.5,0.0002,20,1024,0.5,1702932700.0,20.0,0,0.0,1702932700.0,20.0,12671.613,1.0,1702932700.0,20.0,6335.8066,0.0,1702932700.0,20,6335.8066,0.0002,1702932700.0,20,1,0.0001578331,1702932700.0,20,1,0.0001578331,1702932700.0,20.0,0.5,0.0001578331,1702932700.0,Attack,Attack-TCP-Flag-ACK-PSH
40,20.0,0.5,1e-04,20,20.0,0.5,1e-04,20,1024,0.5,1702932700.0,20.0,0,0.0,1702932700.0,20.0,21076.904,1.0,1702932700.0,20.0,10538.452,0.0,1702932700.0,20,10538.452,1e-04,1702932700.0,20,1,9.4890594e-05,1702932700.0,20,1,9.4890594e-05,1702932700.0,20.0,0.5,9.4890594e-05,1702932700.0,Attack,Attack-TCP-Flag-ACK-PSH
40,20.0,0.5,1e-04,20,20.0,0.5,1e-04,20,1024,0.5,1702932700.0,20.0,0,0.0,1702932700.0,20.0,23831.273,1.0,1702932700.0,20.0,11915.637,0.0,1702932700.0,20,11915.637,1e-04,1702932700.0,20,1,8.392334e-05,1702932700.0,20,1,8.392334e-05,1702932700.0,20.0,0.5,8.392334e-05,1702932700.0,Attack,Attack-TCP-Flag-ACK-PSH
40,0.0,0.5,0.1108,20,0.0,0.0,0.1108,20,0,0.5,0.0,20.0,62596,0.0,0.0,20.0,18.052013,0.0,0.0,20.0,18.052013,0.0,0.0,0,0.0,0.1108,0.0,0,1,0.11079097,0.0,0,1,0.11079097,0.11079097,0.0,0.0,0.11079097,0.1108,Attack,Attack-TCP-Flag-ACK-PSH
60,40.0,0.5,1e-04,40,40.0,0.5,1e-04,20,64240,0.5,1702932700.0,30.0,0,0.0,1702932700.0,30.0,16545.578,1.0,1702932700.0,20.0,8272.789,0.0,1702932700.0,40,8272.789,1e-04,1702932700.0,40,1,0.00012087822,1702932700.0,40,1,0.00012087822,1702932700.0,40.0,0.5,0.00012087822,1702932700.0,Attack,Attack-TCP-Flag-ACK-PSH
60,40.0,0.5,1e-04,40,40.0,0.5,1e-04,20,64240,0.5,1702932700.0,30.0,0,0.0,1702932700.0,30.0,17260.51,1.0,1702932700.0,20.0,8630.255,0.0,1702932700.0,40,8630.255,1e-04,1702932700.0,40,1,0.00011587143,1702932700.0,40,1,0.00011587143,1702932700.0,40.0,0.5,0.00011587143,1702932700.0,Attack,Attack-TCP-Flag-ACK-PSH
40,20.0,0.5,1e-04,20,20.0,0.5,1e-04,20,1024,0.5,1702932700.0,20.0,0,0.0,1702932700.0,20.0,20610.83,1.0,1702932700.0,20.0,10305.415,0.0,1702932700.0,20,10305.415,1e-04,1702932700.0,20,1,9.703636e-05,1702932700.0,20,1,9.703636e-05,1702932700.0,20.0,0.5,9.703636e-05,1702932700.0,Attack,Attack-TCP-Flag-ACK-PSH
60,40.0,0.5,1e-04,40,40.0,0.5,1e-04,20,64240,0.5,1702932700.0,30.0,0,0.0,1702932700.0,30.0,16513.008,1.0,1702932700.0,20.0,8256.504,0.0,1702932700.0,40,8256.504,1e-04,1702932700.0,40,1,0.00012111664,1702932700.0,40,1,0.00012111664,1702932700.0,40.0,0.5,0.00012111664,1702932700.0,Attack,Attack-TCP-Flag-ACK-PSH
40,20.0,0.5,1e-04,20,20.0,0.5,1e-04,20,1024,0.5,1702932900.0,20.0,0,0.0,1702932900.0,20.0,20020.545,1.0,1702932900.0,20.0,10010.272,0.0,1702932900.0,20,10010.272,1e-04,1702932900.0,20,1,9.9897385e-05,1702932900.0,20,1,9.9897385e-05,1702932900.0,20.0,0.5,9.9897385e-05,1702932900.0,Attack,Attack-TCP-Flag-ACK-PSH
40,20.0,0.5,1e-04,20,20.0,0.5,1e-04,20,1024,0.5,1702932900.0,20.0,0,0.0,1702932900.0,20.0,24105.195,1.0,1702932900.0,20.0,12052.598,0.0,1702932900.0,20,12052.598,1e-04,1702932900.0,20,1,8.2969666e-05,1702932900.0,20,1,8.2969666e-05,1702932900.0,20.0,0.5,8.2969666e-05,1702932900.0,Attack,Attack-TCP-Flag-ACK-PSH
40,20.0,0.5,1e-04,20,20.0,0.5,1e-04,20,1024,0.5,1702932900.0,20.0,0,0.0,1702932900.0,20.0,15391.941,1.0,1702932900.0,20.0,7695.9707,0.0,1702932900.0,20,7695.9707,1e-04,1702932900.0,20,1,0.00012993813,1702932900.0,20,1,0.00012993813,1702932900.0,20.0,0.5,0.00012993813,1702932900.0,Attack,Attack-TCP-Flag-ACK-PSH
52,32.0,0.5,1e-04,32,32.0,0.5,1e-04,20,8192,0.5,1702932900.0,26.0,0,0.0,1702932900.0,26.0,22982.488,1.0,1702932900.0,20.0,11491.244,0.0,1702932900.0,32,11491.244,1e-04,1702932900.0,32,1,8.702278e-05,1702932900.0,32,1,8.702278e-05,1702932900.0,32.0,0.5,8.702278e-05,1702932900.0,Attack,Attack-TCP-Flag-ACK-PSH
40,20.0,0.5,1e-04,20,20.0,0.5,1e-04,20,1024,0.5,1702932900.0,20.0,0,0.0,1702932900.0,20.0,17403.752,1.0,1702932900.0,20.0,8701.876,0.0,1702932900.0,20,8701.876,1e-04,1702932900.0,20,1,0.000114917755,1702932900.0,20,1,0.000114917755,1702932900.0,20.0,0.5,0.000114917755,1702932900.0,Attack,Attack-TCP-Flag-ACK-PSH
40,20.0,0.5,1e-04,20,20.0,0.5,1e-04,20,1024,0.5,1702932900.0,20.0,0,0.0,1702932900.0,20.0,20610.83,1.0,1702932900.0,20.0,10305.415,0.0,1702932900.0,20,10305.415,1e-04,1702932900.0,20,1,9.703636e-05,1702932900.0,20,1,9.703636e-05,1702932900.0,20.0,0.5,9.703636e-05,1702932900.0,Attack,Attack-TCP-Flag-ACK-PSH
40,20.0,0.5,1e-04,20,20.0,0.5,1e-04,20,1024,0.5,1702932900.0,20.0,0,0.0,1702932900.0,20.0,14926.349,1.0,1702932900.0,20.0,7463.1743,0.0,1702932900.0,20,7463.1743,1e-04,1702932900.0,20,1,0.00013399124,1702932900.0,20,1,0.00013399124,1702932900.0,20.0,0.5,0.00013399124,1702932900.0,Attack,Attack-TCP-Flag-ACK-PSH
40,20.0,0.5,1e-04,20,20.0,0.5,1e-04,20,1024,0.5,1702932900.0,20.0,0,0.0,1702932900.0,20.0,14388.693,1.0,1702932900.0,20.0,7194.3467,0.0,1702932900.0,20,7194.3467,1e-04,1702932900.0,20,1,0.00013899803,1702932900.0,20,1,0.00013899803,1702932900.0,20.0,0.5,0.00013899803,1702932900.0,Attack,Attack-TCP-Flag-ACK-PSH
60,40.0,0.5,1e-04,40,40.0,0.5,1e-04,20,64240,0.5,1702932900.0,30.0,0,0.0,1702932900.0,30.0,19784.453,1.0,1702932900.0,20.0,9892.227,0.0,1702932900.0,40,9892.227,1e-04,1702932900.0,40,1,0.00010108948,1702932900.0,40,1,0.00010108948,1702932900.0,40.0,0.5,0.00010108948,1702932900.0,Attack,Attack-TCP-Flag-ACK-PSH
20,20.0,1.0,1702932400.0,20,20.0,0.0,1702932400.0,20,0,0.0,1702932400.0,20.0,0,0.0,1702932400.0,20.0,0.0,0.0,1702932400.0,20.0,0.0,0.0,1702932400.0,20,0.0,1702932400.0,1702932400.0,20,1,1702932400.0,1702932400.0,20,0,1702932400.0,0.0,20.0,0.0,1702932400.0,0.0,Attack,Attack-TCP-Flag-ACK-PSH
20,20.0,1.0,1702932400.0,20,20.0,0.0,1702932400.0,20,0,0.0,1702932400.0,20.0,0,0.0,1702932400.0,20.0,0.0,0.0,1702932400.0,20.0,0.0,0.0,1702932400.0,20,0.0,1702932400.0,1702932400.0,20,1,1702932400.0,1702932400.0,20,0,1702932400.0,0.0,20.0,0.0,1702932400.0,0.0,Attack,Attack-TCP-Flag-ACK-PSH
40,0.0,0.5,0.1047,20,0.0,0.0,0.1047,20,0,0.5,0.0,20.0,64000,0.0,0.0,20.0,19.108969,0.0,0.0,20.0,19.108969,0.0,0.0,0,0.0,0.1047,0.0,0,1,0.104662895,0.0,0,1,0.104662895,0.104662895,0.0,0.0,0.104662895,0.1047,Attack,Attack-TCP-Flag-ACK-PSH
20,20.0,1.0,1702932400.0,20,20.0,0.0,1702932400.0,20,0,0.0,1702932400.0,20.0,0,0.0,1702932400.0,20.0,0.0,0.0,1702932400.0,20.0,0.0,0.0,1702932400.0,20,0.0,1702932400.0,1702932400.0,20,1,1702932400.0,1702932400.0,20,0,1702932400.0,0.0,20.0,0.0,1702932400.0,0.0,Attack,Attack-TCP-Flag-ACK-PSH
60,40.0,0.5,1e-04,40,40.0,0.5,1e-04,20,64240,0.5,1702932400.0,30.0,0,0.0,1702932400.0,30.0,27776.848,1.0,1702932400.0,20.0,13888.424,0.0,1702932400.0,40,13888.424,1e-04,1702932400.0,40,1,7.200241e-05,1702932400.0,40,1,7.200241e-05,1702932400.0,40.0,0.5,7.200241e-05,1702932400.0,Attack,Attack-TCP-Flag-ACK-PSH
20,20.0,1.0,1702932400.0,20,20.0,0.0,1702932400.0,20,0,0.0,1702932400.0,20.0,0,0.0,1702932400.0,20.0,0.0,0.0,1702932400.0,20.0,0.0,0.0,1702932400.0,20,0.0,1702932400.0,1702932400.0,20,1,1702932400.0,1702932400.0,20,0,1702932400.0,0.0,20.0,0.0,1702932400.0,0.0,Attack,Attack-TCP-Flag-ACK-PSH
40,0.0,0.5,0.1109,20,0.0,0.0,0.1109,20,0,0.5,0.0,20.0,62611,0.0,0.0,20.0,18.028734,0.0,0.0,20.0,18.028734,0.0,0.0,0,0.0,0.1109,0.0,0,1,0.11093402,0.0,0,1,0.11093402,0.11093402,0.0,0.0,0.11093402,0.1109,Attack,Attack-TCP-Flag-ACK-PSH
20,20.0,1.0,1702932400.0,20,20.0,0.0,1702932400.0,20,0,0.0,1702932400.0,20.0,0,0.0,1702932400.0,20.0,0.0,0.0,1702932400.0,20.0,0.0,0.0,1702932400.0,20,0.0,1702932400.0,1702932400.0,20,1,1702932400.0,1702932400.0,20,0,1702932400.0,0.0,20.0,0.0,1702932400.0,0.0,Attack,Attack-TCP-Flag-ACK-PSH
40,0.0,0.5,0.108,20,0.0,0.0,0.108,20,0,0.5,0.0,20.0,62608,0.0,0.0,20.0,18.524727,0.0,0.0,20.0,18.524727,0.0,0.0,0,0.0,0.108,0.0,0,1,0.1079638,0.0,0,1,0.1079638,0.1079638,0.0,0.0,0.1079638,0.108,Attack,Attack-TCP-Flag-ACK-PSH
20,20.0,1.0,1702932400.0,20,20.0,0.0,1702932400.0,20,0,0.0,1702932400.0,20.0,0,0.0,1702932400.0,20.0,0.0,0.0,1702932400.0,20.0,0.0,0.0,1702932400.0,20,0.0,1702932400.0,1702932400.0,20,1,1702932400.0,1702932400.0,20,0,1702932400.0,0.0,20.0,0.0,1702932400.0,0.0,Attack,Attack-TCP-Flag-ACK-PSH
52,32.0,0.5,1e-04,32,32.0,0.5,1e-04,20,1024,0.5,1702932400.0,26.0,0,0.0,1702932400.0,26.0,27060.025,1.0,1702932400.0,20.0,13530.013,0.0,1702932400.0,32,13530.013,1e-04,1702932400.0,32,1,7.390976e-05,1702932400.0,32,1,7.390976e-05,1702932400.0,32.0,0.5,7.390976e-05,1702932400.0,Attack,Attack-TCP-Flag-ACK-PSH
64,32.0,0.0,2.9998,32,32.0,1.0,2.9998,32,8192,0.0,2.9998,32.0,0,0.0,2.999772,32.0,0.66671735,1.0,2.999772,32.0,0.0,0.0,2.999772,64,0.66671735,2.9998,2.9998,32,0,2.999772,2.9998,32,0,2.999772,0.0,32.0,1.0,2.999772,0.0,Attack,Attack-TCP-Flag-ACK-PSH
40,0.0,0.5,0.1109,20,0.0,0.0,0.1109,20,0,0.5,0.0,20.0,62602,0.0,0.0,20.0,18.038969,0.0,0.0,20.0,18.038969,0.0,0.0,0,0.0,0.1109,0.0,0,1,0.11087108,0.0,0,1,0.11087108,0.11087108,0.0,0.0,0.11087108,0.1109,Attack,Attack-TCP-Flag-ACK-PSH
40,0.0,0.5,0.1068,20,0.0,0.0,0.1068,20,0,0.5,0.0,20.0,62605,0.0,0.0,20.0,18.724823,0.0,0.0,20.0,18.724823,0.0,0.0,0,0.0,0.1068,0.0,0,1,0.10681009,0.0,0,1,0.10681009,0.10681009,0.0,0.0,0.10681009,0.1068,Attack,Attack-TCP-Flag-ACK-PSH
20,20.0,1.0,1702932400.0,20,20.0,0.0,1702932400.0,20,0,0.0,1702932400.0,20.0,0,0.0,1702932400.0,20.0,0.0,0.0,1702932400.0,20.0,0.0,0.0,1702932400.0,20,0.0,1702932400.0,1702932400.0,20,1,1702932400.0,1702932400.0,20,0,1702932400.0,0.0,20.0,0.0,1702932400.0,0.0,Attack,Attack-TCP-Flag-ACK-PSH
40,0.0,0.5,0.1079,20,0.0,0.0,0.1079,20,0,0.5,0.0,20.0,62608,0.0,0.0,20.0,18.53017,0.0,0.0,20.0,18.53017,0.0,0.0,0,0.0,0.1079,0.0,0,1,0.10793209,0.0,0,1,0.10793209,0.10793209,0.0,0.0,0.10793209,0.1079,Attack,Attack-TCP-Flag-ACK-PSH
20,20.0,1.0,1702932400.0,20,20.0,0.0,1702932400.0,20,0,0.0,1702932400.0,20.0,0,0.0,1702932400.0,20.0,0.0,0.0,1702932400.0,20.0,0.0,0.0,1702932400.0,20,0.0,1702932400.0,1702932400.0,20,1,1702932400.0,1702932400.0,20,0,1702932400.0,0.0,20.0,0.0,1702932400.0,0.0,Attack,Attack-TCP-Flag-ACK-PSH
24,24.0,0.0,1702932400.0,24,24.0,1.0,1702932400.0,24,65535,0.0,1702932400.0,24.0,0,0.0,1702932400.0,24.0,0.0,1.0,1702932400.0,24.0,0.0,0.0,1702932400.0,24,0.0,1702932400.0,1702932400.0,24,0,1702932400.0,1702932400.0,24,0,1702932400.0,0.0,24.0,1.0,1702932400.0,0.0,Attack,Attack-TCP-Flag-ACK-PSH
20,20.0,1.0,1702932400.0,20,20.0,0.0,1702932400.0,20,0,0.0,1702932400.0,20.0,0,0.0,1702932400.0,20.0,0.0,0.0,1702932400.0,20.0,0.0,0.0,1702932400.0,20,0.0,1702932400.0,1702932400.0,20,1,1702932400.0,1702932400.0,20,0,1702932400.0,0.0,20.0,0.0,1702932400.0,0.0,Attack,Attack-TCP-Flag-ACK-PSH
20,20.0,1.0,1702932400.0,20,20.0,0.0,1702932400.0,20,0,0.0,1702932400.0,20.0,0,0.0,1702932400.0,20.0,0.0,0.0,1702932400.0,20.0,0.0,0.0,1702932400.0,20,0.0,1702932400.0,1702932400.0,20,1,1702932400.0,1702932400.0,20,0,1702932400.0,0.0,20.0,0.0,1702932400.0,0.0,Attack,Attack-TCP-Flag-ACK-PSH
20,20.0,1.0,1702932400.0,20,20.0,0.0,1702932400.0,20,0,0.0,1702932400.0,20.0,0,0.0,1702932400.0,20.0,0.0,0.0,1702932400.0,20.0,0.0,0.0,1702932400.0,20,0.0,1702932400.0,1702932400.0,20,1,1702932400.0,1702932400.0,20,0,1702932400.0,0.0,20.0,0.0,1702932400.0,0.0,Attack,Attack-TCP-Flag-ACK-PSH
60,40.0,0.5,0.0002,40,40.0,0.5,0.0002,20,29200,0.5,1702932400.0,30.0,0,0.0,1702932400.0,30.0,9436.005,1.0,1702932400.0,20.0,4718.0024,0.0,1702932400.0,40,4718.0024,0.0002,1702932400.0,40,1,0.00021195412,1702932400.0,40,1,0.00021195412,1702932400.0,40.0,0.5,0.00021195412,1702932400.0,Attack,Attack-TCP-Flag-ACK-PSH
64,32.0,0.0,2.9908,32,32.0,1.0,2.9908,32,8192,0.0,2.9908,32.0,0,0.0,2.9908059,32.0,0.6687161,1.0,2.9908059,32.0,0.0,0.0,2.9908059,64,0.6687161,2.9908,2.9908,32,0,2.9908059,2.9908,32,0,2.9908059,0.0,32.0,1.0,2.9908059,0.0,Attack,Attack-TCP-Flag-ACK-PSH
40,0.0,0.5,0.1111,20,0.0,0.0,0.1111,20,0,0.5,0.0,20.0,62602,0.0,0.0,20.0,18.003893,0.0,0.0,20.0,18.003893,0.0,0.0,0,0.0,0.1111,0.0,0,1,0.111087084,0.0,0,1,0.111087084,0.111087084,0.0,0.0,0.111087084,0.1111,Attack,Attack-TCP-Flag-ACK-PSH
40,0.0,0.5,0.11,20,0.0,0.0,0.11,20,0,0.5,0.0,20.0,62592,0.0,0.0,20.0,18.173721,0.0,0.0,20.0,18.173721,0.0,0.0,0,0.0,0.11,0.0,0,1,0.11004901,0.0,0,1,0.11004901,0.11004901,0.0,0.0,0.11004901,0.11,Attack,Attack-TCP-Flag-ACK-PSH
40,0.0,0.5,0.1101,20,0.0,0.0,0.1101,20,0,0.5,0.0,20.0,62590,0.0,0.0,20.0,18.163176,0.0,0.0,20.0,18.163176,0.0,0.0,0,0.0,0.1101,0.0,0,1,0.110112906,0.0,0,1,0.110112906,0.110112906,0.0,0.0,0.110112906,0.1101,Attack,Attack-TCP-Flag-ACK-PSH
20,20.0,1.0,1702932400.0,20,20.0,0.0,1702932400.0,20,0,0.0,1702932400.0,20.0,0,0.0,1702932400.0,20.0,0.0,0.0,1702932400.0,20.0,0.0,0.0,1702932400.0,20,0.0,1702932400.0,1702932400.0,20,1,1702932400.0,1702932400.0,20,0,1702932400.0,0.0,20.0,0.0,1702932400.0,0.0,Attack,Attack-TCP-Flag-ACK-PSH
40,0.0,0.5,0.1063,20,0.0,0.0,0.1063,20,0,0.5,0.0,20.0,64000,0.0,0.0,20.0,18.82352,0.0,0.0,20.0,18.82352,0.0,0.0,0,0.0,0.1063,0.0,0,1,0.10625005,0.0,0,1,0.10625005,0.10625005,0.0,0.0,0.10625005,0.1063,Attack,Attack-TCP-Flag-ACK-PSH
40,0.0,0.5,0.1079,20,0.0,0.0,0.1079,20,0,0.5,0.0,20.0,62592,0.0,0.0,20.0,18.529678,0.0,0.0,20.0,18.529678,0.0,0.0,0,0.0,0.1079,0.0,0,1,0.10793495,0.0,0,1,0.10793495,0.10793495,0.0,0.0,0.10793495,0.1079,Attack,Attack-TCP-Flag-ACK-PSH
20,20.0,1.0,1702932400.0,20,20.0,0.0,1702932400.0,20,0,0.0,1702932400.0,20.0,0,0.0,1702932400.0,20.0,0.0,0.0,1702932400.0,20.0,0.0,0.0,1702932400.0,20,0.0,1702932400.0,1702932400.0,20,1,1702932400.0,1702932400.0,20,0,1702932400.0,0.0,20.0,0.0,1702932400.0,0.0,Attack,Attack-TCP-Flag-ACK-PSH
64,32.0,0.0,3.007,32,32.0,1.0,3.007,32,8192,0.0,3.007,32.0,0,0.0,3.006989,32.0,0.66511714,1.0,3.006989,32.0,0.0,0.0,3.006989,64,0.66511714,3.007,3.007,32,0,3.006989,3.007,32,0,3.006989,0.0,32.0,1.0,3.006989,0.0,Attack,Attack-TCP-Flag-ACK-PSH
40,0.0,0.5,0.1111,20,0.0,0.0,0.1111,20,0,0.5,0.0,20.0,62602,0.0,0.0,20.0,18.004242,0.0,0.0,20.0,18.004242,0.0,0.0,0,0.0,0.1111,0.0,0,1,0.11108494,0.0,0,1,0.11108494,0.11108494,0.0,0.0,0.11108494,0.1111,Attack,Attack-TCP-Flag-ACK-PSH
20,20.0,1.0,1702932400.0,20,20.0,0.0,1702932400.0,20,0,0.0,1702932400.0,20.0,0,0.0,1702932400.0,20.0,0.0,0.0,1702932400.0,20.0,0.0,0.0,1702932400.0,20,0.0,1702932400.0,1702932400.0,20,1,1702932400.0,1702932400.0,20,0,1702932400.0,0.0,20.0,0.0,1702932400.0,0.0,Attack,Attack-TCP-Flag-ACK-PSH
20,20.0,1.0,1702932400.0,20,20.0,0.0,1702932400.0,20,0,0.0,1702932400.0,20.0,0,0.0,1702932400.0,20.0,0.0,0.0,1702932400.0,20.0,0.0,0.0,1702932400.0,20,0.0,1702932400.0,1702932400.0,20,1,1702932400.0,1702932400.0,20,0,1702932400.0,0.0,20.0,0.0,1702932400.0,0.0,Attack,Attack-TCP-Flag-ACK-PSH
20,20.0,1.0,1702932400.0,20,20.0,0.0,1702932400.0,20,1200,0.0,1702932400.0,20.0,0,0.0,1702932400.0,20.0,0.0,0.0,1702932400.0,20.0,0.0,0.0,1702932400.0,20,0.0,1702932400.0,1702932400.0,20,1,1702932400.0,1702932400.0,20,0,1702932400.0,0.0,20.0,0.0,1702932400.0,0.0,Attack,Attack-TCP-Flag-ACK-PSH
40,0.0,0.5,0.111,20,0.0,0.0,0.111,20,0,0.5,0.0,20.0,62608,0.0,0.0,20.0,18.019014,0.0,0.0,20.0,18.019014,0.0,0.0,0,0.0,0.111,0.0,0,1,0.11099386,0.0,0,1,0.11099386,0.11099386,0.0,0.0,0.11099386,0.111,Attack,Attack-TCP-Flag-ACK-PSH
20,20.0,1.0,1702932400.0,20,20.0,0.0,1702932400.0,20,0,0.0,1702932400.0,20.0,0,0.0,1702932400.0,20.0,0.0,0.0,1702932400.0,20.0,0.0,0.0,1702932400.0,20,0.0,1702932400.0,1702932400.0,20,1,1702932400.0,1702932400.0,20,0,1702932400.0,0.0,20.0,0.0,1702932400.0,0.0,Attack,Attack-TCP-Flag-ACK-PSH
20,20.0,1.0,1702932400.0,20,20.0,0.0,1702932400.0,20,0,0.0,1702932400.0,20.0,0,0.0,1702932400.0,20.0,0.0,0.0,1702932400.0,20.0,0.0,0.0,1702932400.0,20,0.0,1702932400.0,1702932400.0,20,1,1702932400.0,1702932400.0,20,0,1702932400.0,0.0,20.0,0.0,1702932400.0,0.0,Attack,Attack-TCP-Flag-ACK-PSH
40,0.0,0.5,0.1099,20,0.0,0.0,0.1099,20,0,0.5,0.0,20.0,62602,0.0,0.0,20.0,18.193548,0.0,0.0,20.0,18.193548,0.0,0.0,0,0.0,0.1099,0.0,0,1,0.109929085,0.0,0,1,0.109929085,0.109929085,0.0,0.0,0.109929085,0.1099,Attack,Attack-TCP-Flag-ACK-PSH
40,0.0,0.5,0.1078,20,0.0,0.0,0.1078,20,0,0.5,0.0,20.0,64000,0.0,0.0,20.0,18.547379,0.0,0.0,20.0,18.547379,0.0,0.0,0,0.0,0.1078,0.0,0,1,0.107831955,0.0,0,1,0.107831955,0.107831955,0.0,0.0,0.107831955,0.1078,Attack,Attack-TCP-Flag-ACK-PSH
40,0.0,0.5,0.1109,20,0.0,0.0,0.1109,20,0,0.5,0.0,20.0,62602,0.0,0.0,20.0,18.03734,0.0,0.0,20.0,18.03734,0.0,0.0,0,0.0,0.1109,0.0,0,1,0.11088109,0.0,0,1,0.11088109,0.11088109,0.0,0.0,0.11088109,0.1109,Attack,Attack-TCP-Flag-ACK-PSH
20,20.0,1.0,1702932400.0,20,20.0,0.0,1702932400.0,20,0,0.0,1702932400.0,20.0,0,0.0,1702932400.0,20.0,0.0,0.0,1702932400.0,20.0,0.0,0.0,1702932400.0,20,0.0,1702932400.0,1702932400.0,20,1,1702932400.0,1702932400.0,20,0,1702932400.0,0.0,20.0,0.0,1702932400.0,0.0,Attack,Attack-TCP-Flag-ACK-PSH
20,20.0,1.0,1702932400.0,20,20.0,0.0,1702932400.0,20,1200,0.0,1702932400.0,20.0,0,0.0,1702932400.0,20.0,0.0,0.0,1702932400.0,20.0,0.0,0.0,1702932400.0,20,0.0,1702932400.0,1702932400.0,20,1,1702932400.0,1702932400.0,20,0,1702932400.0,0.0,20.0,0.0,1702932400.0,0.0,Attack,Attack-TCP-Flag-ACK-PSH
40,0.0,0.5,0.111,20,0.0,0.0,0.111,20,0,0.5,0.0,20.0,62596,0.0,0.0,20.0,18.021917,0.0,0.0,20.0,18.021917,0.0,0.0,0,0.0,0.111,0.0,0,1,0.11097598,0.0,0,1,0.11097598,0.11097598,0.0,0.0,0.11097598,0.111,Attack,Attack-TCP-Flag-ACK-PSH
20,20.0,1.0,1702932400.0,20,20.0,0.0,1702932400.0,20,0,0.0,1702932400.0,20.0,0,0.0,1702932400.0,20.0,0.0,0.0,1702932400.0,20.0,0.0,0.0,1702932400.0,20,0.0,1702932400.0,1702932400.0,20,1,1702932400.0,1702932400.0,20,0,1702932400.0,0.0,20.0,0.0,1702932400.0,0.0,Attack,Attack-TCP-Flag-ACK-PSH
20,20.0,1.0,1702932400.0,20,20.0,0.0,1702932400.0,20,0,0.0,1702932400.0,20.0,0,0.0,1702932400.0,20.0,0.0,0.0,1702932400.0,20.0,0.0,0.0,1702932400.0,20,0.0,1702932400.0,1702932400.0,20,1,1702932400.0,1702932400.0,20,0,1702932400.0,0.0,20.0,0.0,1702932400.0,0.0,Attack,Attack-TCP-Flag-ACK-PSH
40,20.0,0.5,1e-04,20,20.0,0.5,1e-04,20,1024,0.5,1702932400.0,20.0,0,0.0,1702932400.0,20.0,14513.163,1.0,1702932400.0,20.0,7256.5815,0.0,1702932400.0,20,7256.5815,1e-04,1702932400.0,20,1,0.00013780594,1702932400.0,20,1,0.00013780594,1702932400.0,20.0,0.5,0.00013780594,1702932400.0,Attack,Attack-TCP-Flag-ACK-PSH
24,24.0,0.0,1702932400.0,24,24.0,1.0,1702932400.0,24,65535,0.0,1702932400.0,24.0,0,0.0,1702932400.0,24.0,0.0,1.0,1702932400.0,24.0,0.0,0.0,1702932400.0,24,0.0,1702932400.0,1702932400.0,24,0,1702932400.0,1702932400.0,24,0,1702932400.0,0.0,24.0,1.0,1702932400.0,0.0,Attack,Attack-TCP-Flag-ACK-PSH
40,0.0,0.5,0.1098,20,0.0,0.0,0.1098,20,0,0.5,0.0,20.0,64000,0.0,0.0,20.0,18.218916,0.0,0.0,20.0,18.218916,0.0,0.0,0,0.0,0.1098,0.0,0,1,0.10977602,0.0,0,1,0.10977602,0.10977602,0.0,0.0,0.10977602,0.1098,Attack,Attack-TCP-Flag-ACK-PSH
20,20.0,1.0,1702932400.0,20,20.0,0.0,1702932400.0,20,0,0.0,1702932400.0,20.0,0,0.0,1702932400.0,20.0,0.0,0.0,1702932400.0,20.0,0.0,0.0,1702932400.0,20,0.0,1702932400.0,1702932400.0,20,1,1702932400.0,1702932400.0,20,0,1702932400.0,0.0,20.0,0.0,1702932400.0,0.0,Attack,Attack-TCP-Flag-ACK-PSH
40,0.0,0.5,0.1107,20,0.0,0.0,0.1107,20,0,0.5,0.0,20.0,62594,0.0,0.0,20.0,18.067526,0.0,0.0,20.0,18.067526,0.0,0.0,0,0.0,0.1107,0.0,0,1,0.11069584,0.0,0,1,0.11069584,0.11069584,0.0,0.0,0.11069584,0.1107,Attack,Attack-TCP-Flag-ACK-PSH
20,20.0,1.0,1702932400.0,20,20.0,0.0,1702932400.0,20,1200,0.0,1702932400.0,20.0,0,0.0,1702932400.0,20.0,0.0,0.0,1702932400.0,20.0,0.0,0.0,1702932400.0,20,0.0,1702932400.0,1702932400.0,20,1,1702932400.0,1702932400.0,20,0,1702932400.0,0.0,20.0,0.0,1702932400.0,0.0,Attack,Attack-TCP-Flag-ACK-PSH
40,20.0,0.5,1e-04,20,20.0,0.5,1e-04,20,1024,0.5,1702932400.0,20.0,0,0.0,1702932400.0,20.0,24105.195,1.0,1702932400.0,20.0,12052.598,0.0,1702932400.0,20,12052.598,1e-04,1702932400.0,20,1,8.2969666e-05,1702932400.0,20,1,8.2969666e-05,1702932400.0,20.0,0.5,8.2969666e-05,1702932400.0,Attack,Attack-TCP-Flag-ACK-PSH
20,20.0,1.0,1702932400.0,20,20.0,0.0,1702932400.0,20,0,0.0,1702932400.0,20.0,0,0.0,1702932400.0,20.0,0.0,0.0,1702932400.0,20.0,0.0,0.0,1702932400.0,20,0.0,1702932400.0,1702932400.0,20,1,1702932400.0,1702932400.0,20,0,1702932400.0,0.0,20.0,0.0,1702932400.0,0.0,Attack,Attack-TCP-Flag-ACK-PSH
60,40.0,0.5,1e-04,40,40.0,0.5,1e-04,20,64240,0.5,1702932400.0,30.0,0,0.0,1702932400.0,30.0,25343.227,1.0,1702932400.0,20.0,12671.613,0.0,1702932400.0,40,12671.613,1e-04,1702932400.0,40,1,7.891655e-05,1702932400.0,40,1,7.891655e-05,1702932400.0,40.0,0.5,7.891655e-05,1702932400.0,Attack,Attack-TCP-Flag-ACK-PSH
40,0.0,0.5,0.1112,20,0.0,0.0,0.1112,20,0,0.5,0.0,20.0,62599,0.0,0.0,20.0,17.983822,0.0,0.0,20.0,17.983822,0.0,0.0,0,0.0,0.1112,0.0,0,1,0.11121106,0.0,0,1,0.11121106,0.11121106,0.0,0.0,0.11121106,0.1112,Attack,Attack-TCP-Flag-ACK-PSH
20,20.0,1.0,1702932400.0,20,20.0,0.0,1702932400.0,20,0,0.0,1702932400.0,20.0,0,0.0,1702932400.0,20.0,0.0,0.0,1702932400.0,20.0,0.0,0.0,1702932400.0,20,0.0,1702932400.0,1702932400.0,20,1,1702932400.0,1702932400.0,20,0,1702932400.0,0.0,20.0,0.0,1702932400.0,0.0,Attack,Attack-TCP-Flag-ACK-PSH
40,0.0,0.5,0.1107,20,0.0,0.0,0.1107,20,0,0.5,0.0,20.0,64000,0.0,0.0,20.0,18.066515,0.0,0.0,20.0,18.066515,0.0,0.0,0,0.0,0.1107,0.0,0,1,0.11070204,0.0,0,1,0.11070204,0.11070204,0.0,0.0,0.11070204,0.1107,Attack,Attack-TCP-Flag-ACK-PSH
20,20.0,1.0,1702932400.0,20,20.0,0.0,1702932400.0,20,1200,0.0,1702932400.0,20.0,0,0.0,1702932400.0,20.0,0.0,0.0,1702932400.0,20.0,0.0,0.0,1702932400.0,20,0.0,1702932400.0,1702932400.0,20,1,1702932400.0,1702932400.0,20,0,1702932400.0,0.0,20.0,0.0,1702932400.0,0.0,Attack,Attack-TCP-Flag-ACK-PSH
40,0.0,0.5,0.1112,20,0.0,0.0,0.1112,20,0,0.5,0.0,20.0,62590,0.0,0.0,20.0,17.987717,0.0,0.0,20.0,17.987717,0.0,0.0,0,0.0,0.1112,0.0,0,1,0.11118698,0.0,0,1,0.11118698,0.11118698,0.0,0.0,0.11118698,0.1112,Attack,Attack-TCP-Flag-ACK-PSH
20,20.0,0.0,1702932400.0,20,20.0,0.0,1702932400.0,20,1028,0.0,1702932400.0,20.0,0,0.0,1702932400.0,20.0,0.0,0.0,1702932400.0,20.0,0.0,0.0,1702932400.0,20,0.0,1702932400.0,1702932400.0,20,0,1702932400.0,1702932400.0,20,0,1702932400.0,0.0,20.0,0.0,1702932400.0,0.0,Attack,Attack-TCP-Flag-ACK-PSH
40,0.0,0.5,0.1112,20,0.0,0.0,0.1112,20,0,0.5,0.0,20.0,62611,0.0,0.0,20.0,17.984169,0.0,0.0,20.0,17.984169,0.0,0.0,0,0.0,0.1112,0.0,0,1,0.111208916,0.0,0,1,0.111208916,0.111208916,0.0,0.0,0.111208916,0.1112,Attack,Attack-TCP-Flag-ACK-PSH
20,20.0,1.0,1702932400.0,20,20.0,0.0,1702932400.0,20,0,0.0,1702932400.0,20.0,0,0.0,1702932400.0,20.0,0.0,0.0,1702932400.0,20.0,0.0,0.0,1702932400.0,20,0.0,1702932400.0,1702932400.0,20,1,1702932400.0,1702932400.0,20,0,1702932400.0,0.0,20.0,0.0,1702932400.0,0.0,Attack,Attack-TCP-Flag-ACK-PSH
20,20.0,1.0,1702932400.0,20,20.0,0.0,1702932400.0,20,0,0.0,1702932400.0,20.0,0,0.0,1702932400.0,20.0,0.0,0.0,1702932400.0,20.0,0.0,0.0,1702932400.0,20,0.0,1702932400.0,1702932400.0,20,1,1702932400.0,1702932400.0,20,0,1702932400.0,0.0,20.0,0.0,1702932400.0,0.0,Attack,Attack-TCP-Flag-ACK-PSH
20,20.0,1.0,1702932400.0,20,20.0,0.0,1702932400.0,20,0,0.0,1702932400.0,20.0,0,0.0,1702932400.0,20.0,0.0,0.0,1702932400.0,20.0,0.0,0.0,1702932400.0,20,0.0,1702932400.0,1702932400.0,20,1,1702932400.0,1702932400.0,20,0,1702932400.0,0.0,20.0,0.0,1702932400.0,0.0,Attack,Attack-TCP-Flag-ACK-PSH
40,0.0,0.5,0.111,20,0.0,0.0,0.111,20,0,0.5,0.0,20.0,62594,0.0,0.0,20.0,18.016382,0.0,0.0,20.0,18.016382,0.0,0.0,0,0.0,0.111,0.0,0,1,0.111010075,0.0,0,1,0.111010075,0.111010075,0.0,0.0,0.111010075,0.111,Attack,Attack-TCP-Flag-ACK-PSH
20,20.0,1.0,1702932400.0,20,20.0,0.0,1702932400.0,20,0,0.0,1702932400.0,20.0,0,0.0,1702932400.0,20.0,0.0,0.0,1702932400.0,20.0,0.0,0.0,1702932400.0,20,0.0,1702932400.0,1702932400.0,20,1,1702932400.0,1702932400.0,20,0,1702932400.0,0.0,20.0,0.0,1702932400.0,0.0,Attack,Attack-TCP-Flag-ACK-PSH
52,32.0,0.5,1e-04,32,32.0,0.5,1e-04,20,1024,0.5,1702932400.0,26.0,0,0.0,1702932400.0,26.0,14716.856,1.0,1702932400.0,20.0,7358.428,0.0,1702932400.0,32,7358.428,1e-04,1702932400.0,32,1,0.00013589859,1702932400.0,32,1,0.00013589859,1702932400.0,32.0,0.5,0.00013589859,1702932400.0,Attack,Attack-TCP-Flag-ACK-PSH
40,0.0,0.5,0.111,20,0.0,0.0,0.111,20,0,0.5,0.0,20.0,62614,0.0,0.0,20.0,18.016693,0.0,0.0,20.0,18.016693,0.0,0.0,0,0.0,0.111,0.0,0,1,0.11100817,0.0,0,1,0.11100817,0.11100817,0.0,0.0,0.11100817,0.111,Attack,Attack-TCP-Flag-ACK-PSH
40,0.0,0.5,0.1076,20,0.0,0.0,0.1076,20,0,0.5,0.0,20.0,62588,0.0,0.0,20.0,18.592886,0.0,0.0,20.0,18.592886,0.0,0.0,0,0.0,0.1076,0.0,0,1,0.107568026,0.0,0,1,0.107568026,0.107568026,0.0,0.0,0.107568026,0.1076,Attack,Attack-TCP-Flag-ACK-PSH
40,20.0,0.5,1e-04,20,20.0,0.5,1e-04,20,65535,0.5,1702932400.0,20.0,0,0.0,1702932400.0,20.0,24385.488,1.0,1702932400.0,20.0,12192.744,0.0,1702932400.0,20,12192.744,1e-04,1702932400.0,20,1,8.201599e-05,1702932400.0,20,1,8.201599e-05,1702932400.0,20.0,0.5,8.201599e-05,1702932400.0,Attack,Attack-TCP-Flag-ACK-PSH
20,20.0,1.0,1702932400.0,20,20.0,0.0,1702932400.0,20,0,0.0,1702932400.0,20.0,0,0.0,1702932400.0,20.0,0.0,0.0,1702932400.0,20.0,0.0,0.0,1702932400.0,20,0.0,1702932400.0,1702932400.0,20,1,1702932400.0,1702932400.0,20,0,1702932400.0,0.0,20.0,0.0,1702932400.0,0.0,Attack,Attack-TCP-Flag-ACK-PSH
40,0.0,0.5,0.108,20,0.0,0.0,0.108,20,0,0.5,0.0,20.0,62599,0.0,0.0,20.0,18.525219,0.0,0.0,20.0,18.525219,0.0,0.0,0,0.0,0.108,0.0,0,1,0.10796094,0.0,0,1,0.10796094,0.10796094,0.0,0.0,0.10796094,0.108,Attack,Attack-TCP-Flag-ACK-PSH
52,32.0,0.5,0.0002,32,32.0,0.5,0.0002,20,1024,0.5,1702932400.0,26.0,0,0.0,1702932400.0,26.0,9857.354,1.0,1702932400.0,20.0,4928.677,0.0,1702932400.0,32,4928.677,0.0002,1702932400.0,32,1,0.00020289421,1702932400.0,32,1,0.00020289421,1702932400.0,32.0,0.5,0.00020289421,1702932400.0,Attack,Attack-TCP-Flag-ACK-PSH
40,0.0,0.5,0.1085,20,0.0,0.0,0.1085,20,0,0.5,0.0,20.0,62599,0.0,0.0,20.0,18.43233,0.0,0.0,20.0,18.43233,0.0,0.0,0,0.0,0.1085,0.0,0,1,0.10850501,0.0,0,1,0.10850501,0.10850501,0.0,0.0,0.10850501,0.1085,Attack,Attack-TCP-Flag-ACK-PSH
24,24.0,0.0,1702932400.0,24,24.0,1.0,1702932400.0,24,1025,0.0,1702932400.0,24.0,0,0.0,1702932400.0,24.0,0.0,1.0,1702932400.0,24.0,0.0,0.0,1702932400.0,24,0.0,1702932400.0,1702932400.0,24,0,1702932400.0,1702932400.0,24,0,1702932400.0,0.0,24.0,1.0,1702932400.0,0.0,Attack,Attack-TCP-Flag-ACK-PSH
20,20.0,1.0,1702932400.0,20,20.0,0.0,1702932400.0,20,0,0.0,1702932400.0,20.0,0,0.0,1702932400.0,20.0,0.0,0.0,1702932400.0,20.0,0.0,0.0,1702932400.0,20,0.0,1702932400.0,1702932400.0,20,1,1702932400.0,1702932400.0,20,0,1702932400.0,0.0,20.0,0.0,1702932400.0,0.0,Attack,Attack-TCP-Flag-ACK-PSH
40,0.0,0.5,0.111,20,0.0,0.0,0.111,20,0,0.5,0.0,20.0,62602,0.0,0.0,20.0,18.022732,0.0,0.0,20.0,18.022732,0.0,0.0,0,0.0,0.111,0.0,0,1,0.110970974,0.0,0,1,0.110970974,0.110970974,0.0,0.0,0.110970974,0.111,Attack,Attack-TCP-Flag-ACK-PSH
20,20.0,1.0,1702932400.0,20,20.0,0.0,1702932400.0,20,0,0.0,1702932400.0,20.0,0,0.0,1702932400.0,20.0,0.0,0.0,1702932400.0,20.0,0.0,0.0,1702932400.0,20,0.0,1702932400.0,1702932400.0,20,1,1702932400.0,1702932400.0,20,0,1702932400.0,0.0,20.0,0.0,1702932400.0,0.0,Attack,Attack-TCP-Flag-ACK-PSH
20,20.0,1.0,1702932400.0,20,20.0,0.0,1702932400.0,20,0,0.0,1702932400.0,20.0,0,0.0,1702932400.0,20.0,0.0,0.0,1702932400.0,20.0,0.0,0.0,1702932400.0,20,0.0,1702932400.0,1702932400.0,20,1,1702932400.0,1702932400.0,20,0,1702932400.0,0.0,20.0,0.0,1702932400.0,0.0,Attack,Attack-TCP-Flag-ACK-PSH
20,20.0,1.0,1702932400.0,20,20.0,0.0,1702932400.0,20,0,0.0,1702932400.0,20.0,0,0.0,1702932400.0,20.0,0.0,0.0,1702932400.0,20.0,0.0,0.0,1702932400.0,20,0.0,1702932400.0,1702932400.0,20,1,1702932400.0,1702932400.0,20,0,1702932400.0,0.0,20.0,0.0,1702932400.0,0.0,Attack,Attack-TCP-Flag-ACK-PSH
40,0.0,0.5,0.1111,20,0.0,0.0,0.1111,20,0,0.5,0.0,20.0,62590,0.0,0.0,20.0,17.995783,0.0,0.0,20.0,17.995783,0.0,0.0,0,0.0,0.1111,0.0,0,1,0.11113715,0.0,0,1,0.11113715,0.11113715,0.0,0.0,0.11113715,0.1111,Attack,Attack-TCP-Flag-ACK-PSH
40,0.0,0.5,0.1111,20,0.0,0.0,0.1111,20,0,0.5,0.0,20.0,62602,0.0,0.0,20.0,18.008453,0.0,0.0,20.0,18.008453,0.0,0.0,0,0.0,0.1111,0.0,0,1,0.11105895,0.0,0,1,0.11105895,0.11105895,0.0,0.0,0.11105895,0.1111,Attack,Attack-TCP-Flag-ACK-PSH
40,0.0,0.5,0.111,20,0.0,0.0,0.111,20,0,0.5,0.0,20.0,64000,0.0,0.0,20.0,18.021763,0.0,0.0,20.0,18.021763,0.0,0.0,0,0.0,0.111,0.0,0,1,0.110976934,0.0,0,1,0.110976934,0.110976934,0.0,0.0,0.110976934,0.111,Attack,Attack-TCP-Flag-ACK-PSH
20,20.0,1.0,1702932400.0,20,20.0,0.0,1702932400.0,20,0,0.0,1702932400.0,20.0,0,0.0,1702932400.0,20.0,0.0,0.0,1702932400.0,20.0,0.0,0.0,1702932400.0,20,0.0,1702932400.0,1702932400.0,20,1,1702932400.0,1702932400.0,20,0,1702932400.0,0.0,20.0,0.0,1702932400.0,0.0,Attack,Attack-TCP-Flag-ACK-PSH
40,0.0,0.5,0.1103,20,0.0,0.0,0.1103,20,0,0.5,0.0,20.0,62594,0.0,0.0,20.0,18.130905,0.0,0.0,20.0,18.130905,0.0,0.0,0,0.0,0.1103,0.0,0,1,0.110308886,0.0,0,1,0.110308886,0.110308886,0.0,0.0,0.110308886,0.1103,Attack,Attack-TCP-Flag-ACK-PSH
20,20.0,1.0,1702932400.0,20,20.0,0.0,1702932400.0,20,0,0.0,1702932400.0,20.0,0,0.0,1702932400.0,20.0,0.0,0.0,1702932400.0,20.0,0.0,0.0,1702932400.0,20,0.0,1702932400.0,1702932400.0,20,1,1702932400.0,1702932400.0,20,0,1702932400.0,0.0,20.0,0.0,1702932400.0,0.0,Attack,Attack-TCP-Flag-ACK-PSH
40,0.0,0.5,0.1052,20,0.0,0.0,0.1052,20,0,0.5,0.0,20.0,64000,0.0,0.0,20.0,19.016483,0.0,0.0,20.0,19.016483,0.0,0.0,0,0.0,0.1052,0.0,0,1,0.10517192,0.0,0,1,0.10517192,0.10517192,0.0,0.0,0.10517192,0.1052,Attack,Attack-TCP-Flag-ACK-PSH
20,20.0,1.0,1702932400.0,20,20.0,0.0,1702932400.0,20,0,0.0,1702932400.0,20.0,0,0.0,1702932400.0,20.0,0.0,0.0,1702932400.0,20.0,0.0,0.0,1702932400.0,20,0.0,1702932400.0,1702932400.0,20,1,1702932400.0,1702932400.0,20,0,1702932400.0,0.0,20.0,0.0,1702932400.0,0.0,Attack,Attack-TCP-Flag-ACK-PSH
40,0.0,0.5,0.1109,20,0.0,0.0,0.1109,20,0,0.5,0.0,20.0,62614,0.0,0.0,20.0,18.033968,0.0,0.0,20.0,18.033968,0.0,0.0,0,0.0,0.1109,0.0,0,1,0.11090183,0.0,0,1,0.11090183,0.11090183,0.0,0.0,0.11090183,0.1109,Attack,Attack-TCP-Flag-ACK-PSH
20,20.0,1.0,1702932400.0,20,20.0,0.0,1702932400.0,20,0,0.0,1702932400.0,20.0,0,0.0,1702932400.0,20.0,0.0,0.0,1702932400.0,20.0,0.0,0.0,1702932400.0,20,0.0,1702932400.0,1702932400.0,20,1,1702932400.0,1702932400.0,20,0,1702932400.0,0.0,20.0,0.0,1702932400.0,0.0,Attack,Attack-TCP-Flag-ACK-PSH
20,20.0,1.0,1702932400.0,20,20.0,0.0,1702932400.0,20,0,0.0,1702932400.0,20.0,0,0.0,1702932400.0,20.0,0.0,0.0,1702932400.0,20.0,0.0,0.0,1702932400.0,20,0.0,1702932400.0,1702932400.0,20,1,1702932400.0,1702932400.0,20,0,1702932400.0,0.0,20.0,0.0,1702932400.0,0.0,Attack,Attack-TCP-Flag-ACK-PSH
40,0.0,0.5,0.107,20,0.0,0.0,0.107,20,0,0.5,0.0,20.0,62608,0.0,0.0,20.0,18.689154,0.0,0.0,20.0,18.689154,0.0,0.0,0,0.0,0.107,0.0,0,1,0.10701394,0.0,0,1,0.10701394,0.10701394,0.0,0.0,0.10701394,0.107,Attack,Attack-TCP-Flag-ACK-PSH
24,24.0,0.0,1702932400.0,24,24.0,1.0,1702932400.0,24,65535,0.0,1702932400.0,24.0,0,0.0,1702932400.0,24.0,0.0,1.0,1702932400.0,24.0,0.0,0.0,1702932400.0,24,0.0,1702932400.0,1702932400.0,24,0,1702932400.0,1702932400.0,24,0,1702932400.0,0.0,24.0,1.0,1702932400.0,0.0,Attack,Attack-TCP-Flag-ACK-PSH
40,0.0,0.5,0.111,20,0.0,0.0,0.111,20,0,0.5,0.0,20.0,62602,0.0,0.0,20.0,18.01948,0.0,0.0,20.0,18.01948,0.0,0.0,0,0.0,0.111,0.0,0,1,0.110991,0.0,0,1,0.110991,0.110991,0.0,0.0,0.110991,0.111,Attack,Attack-TCP-Flag-ACK-PSH
20,20.0,1.0,1702932400.0,20,20.0,0.0,1702932400.0,20,0,0.0,1702932400.0,20.0,0,0.0,1702932400.0,20.0,0.0,0.0,1702932400.0,20.0,0.0,0.0,1702932400.0,20,0.0,1702932400.0,1702932400.0,20,1,1702932400.0,1702932400.0,20,0,1702932400.0,0.0,20.0,0.0,1702932400.0,0.0,Attack,Attack-TCP-Flag-ACK-PSH
20,20.0,1.0,1702932400.0,20,20.0,0.0,1702932400.0,20,0,0.0,1702932400.0,20.0,0,0.0,1702932400.0,20.0,0.0,0.0,1702932400.0,20.0,0.0,0.0,1702932400.0,20,0.0,1702932400.0,1702932400.0,20,1,1702932400.0,1702932400.0,20,0,1702932400.0,0.0,20.0,0.0,1702932400.0,0.0,Attack,Attack-TCP-Flag-ACK-PSH
52,32.0,0.5,1e-04,32,32.0,0.5,1e-04,20,1024,0.5,1702932400.0,26.0,0,0.0,1702932400.0,26.0,21290.883,1.0,1702932400.0,20.0,10645.441,0.0,1702932400.0,32,10645.441,1e-04,1702932400.0,32,1,9.393692e-05,1702932400.0,32,1,9.393692e-05,1702932400.0,32.0,0.5,9.393692e-05,1702932400.0,Attack,Attack-TCP-Flag-ACK-PSH
40,0.0,0.5,0.1069,20,0.0,0.0,0.1069,20,0,0.5,0.0,20.0,62592,0.0,0.0,20.0,18.70962,0.0,0.0,20.0,18.70962,0.0,0.0,0,0.0,0.1069,0.0,0,1,0.10689688,0.0,0,1,0.10689688,0.10689688,0.0,0.0,0.10689688,0.1069,Attack,Attack-TCP-Flag-ACK-PSH
24,24.0,0.0,1702932400.0,24,24.0,1.0,1702932400.0,24,65535,0.0,1702932400.0,24.0,0,0.0,1702932400.0,24.0,0.0,1.0,1702932400.0,24.0,0.0,0.0,1702932400.0,24,0.0,1702932400.0,1702932400.0,24,0,1702932400.0,1702932400.0,24,0,1702932400.0,0.0,24.0,1.0,1702932400.0,0.0,Attack,Attack-TCP-Flag-ACK-PSH
40,0.0,0.5,0.1109,20,0.0,0.0,0.1109,20,0,0.5,0.0,20.0,62611,0.0,0.0,20.0,18.031641,0.0,0.0,20.0,18.031641,0.0,0.0,0,0.0,0.1109,0.0,0,1,0.11091614,0.0,0,1,0.11091614,0.11091614,0.0,0.0,0.11091614,0.1109,Attack,Attack-TCP-Flag-ACK-PSH
40,0.0,0.5,0.1065,20,0.0,0.0,0.1065,20,0,0.5,0.0,20.0,64000,0.0,0.0,20.0,18.774946,0.0,0.0,20.0,18.774946,0.0,0.0,0,0.0,0.1065,0.0,0,1,0.106524944,0.0,0,1,0.106524944,0.106524944,0.0,0.0,0.106524944,0.1065,Attack,Attack-TCP-Flag-ACK-PSH
40,0.0,0.5,0.1076,20,0.0,0.0,0.1076,20,0,0.5,0.0,20.0,62602,0.0,0.0,20.0,18.578926,0.0,0.0,20.0,18.578926,0.0,0.0,0,0.0,0.1076,0.0,0,1,0.10764885,0.0,0,1,0.10764885,0.10764885,0.0,0.0,0.10764885,0.1076,Attack,Attack-TCP-Flag-ACK-PSH
40,0.0,0.5,0.1061,20,0.0,0.0,0.1061,20,0,0.5,0.0,20.0,62592,0.0,0.0,20.0,18.848686,0.0,0.0,20.0,18.848686,0.0,0.0,0,0.0,0.1061,0.0,0,1,0.10610819,0.0,0,1,0.10610819,0.10610819,0.0,0.0,0.10610819,0.1061,Attack,Attack-TCP-Flag-ACK-PSH
40,0.0,0.5,0.111,20,0.0,0.0,0.111,20,0,0.5,0.0,20.0,62608,0.0,0.0,20.0,18.01058,0.0,0.0,20.0,18.01058,0.0,0.0,0,0.0,0.111,0.0,0,1,0.11104584,0.0,0,1,0.11104584,0.11104584,0.0,0.0,0.11104584,0.111,Attack,Attack-TCP-Flag-ACK-PSH
20,20.0,1.0,1702932400.0,20,20.0,0.0,1702932400.0,20,0,0.0,1702932400.0,20.0,0,0.0,1702932400.0,20.0,0.0,0.0,1702932400.0,20.0,0.0,0.0,1702932400.0,20,0.0,1702932400.0,1702932400.0,20,1,1702932400.0,1702932400.0,20,0,1702932400.0,0.0,20.0,0.0,1702932400.0,0.0,Attack,Attack-TCP-Flag-ACK-PSH
40,0.0,0.5,0.1109,20,0.0,0.0,0.1109,20,0,0.5,0.0,20.0,62611,0.0,0.0,20.0,18.027145,0.0,0.0,20.0,18.027145,0.0,0.0,0,0.0,0.1109,0.0,0,1,0.110943794,0.0,0,1,0.110943794,0.110943794,0.0,0.0,0.110943794,0.1109,Attack,Attack-TCP-Flag-ACK-PSH
20,20.0,1.0,1702932400.0,20,20.0,0.0,1702932400.0,20,0,0.0,1702932400.0,20.0,0,0.0,1702932400.0,20.0,0.0,0.0,1702932400.0,20.0,0.0,0.0,1702932400.0,20,0.0,1702932400.0,1702932400.0,20,1,1702932400.0,1702932400.0,20,0,1702932400.0,0.0,20.0,0.0,1702932400.0,0.0,Attack,Attack-TCP-Flag-ACK-PSH
40,0.0,0.5,0.1079,20,0.0,0.0,0.1079,20,0,0.5,0.0,20.0,62602,0.0,0.0,20.0,18.541023,0.0,0.0,20.0,18.541023,0.0,0.0,0,0.0,0.1079,0.0,0,1,0.10786891,0.0,0,1,0.10786891,0.10786891,0.0,0.0,0.10786891,0.1079,Attack,Attack-TCP-Flag-ACK-PSH
52,32.0,0.5,1e-04,32,32.0,0.5,1e-04,20,1024,0.5,1702932400.0,26.0,0,0.0,1702932400.0,26.0,22192.084,1.0,1702932400.0,20.0,11096.042,0.0,1702932400.0,32,11096.042,1e-04,1702932400.0,32,1,9.012222e-05,1702932400.0,32,1,9.012222e-05,1702932400.0,32.0,0.5,9.012222e-05,1702932400.0,Attack,Attack-TCP-Flag-ACK-PSH
40,0.0,0.5,0.1063,20,0.0,0.0,0.1063,20,0,0.5,0.0,20.0,64000,0.0,0.0,20.0,18.81398,0.0,0.0,20.0,18.81398,0.0,0.0,0,0.0,0.1063,0.0,0,1,0.10630393,0.0,0,1,0.10630393,0.10630393,0.0,0.0,0.10630393,0.1063,Attack,Attack-TCP-Flag-ACK-PSH
40,0.0,0.5,0.1078,20,0.0,0.0,0.1078,20,0,0.5,0.0,20.0,62596,0.0,0.0,20.0,18.55702,0.0,0.0,20.0,18.55702,0.0,0.0,0,0.0,0.1078,0.0,0,1,0.10777593,0.0,0,1,0.10777593,0.10777593,0.0,0.0,0.10777593,0.1078,Attack,Attack-TCP-Flag-ACK-PSH
40,0.0,0.5,0.1112,20,0.0,0.0,0.1112,20,0,0.5,0.0,20.0,62608,0.0,0.0,20.0,17.993544,0.0,0.0,20.0,17.993544,0.0,0.0,0,0.0,0.1112,0.0,0,1,0.11115098,0.0,0,1,0.11115098,0.11115098,0.0,0.0,0.11115098,0.1112,Attack,Attack-TCP-Flag-ACK-PSH
52,32.0,0.5,0.0013,32,32.0,0.5,0.0013,20,1024,0.5,1702932400.0,26.0,0,0.0,1702932400.0,26.0,1531.3268,1.0,1702932400.0,20.0,765.6634,0.0,1702932400.0,32,765.6634,0.0013,1702932400.0,32,1,0.001306057,1702932400.0,32,1,0.001306057,1702932400.0,32.0,0.5,0.001306057,1702932400.0,Attack,Attack-TCP-Flag-ACK-PSH
20,20.0,1.0,1702932400.0,20,20.0,0.0,1702932400.0,20,0,0.0,1702932400.0,20.0,0,0.0,1702932400.0,20.0,0.0,0.0,1702932400.0,20.0,0.0,0.0,1702932400.0,20,0.0,1702932400.0,1702932400.0,20,1,1702932400.0,1702932400.0,20,0,1702932400.0,0.0,20.0,0.0,1702932400.0,0.0,Attack,Attack-TCP-Flag-ACK-PSH
44,24.0,0.5,1e-04,24,24.0,0.5,1e-04,20,14600,0.5,1702932400.0,22.0,0,0.0,1702932400.0,22.0,23237.14,1.0,1702932400.0,20.0,11618.57,0.0,1702932400.0,24,11618.57,1e-04,1702932400.0,24,1,8.606911e-05,1702932400.0,24,1,8.606911e-05,1702932400.0,24.0,0.5,8.606911e-05,1702932400.0,Attack,Attack-TCP-Flag-ACK-PSH
20,20.0,1.0,1702932400.0,20,20.0,0.0,1702932400.0,20,0,0.0,1702932400.0,20.0,0,0.0,1702932400.0,20.0,0.0,0.0,1702932400.0,20.0,0.0,0.0,1702932400.0,20,0.0,1702932400.0,1702932400.0,20,1,1702932400.0,1702932400.0,20,0,1702932400.0,0.0,20.0,0.0,1702932400.0,0.0,Attack,Attack-TCP-Flag-ACK-PSH
40,0.0,0.5,0.1109,20,0.0,0.0,0.1109,20,0,0.5,0.0,20.0,62602,0.0,0.0,20.0,18.035208,0.0,0.0,20.0,18.035208,0.0,0.0,0,0.0,0.1109,0.0,0,1,0.1108942,0.0,0,1,0.1108942,0.1108942,0.0,0.0,0.1108942,0.1109,Attack,Attack-TCP-Flag-ACK-PSH
20,20.0,1.0,1702932400.0,20,20.0,0.0,1702932400.0,20,0,0.0,1702932400.0,20.0,0,0.0,1702932400.0,20.0,0.0,0.0,1702932400.0,20.0,0.0,0.0,1702932400.0,20,0.0,1702932400.0,1702932400.0,20,1,1702932400.0,1702932400.0,20,0,1702932400.0,0.0,20.0,0.0,1702932400.0,0.0,Attack,Attack-TCP-Flag-ACK-PSH
40,0.0,0.5,0.1108,20,0.0,0.0,0.1108,20,0,0.5,0.0,20.0,62608,0.0,0.0,20.0,18.046148,0.0,0.0,20.0,18.046148,0.0,0.0,0,0.0,0.1108,0.0,0,1,0.11082697,0.0,0,1,0.11082697,0.11082697,0.0,0.0,0.11082697,0.1108,Attack,Attack-TCP-Flag-ACK-PSH
40,0.0,0.5,0.1112,20,0.0,0.0,0.1112,20,0,0.5,0.0,20.0,62605,0.0,0.0,20.0,17.990803,0.0,0.0,20.0,17.990803,0.0,0.0,0,0.0,0.1112,0.0,0,1,0.11116791,0.0,0,1,0.11116791,0.11116791,0.0,0.0,0.11116791,0.1112,Attack,Attack-TCP-Flag-ACK-PSH
20,20.0,1.0,1702932400.0,20,20.0,0.0,1702932400.0,20,0,0.0,1702932400.0,20.0,0,0.0,1702932400.0,20.0,0.0,0.0,1702932400.0,20.0,0.0,0.0,1702932400.0,20,0.0,1702932400.0,1702932400.0,20,1,1702932400.0,1702932400.0,20,0,1702932400.0,0.0,20.0,0.0,1702932400.0,0.0,Attack,Attack-TCP-Flag-ACK-PSH
24,24.0,0.0,1702932400.0,24,24.0,1.0,1702932400.0,24,65535,0.0,1702932400.0,24.0,0,0.0,1702932400.0,24.0,0.0,1.0,1702932400.0,24.0,0.0,0.0,1702932400.0,24,0.0,1702932400.0,1702932400.0,24,0,1702932400.0,1702932400.0,24,0,1702932400.0,0.0,24.0,1.0,1702932400.0,0.0,Attack,Attack-TCP-Flag-ACK-PSH
24,24.0,0.0,1702932400.0,24,24.0,1.0,1702932400.0,24,65535,0.0,1702932400.0,24.0,0,0.0,1702932400.0,24.0,0.0,1.0,1702932400.0,24.0,0.0,0.0,1702932400.0,24,0.0,1702932400.0,1702932400.0,24,0,1702932400.0,1702932400.0,24,0,1702932400.0,0.0,24.0,1.0,1702932400.0,0.0,Attack,Attack-TCP-Flag-ACK-PSH
40,0.0,0.5,0.1082,20,0.0,0.0,0.1082,20,0,0.5,0.0,20.0,62608,0.0,0.0,20.0,18.482931,0.0,0.0,20.0,18.482931,0.0,0.0,0,0.0,0.1082,0.0,0,1,0.10820794,0.0,0,1,0.10820794,0.10820794,0.0,0.0,0.10820794,0.1082,Attack,Attack-TCP-Flag-ACK-PSH
40,0.0,0.5,0.1112,20,0.0,0.0,0.1112,20,0,0.5,0.0,20.0,62605,0.0,0.0,20.0,17.98741,0.0,0.0,20.0,17.98741,0.0,0.0,0,0.0,0.1112,0.0,0,1,0.11118889,0.0,0,1,0.11118889,0.11118889,0.0,0.0,0.11118889,0.1112,Attack,Attack-TCP-Flag-ACK-PSH
60,40.0,0.5,0.0003,40,40.0,0.5,0.0003,20,29200,0.5,1702932400.0,30.0,0,0.0,1702932400.0,30.0,6096.372,1.0,1702932400.0,20.0,3048.186,0.0,1702932400.0,40,3048.186,0.0003,1702932400.0,40,1,0.00032806396,1702932400.0,40,1,0.00032806396,1702932400.0,40.0,0.5,0.00032806396,1702932400.0,Attack,Attack-TCP-Flag-ACK-PSH
40,0.0,0.5,0.1099,20,0.0,0.0,0.1099,20,0,0.5,0.0,20.0,62605,0.0,0.0,20.0,18.191574,0.0,0.0,20.0,18.191574,0.0,0.0,0,0.0,0.1099,0.0,0,1,0.109941006,0.0,0,1,0.109941006,0.109941006,0.0,0.0,0.109941006,0.1099,Attack,Attack-TCP-Flag-ACK-PSH
40,0.0,0.5,0.1076,20,0.0,0.0,0.1076,20,0,0.5,0.0,20.0,64000,0.0,0.0,20.0,18.584606,0.0,0.0,20.0,18.584606,0.0,0.0,0,0.0,0.1076,0.0,0,1,0.10761595,0.0,0,1,0.10761595,0.10761595,0.0,0.0,0.10761595,0.1076,Attack,Attack-TCP-Flag-ACK-PSH
24,24.0,0.0,1702932400.0,24,24.0,1.0,1702932400.0,24,1024,0.0,1702932400.0,24.0,0,0.0,1702932400.0,24.0,0.0,1.0,1702932400.0,24.0,0.0,0.0,1702932400.0,24,0.0,1702932400.0,1702932400.0,24,0,1702932400.0,1702932400.0,24,0,1702932400.0,0.0,24.0,1.0,1702932400.0,0.0,Attack,Attack-TCP-Flag-ACK-PSH
40,0.0,0.5,0.1109,20,0.0,0.0,0.1109,20,0,0.5,0.0,20.0,62605,0.0,0.0,20.0,18.034897,0.0,0.0,20.0,18.034897,0.0,0.0,0,0.0,0.1109,0.0,0,1,0.11089611,0.0,0,1,0.11089611,0.11089611,0.0,0.0,0.11089611,0.1109,Attack,Attack-TCP-Flag-ACK-PSH
20,20.0,1.0,1702932400.0,20,20.0,0.0,1702932400.0,20,0,0.0,1702932400.0,20.0,0,0.0,1702932400.0,20.0,0.0,0.0,1702932400.0,20.0,0.0,0.0,1702932400.0,20,0.0,1702932400.0,1702932400.0,20,1,1702932400.0,1702932400.0,20,0,1702932400.0,0.0,20.0,0.0,1702932400.0,0.0,Attack,Attack-TCP-Flag-ACK-PSH
20,20.0,1.0,1702932400.0,20,20.0,0.0,1702932400.0,20,0,0.0,1702932400.0,20.0,0,0.0,1702932400.0,20.0,0.0,0.0,1702932400.0,20.0,0.0,0.0,1702932400.0,20,0.0,1702932400.0,1702932400.0,20,1,1702932400.0,1702932400.0,20,0,1702932400.0,0.0,20.0,0.0,1702932400.0,0.0,Attack,Attack-TCP-Flag-ACK-PSH
40,0.0,0.5,0.11,20,0.0,0.0,0.11,20,0,0.5,0.0,20.0,62592,0.0,0.0,20.0,18.177698,0.0,0.0,20.0,18.177698,0.0,0.0,0,0.0,0.11,0.0,0,1,0.11002493,0.0,0,1,0.11002493,0.11002493,0.0,0.0,0.11002493,0.11,Attack,Attack-TCP-Flag-ACK-PSH
20,20.0,1.0,1702932400.0,20,20.0,0.0,1702932400.0,20,0,0.0,1702932400.0,20.0,0,0.0,1702932400.0,20.0,0.0,0.0,1702932400.0,20.0,0.0,0.0,1702932400.0,20,0.0,1702932400.0,1702932400.0,20,1,1702932400.0,1702932400.0,20,0,1702932400.0,0.0,20.0,0.0,1702932400.0,0.0,Attack,Attack-TCP-Flag-ACK-PSH
40,0.0,0.5,0.1079,20,0.0,0.0,0.1079,20,0,0.5,0.0,20.0,64000,0.0,0.0,20.0,18.538443,0.0,0.0,20.0,18.538443,0.0,0.0,0,0.0,0.1079,0.0,0,1,0.10788393,0.0,0,1,0.10788393,0.10788393,0.0,0.0,0.10788393,0.1079,Attack,Attack-TCP-Flag-ACK-PSH
40,0.0,0.5,0.111,20,0.0,0.0,0.111,20,0,0.5,0.0,20.0,62590,0.0,0.0,20.0,18.015724,0.0,0.0,20.0,18.015724,0.0,0.0,0,0.0,0.111,0.0,0,1,0.11101413,0.0,0,1,0.11101413,0.11101413,0.0,0.0,0.11101413,0.111,Attack,Attack-TCP-Flag-ACK-PSH
20,20.0,1.0,1702932400.0,20,20.0,0.0,1702932400.0,20,0,0.0,1702932400.0,20.0,0,0.0,1702932400.0,20.0,0.0,0.0,1702932400.0,20.0,0.0,0.0,1702932400.0,20,0.0,1702932400.0,1702932400.0,20,1,1702932400.0,1702932400.0,20,0,1702932400.0,0.0,20.0,0.0,1702932400.0,0.0,Attack,Attack-TCP-Flag-ACK-PSH
40,0.0,0.5,0.1092,20,0.0,0.0,0.1092,20,0,0.5,0.0,20.0,64000,0.0,0.0,20.0,18.321218,0.0,0.0,20.0,18.321218,0.0,0.0,0,0.0,0.1092,0.0,0,1,0.109163046,0.0,0,1,0.109163046,0.109163046,0.0,0.0,0.109163046,0.1092,Attack,Attack-TCP-Flag-ACK-PSH
20,20.0,0.0,1702932400.0,20,20.0,1.0,1702932400.0,20,1024,0.0,1702932400.0,20.0,0,0.0,1702932400.0,20.0,0.0,1.0,1702932400.0,20.0,0.0,0.0,1702932400.0,20,0.0,1702932400.0,1702932400.0,20,0,1702932400.0,1702932400.0,20,0,1702932400.0,0.0,20.0,1.0,1702932400.0,0.0,Attack,Attack-TCP-Flag-ACK-PSH
40,0.0,0.5,0.1079,20,0.0,0.0,0.1079,20,0,0.5,0.0,20.0,62592,0.0,0.0,20.0,18.532953,0.0,0.0,20.0,18.532953,0.0,0.0,0,0.0,0.1079,0.0,0,1,0.10791588,0.0,0,1,0.10791588,0.10791588,0.0,0.0,0.10791588,0.1079,Attack,Attack-TCP-Flag-ACK-PSH
40,0.0,0.5,0.111,20,0.0,0.0,0.111,20,0,0.5,0.0,20.0,62602,0.0,0.0,20.0,18.015453,0.0,0.0,20.0,18.015453,0.0,0.0,0,0.0,0.111,0.0,0,1,0.1110158,0.0,0,1,0.1110158,0.1110158,0.0,0.0,0.1110158,0.111,Attack,Attack-TCP-Flag-ACK-PSH
40,0.0,0.5,0.1078,20,0.0,0.0,0.1078,20,0,0.5,0.0,20.0,62599,0.0,0.0,20.0,18.54791,0.0,0.0,20.0,18.54791,0.0,0.0,0,0.0,0.1078,0.0,0,1,0.107828856,0.0,0,1,0.107828856,0.107828856,0.0,0.0,0.107828856,0.1078,Attack,Attack-TCP-Flag-ACK-PSH
40,0.0,0.5,0.106,20,0.0,0.0,0.106,20,0,0.5,0.0,20.0,64000,0.0,0.0,20.0,18.859917,0.0,0.0,20.0,18.859917,0.0,0.0,0,0.0,0.106,0.0,0,1,0.10604501,0.0,0,1,0.10604501,0.10604501,0.0,0.0,0.10604501,0.106,Attack,Attack-TCP-Flag-ACK-PSH
40,0.0,0.5,0.1111,20,0.0,0.0,0.1111,20,0,0.5,0.0,20.0,62594,0.0,0.0,20.0,18.000532,0.0,0.0,20.0,18.000532,0.0,0.0,0,0.0,0.1111,0.0,0,1,0.111107826,0.0,0,1,0.111107826,0.111107826,0.0,0.0,0.111107826,0.1111,Attack,Attack-TCP-Flag-ACK-PSH
20,20.0,1.0,1702932400.0,20,20.0,0.0,1702932400.0,20,0,0.0,1702932400.0,20.0,0,0.0,1702932400.0,20.0,0.0,0.0,1702932400.0,20.0,0.0,0.0,1702932400.0,20,0.0,1702932400.0,1702932400.0,20,1,1702932400.0,1702932400.0,20,0,1702932400.0,0.0,20.0,0.0,1702932400.0,0.0,Attack,Attack-TCP-Flag-ACK-PSH
20,20.0,1.0,1702932400.0,20,20.0,0.0,1702932400.0,20,0,0.0,1702932400.0,20.0,0,0.0,1702932400.0,20.0,0.0,0.0,1702932400.0,20.0,0.0,0.0,1702932400.0,20,0.0,1702932400.0,1702932400.0,20,1,1702932400.0,1702932400.0,20,0,1702932400.0,0.0,20.0,0.0,1702932400.0,0.0,Attack,Attack-TCP-Flag-ACK-PSH
40,0.0,0.5,0.1109,20,0.0,0.0,0.1109,20,0,0.5,0.0,20.0,62599,0.0,0.0,20.0,18.035711,0.0,0.0,20.0,18.035711,0.0,0.0,0,0.0,0.1109,0.0,0,1,0.110891104,0.0,0,1,0.110891104,0.110891104,0.0,0.0,0.110891104,0.1109,Attack,Attack-TCP-Flag-ACK-PSH
20,20.0,1.0,1702932400.0,20,20.0,0.0,1702932400.0,20,0,0.0,1702932400.0,20.0,0,0.0,1702932400.0,20.0,0.0,0.0,1702932400.0,20.0,0.0,0.0,1702932400.0,20,0.0,1702932400.0,1702932400.0,20,1,1702932400.0,1702932400.0,20,0,1702932400.0,0.0,20.0,0.0,1702932400.0,0.0,Attack,Attack-TCP-Flag-ACK-PSH
20,20.0,1.0,1702932400.0,20,20.0,0.0,1702932400.0,20,0,0.0,1702932400.0,20.0,0,0.0,1702932400.0,20.0,0.0,0.0,1702932400.0,20.0,0.0,0.0,1702932400.0,20,0.0,1702932400.0,1702932400.0,20,1,1702932400.0,1702932400.0,20,0,1702932400.0,0.0,20.0,0.0,1702932400.0,0.0,Attack,Attack-TCP-Flag-ACK-PSH
20,20.0,1.0,1702932400.0,20,20.0,0.0,1702932400.0,20,0,0.0,1702932400.0,20.0,0,0.0,1702932400.0,20.0,0.0,0.0,1702932400.0,20.0,0.0,0.0,1702932400.0,20,0.0,1702932400.0,1702932400.0,20,1,1702932400.0,1702932400.0,20,0,1702932400.0,0.0,20.0,0.0,1702932400.0,0.0,Attack,Attack-TCP-Flag-ACK-PSH
24,24.0,0.0,1702932400.0,24,24.0,1.0,1702932400.0,24,1025,0.0,1702932400.0,24.0,0,0.0,1702932400.0,24.0,0.0,1.0,1702932400.0,24.0,0.0,0.0,1702932400.0,24,0.0,1702932400.0,1702932400.0,24,0,1702932400.0,1702932400.0,24,0,1702932400.0,0.0,24.0,1.0,1702932400.0,0.0,Attack,Attack-TCP-Flag-ACK-PSH
40,0.0,0.5,0.1112,20,0.0,0.0,0.1112,20,0,0.5,0.0,20.0,62594,0.0,0.0,20.0,17.985596,0.0,0.0,20.0,17.985596,0.0,0.0,0,0.0,0.1112,0.0,0,1,0.111200094,0.0,0,1,0.111200094,0.111200094,0.0,0.0,0.111200094,0.1112,Attack,Attack-TCP-Flag-ACK-PSH
20,20.0,1.0,1702932400.0,20,20.0,0.0,1702932400.0,20,0,0.0,1702932400.0,20.0,0,0.0,1702932400.0,20.0,0.0,0.0,1702932400.0,20.0,0.0,0.0,1702932400.0,20,0.0,1702932400.0,1702932400.0,20,1,1702932400.0,1702932400.0,20,0,1702932400.0,0.0,20.0,0.0,1702932400.0,0.0,Attack,Attack-TCP-Flag-ACK-PSH
40,0.0,0.5,0.1079,20,0.0,0.0,0.1079,20,0,0.5,0.0,20.0,64000,0.0,0.0,20.0,18.536886,0.0,0.0,20.0,18.536886,0.0,0.0,0,0.0,0.1079,0.0,0,1,0.10789299,0.0,0,1,0.10789299,0.10789299,0.0,0.0,0.10789299,0.1079,Attack,Attack-TCP-Flag-ACK-PSH
20,20.0,1.0,1702932400.0,20,20.0,0.0,1702932400.0,20,0,0.0,1702932400.0,20.0,0,0.0,1702932400.0,20.0,0.0,0.0,1702932400.0,20.0,0.0,0.0,1702932400.0,20,0.0,1702932400.0,1702932400.0,20,1,1702932400.0,1702932400.0,20,0,1702932400.0,0.0,20.0,0.0,1702932400.0,0.0,Attack,Attack-TCP-Flag-ACK-PSH
40,0.0,0.5,0.1063,20,0.0,0.0,0.1063,20,0,0.5,0.0,20.0,64000,0.0,0.0,20.0,18.806894,0.0,0.0,20.0,18.806894,0.0,0.0,0,0.0,0.1063,0.0,0,1,0.106343985,0.0,0,1,0.106343985,0.106343985,0.0,0.0,0.106343985,0.1063,Attack,Attack-TCP-Flag-ACK-PSH
20,20.0,1.0,1702932400.0,20,20.0,0.0,1702932400.0,20,0,0.0,1702932400.0,20.0,0,0.0,1702932400.0,20.0,0.0,0.0,1702932400.0,20.0,0.0,0.0,1702932400.0,20,0.0,1702932400.0,1702932400.0,20,1,1702932400.0,1702932400.0,20,0,1702932400.0,0.0,20.0,0.0,1702932400.0,0.0,Attack,Attack-TCP-Flag-ACK-PSH
20,20.0,1.0,1702932400.0,20,20.0,0.0,1702932400.0,20,0,0.0,1702932400.0,20.0,0,0.0,1702932400.0,20.0,0.0,0.0,1702932400.0,20.0,0.0,0.0,1702932400.0,20,0.0,1702932400.0,1702932400.0,20,1,1702932400.0,1702932400.0,20,0,1702932400.0,0.0,20.0,0.0,1702932400.0,0.0,Attack,Attack-TCP-Flag-ACK-PSH
40,0.0,0.5,0.1091,20,0.0,0.0,0.1091,20,0,0.5,0.0,20.0,64000,0.0,0.0,20.0,18.33199,0.0,0.0,20.0,18.33199,0.0,0.0,0,0.0,0.1091,0.0,0,1,0.10909891,0.0,0,1,0.10909891,0.10909891,0.0,0.0,0.10909891,0.1091,Attack,Attack-TCP-Flag-ACK-PSH
24,24.0,0.0,1702932400.0,24,24.0,1.0,1702932400.0,24,65535,0.0,1702932400.0,24.0,0,0.0,1702932400.0,24.0,0.0,1.0,1702932400.0,24.0,0.0,0.0,1702932400.0,24,0.0,1702932400.0,1702932400.0,24,0,1702932400.0,1702932400.0,24,0,1702932400.0,0.0,24.0,1.0,1702932400.0,0.0,Attack,Attack-TCP-Flag-ACK-PSH
40,0.0,0.5,0.11,20,0.0,0.0,0.11,20,0,0.5,0.0,20.0,62608,0.0,0.0,20.0,18.188932,0.0,0.0,20.0,18.188932,0.0,0.0,0,0.0,0.11,0.0,0,1,0.10995698,0.0,0,1,0.10995698,0.10995698,0.0,0.0,0.10995698,0.11,Attack,Attack-TCP-Flag-ACK-PSH
40,0.0,0.5,0.1081,20,0.0,0.0,0.1081,20,0,0.5,0.0,20.0,62611,0.0,0.0,20.0,18.499195,0.0,0.0,20.0,18.499195,0.0,0.0,0,0.0,0.1081,0.0,0,1,0.10811281,0.0,0,1,0.10811281,0.10811281,0.0,0.0,0.10811281,0.1081,Attack,Attack-TCP-Flag-ACK-PSH
40,0.0,0.5,0.1107,20,0.0,0.0,0.1107,20,0,0.5,0.0,20.0,62599,0.0,0.0,20.0,18.06457,0.0,0.0,20.0,18.06457,0.0,0.0,0,0.0,0.1107,0.0,0,1,0.11071396,0.0,0,1,0.11071396,0.11071396,0.0,0.0,0.11071396,0.1107,Attack,Attack-TCP-Flag-ACK-PSH
20,20.0,1.0,1702932400.0,20,20.0,0.0,1702932400.0,20,0,0.0,1702932400.0,20.0,0,0.0,1702932400.0,20.0,0.0,0.0,1702932400.0,20.0,0.0,0.0,1702932400.0,20,0.0,1702932400.0,1702932400.0,20,1,1702932400.0,1702932400.0,20,0,1702932400.0,0.0,20.0,0.0,1702932400.0,0.0,Attack,Attack-TCP-Flag-ACK-PSH
40,0.0,0.5,0.1101,20,0.0,0.0,0.1101,20,0,0.5,0.0,20.0,62605,0.0,0.0,20.0,18.164001,0.0,0.0,20.0,18.164001,0.0,0.0,0,0.0,0.1101,0.0,0,1,0.1101079,0.0,0,1,0.1101079,0.1101079,0.0,0.0,0.1101079,0.1101,Attack,Attack-TCP-Flag-ACK-PSH
20,20.0,1.0,1702932400.0,20,20.0,0.0,1702932400.0,20,0,0.0,1702932400.0,20.0,0,0.0,1702932400.0,20.0,0.0,0.0,1702932400.0,20.0,0.0,0.0,1702932400.0,20,0.0,1702932400.0,1702932400.0,20,1,1702932400.0,1702932400.0,20,0,1702932400.0,0.0,20.0,0.0,1702932400.0,0.0,Attack,Attack-TCP-Flag-ACK-PSH
40,0.0,0.5,0.1109,20,0.0,0.0,0.1109,20,0,0.5,0.0,20.0,62590,0.0,0.0,20.0,18.031332,0.0,0.0,20.0,18.031332,0.0,0.0,0,0.0,0.1109,0.0,0,1,0.110918045,0.0,0,1,0.110918045,0.110918045,0.0,0.0,0.110918045,0.1109,Attack,Attack-TCP-Flag-ACK-PSH
40,0.0,0.5,0.108,20,0.0,0.0,0.108,20,0,0.5,0.0,20.0,62596,0.0,0.0,20.0,18.512505,0.0,0.0,20.0,18.512505,0.0,0.0,0,0.0,0.108,0.0,0,1,0.10803509,0.0,0,1,0.10803509,0.10803509,0.0,0.0,0.10803509,0.108,Attack,Attack-TCP-Flag-ACK-PSH
20,20.0,1.0,1702932400.0,20,20.0,0.0,1702932400.0,20,0,0.0,1702932400.0,20.0,0,0.0,1702932400.0,20.0,0.0,0.0,1702932400.0,20.0,0.0,0.0,1702932400.0,20,0.0,1702932400.0,1702932400.0,20,1,1702932400.0,1702932400.0,20,0,1702932400.0,0.0,20.0,0.0,1702932400.0,0.0,Attack,Attack-TCP-Flag-ACK-PSH
24,24.0,0.0,1702932400.0,24,24.0,1.0,1702932400.0,24,1024,0.0,1702932400.0,24.0,0,0.0,1702932400.0,24.0,0.0,1.0,1702932400.0,24.0,0.0,0.0,1702932400.0,24,0.0,1702932400.0,1702932400.0,24,0,1702932400.0,1702932400.0,24,0,1702932400.0,0.0,24.0,1.0,1702932400.0,0.0,Attack,Attack-TCP-Flag-ACK-PSH
20,20.0,1.0,1702932400.0,20,20.0,0.0,1702932400.0,20,0,0.0,1702932400.0,20.0,0,0.0,1702932400.0,20.0,0.0,0.0,1702932400.0,20.0,0.0,0.0,1702932400.0,20,0.0,1702932400.0,1702932400.0,20,1,1702932400.0,1702932400.0,20,0,1702932400.0,0.0,20.0,0.0,1702932400.0,0.0,Attack,Attack-TCP-Flag-ACK-PSH
40,0.0,0.5,0.11,20,0.0,0.0,0.11,20,0,0.5,0.0,20.0,62602,0.0,0.0,20.0,18.17884,0.0,0.0,20.0,18.17884,0.0,0.0,0,0.0,0.11,0.0,0,1,0.110018015,0.0,0,1,0.110018015,0.110018015,0.0,0.0,0.110018015,0.11,Attack,Attack-TCP-Flag-ACK-PSH
40,0.0,0.5,0.1042,20,0.0,0.0,0.1042,20,0,0.5,0.0,20.0,64000,0.0,0.0,20.0,19.194407,0.0,0.0,20.0,19.194407,0.0,0.0,0,0.0,0.1042,0.0,0,1,0.104197025,0.0,0,1,0.104197025,0.104197025,0.0,0.0,0.104197025,0.1042,Attack,Attack-TCP-Flag-ACK-PSH
40,0.0,0.5,0.111,20,0.0,0.0,0.111,20,0,0.5,0.0,20.0,62599,0.0,0.0,20.0,18.013172,0.0,0.0,20.0,18.013172,0.0,0.0,0,0.0,0.111,0.0,0,1,0.11102986,0.0,0,1,0.11102986,0.11102986,0.0,0.0,0.11102986,0.111,Attack,Attack-TCP-Flag-ACK-PSH
20,20.0,1.0,1702932400.0,20,20.0,0.0,1702932400.0,20,0,0.0,1702932400.0,20.0,0,0.0,1702932400.0,20.0,0.0,0.0,1702932400.0,20.0,0.0,0.0,1702932400.0,20,0.0,1702932400.0,1702932400.0,20,1,1702932400.0,1702932400.0,20,0,1702932400.0,0.0,20.0,0.0,1702932400.0,0.0,Attack,Attack-TCP-Flag-ACK-PSH
40,0.0,0.5,0.1077,20,0.0,0.0,0.1077,20,0,0.5,0.0,20.0,64000,0.0,0.0,20.0,18.570454,0.0,0.0,20.0,18.570454,0.0,0.0,0,0.0,0.1077,0.0,0,1,0.10769796,0.0,0,1,0.10769796,0.10769796,0.0,0.0,0.10769796,0.1077,Attack,Attack-TCP-Flag-ACK-PSH
24,24.0,0.0,1702932400.0,24,24.0,1.0,1702932400.0,24,65535,0.0,1702932400.0,24.0,0,0.0,1702932400.0,24.0,0.0,1.0,1702932400.0,24.0,0.0,0.0,1702932400.0,24,0.0,1702932400.0,1702932400.0,24,0,1702932400.0,1702932400.0,24,0,1702932400.0,0.0,24.0,1.0,1702932400.0,0.0,Attack,Attack-TCP-Flag-ACK-PSH
40,0.0,0.5,0.1099,20,0.0,0.0,0.1099,20,0,0.5,0.0,20.0,62605,0.0,0.0,20.0,18.19935,0.0,0.0,20.0,18.19935,0.0,0.0,0,0.0,0.1099,0.0,0,1,0.10989404,0.0,0,1,0.10989404,0.10989404,0.0,0.0,0.10989404,0.1099,Attack,Attack-TCP-Flag-ACK-PSH
24,24.0,0.0,1702932400.0,24,24.0,1.0,1702932400.0,24,1024,0.0,1702932400.0,24.0,0,0.0,1702932400.0,24.0,0.0,1.0,1702932400.0,24.0,0.0,0.0,1702932400.0,24,0.0,1702932400.0,1702932400.0,24,0,1702932400.0,1702932400.0,24,0,1702932400.0,0.0,24.0,1.0,1702932400.0,0.0,Attack,Attack-TCP-Flag-ACK-PSH
20,20.0,1.0,1702932400.0,20,20.0,0.0,1702932400.0,20,0,0.0,1702932400.0,20.0,0,0.0,1702932400.0,20.0,0.0,0.0,1702932400.0,20.0,0.0,0.0,1702932400.0,20,0.0,1702932400.0,1702932400.0,20,1,1702932400.0,1702932400.0,20,0,1702932400.0,0.0,20.0,0.0,1702932400.0,0.0,Attack,Attack-TCP-Flag-ACK-PSH
40,0.0,0.5,0.11,20,0.0,0.0,0.11,20,0,0.5,0.0,20.0,62596,0.0,0.0,20.0,18.174232,0.0,0.0,20.0,18.174232,0.0,0.0,0,0.0,0.11,0.0,0,1,0.11004591,0.0,0,1,0.11004591,0.11004591,0.0,0.0,0.11004591,0.11,Attack,Attack-TCP-Flag-ACK-PSH
40,0.0,0.5,0.11,20,0.0,0.0,0.11,20,0,0.5,0.0,20.0,62596,0.0,0.0,20.0,18.177698,0.0,0.0,20.0,18.177698,0.0,0.0,0,0.0,0.11,0.0,0,1,0.11002493,0.0,0,1,0.11002493,0.11002493,0.0,0.0,0.11002493,0.11,Attack,Attack-TCP-Flag-ACK-PSH
40,0.0,0.5,0.1099,20,0.0,0.0,0.1099,20,0,0.5,0.0,20.0,62608,0.0,0.0,20.0,18.19702,0.0,0.0,20.0,18.19702,0.0,0.0,0,0.0,0.1099,0.0,0,1,0.109908104,0.0,0,1,0.109908104,0.109908104,0.0,0.0,0.109908104,0.1099,Attack,Attack-TCP-Flag-ACK-PSH
20,20.0,1.0,1702932400.0,20,20.0,0.0,1702932400.0,20,0,0.0,1702932400.0,20.0,0,0.0,1702932400.0,20.0,0.0,0.0,1702932400.0,20.0,0.0,0.0,1702932400.0,20,0.0,1702932400.0,1702932400.0,20,1,1702932400.0,1702932400.0,20,0,1702932400.0,0.0,20.0,0.0,1702932400.0,0.0,Attack,Attack-TCP-Flag-ACK-PSH
60,40.0,0.5,1e-04,40,40.0,0.5,1e-04,20,64240,0.5,1702932400.0,30.0,0,0.0,1702932400.0,30.0,19784.453,1.0,1702932400.0,20.0,9892.227,0.0,1702932400.0,40,9892.227,1e-04,1702932400.0,40,1,0.00010108948,1702932400.0,40,1,0.00010108948,1702932400.0,40.0,0.5,0.00010108948,1702932400.0,Attack,Attack-TCP-Flag-ACK-PSH
24,24.0,0.0,1702932400.0,24,24.0,1.0,1702932400.0,24,65535,0.0,1702932400.0,24.0,0,0.0,1702932400.0,24.0,0.0,1.0,1702932400.0,24.0,0.0,0.0,1702932400.0,24,0.0,1702932400.0,1702932400.0,24,0,1702932400.0,1702932400.0,24,0,1702932400.0,0.0,24.0,1.0,1702932400.0,0.0,Attack,Attack-TCP-Flag-ACK-PSH
20,20.0,1.0,1702932400.0,20,20.0,0.0,1702932400.0,20,0,0.0,1702932400.0,20.0,0,0.0,1702932400.0,20.0,0.0,0.0,1702932400.0,20.0,0.0,0.0,1702932400.0,20,0.0,1702932400.0,1702932400.0,20,1,1702932400.0,1702932400.0,20,0,1702932400.0,0.0,20.0,0.0,1702932400.0,0.0,Attack,Attack-TCP-Flag-ACK-PSH
40,20.0,0.5,0.0002,20,20.0,0.5,0.0002,20,1024,0.5,1702932500.0,20.0,0,0.0,1702932500.0,20.0,11507.007,1.0,1702932500.0,20.0,5753.5034,0.0,1702932500.0,20,5753.5034,0.0002,1702932500.0,20,1,0.00017380714,1702932500.0,20,1,0.00017380714,1702932500.0,20.0,0.5,0.00017380714,1702932500.0,Attack,Attack-TCP-Flag-ACK-PSH
20,20.0,1.0,1702932500.0,20,20.0,0.0,1702932500.0,20,0,0.0,1702932500.0,20.0,0,0.0,1702932500.0,20.0,0.0,0.0,1702932500.0,20.0,0.0,0.0,1702932500.0,20,0.0,1702932500.0,1702932500.0,20,1,1702932500.0,1702932500.0,20,0,1702932500.0,0.0,20.0,0.0,1702932500.0,0.0,Attack,Attack-TCP-Flag-ACK-PSH
20,20.0,1.0,1702932500.0,20,20.0,0.0,1702932500.0,20,0,0.0,1702932500.0,20.0,0,0.0,1702932500.0,20.0,0.0,0.0,1702932500.0,20.0,0.0,0.0,1702932500.0,20,0.0,1702932500.0,1702932500.0,20,1,1702932500.0,1702932500.0,20,0,1702932500.0,0.0,20.0,0.0,1702932500.0,0.0,Attack,Attack-TCP-Flag-ACK-PSH
40,0.0,0.5,0.1125,20,0.0,0.0,0.1125,20,0,0.5,0.0,20.0,64000,0.0,0.0,20.0,17.777296,0.0,0.0,20.0,17.777296,0.0,0.0,0,0.0,0.1125,0.0,0,1,0.11250305,0.0,0,1,0.11250305,0.11250305,0.0,0.0,0.11250305,0.1125,Attack,Attack-TCP-Flag-ACK-PSH
24,24.0,0.0,1702932500.0,24,24.0,1.0,1702932500.0,24,65535,0.0,1702932500.0,24.0,0,0.0,1702932500.0,24.0,0.0,1.0,1702932500.0,24.0,0.0,0.0,1702932500.0,24,0.0,1702932500.0,1702932500.0,24,0,1702932500.0,1702932500.0,24,0,1702932500.0,0.0,24.0,1.0,1702932500.0,0.0,Attack,Attack-TCP-Flag-ACK-PSH
24,24.0,0.0,1702932500.0,24,24.0,1.0,1702932500.0,24,65535,0.0,1702932500.0,24.0,0,0.0,1702932500.0,24.0,0.0,1.0,1702932500.0,24.0,0.0,0.0,1702932500.0,24,0.0,1702932500.0,1702932500.0,24,0,1702932500.0,1702932500.0,24,0,1702932500.0,0.0,24.0,1.0,1702932500.0,0.0,Attack,Attack-TCP-Flag-ACK-PSH
20,20.0,1.0,1702932500.0,20,20.0,0.0,1702932500.0,20,0,0.0,1702932500.0,20.0,0,0.0,1702932500.0,20.0,0.0,0.0,1702932500.0,20.0,0.0,0.0,1702932500.0,20,0.0,1702932500.0,1702932500.0,20,1,1702932500.0,1702932500.0,20,0,1702932500.0,0.0,20.0,0.0,1702932500.0,0.0,Attack,Attack-TCP-Flag-ACK-PSH
40,0.0,0.5,0.1111,20,0.0,0.0,0.1111,20,0,0.5,0.0,20.0,62614,0.0,0.0,20.0,18.000494,0.0,0.0,20.0,18.000494,0.0,0.0,0,0.0,0.1111,0.0,0,1,0.111108065,0.0,0,1,0.111108065,0.111108065,0.0,0.0,0.111108065,0.1111,Attack,Attack-TCP-Flag-ACK-PSH
40,0.0,0.5,0.1072,20,0.0,0.0,0.1072,20,0,0.5,0.0,20.0,62608,0.0,0.0,20.0,18.65495,0.0,0.0,20.0,18.65495,0.0,0.0,0,0.0,0.1072,0.0,0,1,0.10721016,0.0,0,1,0.10721016,0.10721016,0.0,0.0,0.10721016,0.1072,Attack,Attack-TCP-Flag-ACK-PSH
20,20.0,1.0,1702932500.0,20,20.0,0.0,1702932500.0,20,0,0.0,1702932500.0,20.0,0,0.0,1702932500.0,20.0,0.0,0.0,1702932500.0,20.0,0.0,0.0,1702932500.0,20,0.0,1702932500.0,1702932500.0,20,1,1702932500.0,1702932500.0,20,0,1702932500.0,0.0,20.0,0.0,1702932500.0,0.0,Attack,Attack-TCP-Flag-ACK-PSH
60,40.0,0.5,0.0002,40,40.0,0.5,0.0002,20,64240,0.5,1702932500.0,30.0,0,0.0,1702932500.0,30.0,8128.496,1.0,1702932500.0,20.0,4064.248,0.0,1702932500.0,40,4064.248,0.0002,1702932500.0,40,1,0.00024604797,1702932500.0,40,1,0.00024604797,1702932500.0,40.0,0.5,0.00024604797,1702932500.0,Attack,Attack-TCP-Flag-ACK-PSH
20,20.0,1.0,1702932500.0,20,20.0,0.0,1702932500.0,20,0,0.0,1702932500.0,20.0,0,0.0,1702932500.0,20.0,0.0,0.0,1702932500.0,20.0,0.0,0.0,1702932500.0,20,0.0,1702932500.0,1702932500.0,20,1,1702932500.0,1702932500.0,20,0,1702932500.0,0.0,20.0,0.0,1702932500.0,0.0,Attack,Attack-TCP-Flag-ACK-PSH
40,0.0,0.5,0.111,20,0.0,0.0,0.111,20,0,0.5,0.0,20.0,62599,0.0,0.0,20.0,18.016577,0.0,0.0,20.0,18.016577,0.0,0.0,0,0.0,0.111,0.0,0,1,0.11100888,0.0,0,1,0.11100888,0.11100888,0.0,0.0,0.11100888,0.111,Attack,Attack-TCP-Flag-ACK-PSH
40,0.0,0.5,0.1047,20,0.0,0.0,0.1047,20,0,0.5,0.0,20.0,64000,0.0,0.0,20.0,19.095615,0.0,0.0,20.0,19.095615,0.0,0.0,0,0.0,0.1047,0.0,0,1,0.10473609,0.0,0,1,0.10473609,0.10473609,0.0,0.0,0.10473609,0.1047,Attack,Attack-TCP-Flag-ACK-PSH
40,0.0,0.5,0.1099,20,0.0,0.0,0.1099,20,0,0.5,0.0,20.0,62590,0.0,0.0,20.0,18.198717,0.0,0.0,20.0,18.198717,0.0,0.0,0,0.0,0.1099,0.0,0,1,0.10989785,0.0,0,1,0.10989785,0.10989785,0.0,0.0,0.10989785,0.1099,Attack,Attack-TCP-Flag-ACK-PSH
24,24.0,0.0,1702932500.0,24,24.0,1.0,1702932500.0,24,65535,0.0,1702932500.0,24.0,0,0.0,1702932500.0,24.0,0.0,1.0,1702932500.0,24.0,0.0,0.0,1702932500.0,24,0.0,1702932500.0,1702932500.0,24,0,1702932500.0,1702932500.0,24,0,1702932500.0,0.0,24.0,1.0,1702932500.0,0.0,Attack,Attack-TCP-Flag-ACK-PSH
20,20.0,1.0,1702932500.0,20,20.0,0.0,1702932500.0,20,0,0.0,1702932500.0,20.0,0,0.0,1702932500.0,20.0,0.0,0.0,1702932500.0,20.0,0.0,0.0,1702932500.0,20,0.0,1702932500.0,1702932500.0,20,1,1702932500.0,1702932500.0,20,0,1702932500.0,0.0,20.0,0.0,1702932500.0,0.0,Attack,Attack-TCP-Flag-ACK-PSH
20,20.0,1.0,1702932500.0,20,20.0,0.0,1702932500.0,20,0,0.0,1702932500.0,20.0,0,0.0,1702932500.0,20.0,0.0,0.0,1702932500.0,20.0,0.0,0.0,1702932500.0,20,0.0,1702932500.0,1702932500.0,20,1,1702932500.0,1702932500.0,20,0,1702932500.0,0.0,20.0,0.0,1702932500.0,0.0,Attack,Attack-TCP-Flag-ACK-PSH
20,20.0,0.0,1702932500.0,20,20.0,1.0,1702932500.0,20,1024,0.0,1702932500.0,20.0,0,0.0,1702932500.0,20.0,0.0,1.0,1702932500.0,20.0,0.0,0.0,1702932500.0,20,0.0,1702932500.0,1702932500.0,20,0,1702932500.0,1702932500.0,20,0,1702932500.0,0.0,20.0,1.0,1702932500.0,0.0,Attack,Attack-TCP-Flag-ACK-PSH
40,0.0,0.5,0.1108,20,0.0,0.0,0.1108,20,0,0.5,0.0,20.0,62605,0.0,0.0,20.0,18.05349,0.0,0.0,20.0,18.05349,0.0,0.0,0,0.0,0.1108,0.0,0,1,0.11078191,0.0,0,1,0.11078191,0.11078191,0.0,0.0,0.11078191,0.1108,Attack,Attack-TCP-Flag-ACK-PSH
20,20.0,1.0,1702932500.0,20,20.0,0.0,1702932500.0,20,0,0.0,1702932500.0,20.0,0,0.0,1702932500.0,20.0,0.0,0.0,1702932500.0,20.0,0.0,0.0,1702932500.0,20,0.0,1702932500.0,1702932500.0,20,1,1702932500.0,1702932500.0,20,0,1702932500.0,0.0,20.0,0.0,1702932500.0,0.0,Attack,Attack-TCP-Flag-ACK-PSH
60,40.0,0.5,0.0003,40,40.0,0.5,0.0003,20,64240,0.5,1702932500.0,30.0,0,0.0,1702932500.0,30.0,6944.212,1.0,1702932500.0,20.0,3472.106,0.0,1702932500.0,40,3472.106,0.0003,1702932500.0,40,1,0.00028800964,1702932500.0,40,1,0.00028800964,1702932500.0,40.0,0.5,0.00028800964,1702932500.0,Attack,Attack-TCP-Flag-ACK-PSH
40,0.0,0.5,0.1101,20,0.0,0.0,0.1101,20,0,0.5,0.0,20.0,62599,0.0,0.0,20.0,18.15889,0.0,0.0,20.0,18.15889,0.0,0.0,0,0.0,0.1101,0.0,0,1,0.11013889,0.0,0,1,0.11013889,0.11013889,0.0,0.0,0.11013889,0.1101,Attack,Attack-TCP-Flag-ACK-PSH
40,20.0,0.5,1e-04,20,20.0,0.5,1e-04,20,1024,0.5,1702932500.0,20.0,0,0.0,1702932500.0,20.0,19065.018,1.0,1702932500.0,20.0,9532.509,0.0,1702932500.0,20,9532.509,1e-04,1702932500.0,20,1,0.000104904175,1702932500.0,20,1,0.000104904175,1702932500.0,20.0,0.5,0.000104904175,1702932500.0,Attack,Attack-TCP-Flag-ACK-PSH
20,20.0,1.0,1702932500.0,20,20.0,0.0,1702932500.0,20,0,0.0,1702932500.0,20.0,0,0.0,1702932500.0,20.0,0.0,0.0,1702932500.0,20.0,0.0,0.0,1702932500.0,20,0.0,1702932500.0,1702932500.0,20,1,1702932500.0,1702932500.0,20,0,1702932500.0,0.0,20.0,0.0,1702932500.0,0.0,Attack,Attack-TCP-Flag-ACK-PSH
24,24.0,0.0,1702932500.0,24,24.0,1.0,1702932500.0,24,1024,0.0,1702932500.0,24.0,0,0.0,1702932500.0,24.0,0.0,1.0,1702932500.0,24.0,0.0,0.0,1702932500.0,24,0.0,1702932500.0,1702932500.0,24,0,1702932500.0,1702932500.0,24,0,1702932500.0,0.0,24.0,1.0,1702932500.0,0.0,Attack,Attack-TCP-Flag-ACK-PSH
60,40.0,0.5,1e-04,40,40.0,0.5,1e-04,20,29200,0.5,1702932500.0,30.0,0,0.0,1702932500.0,30.0,16384.0,1.0,1702932500.0,20.0,8192.0,0.0,1702932500.0,40,8192.0,1e-04,1702932500.0,40,1,0.00012207031,1702932500.0,40,1,0.00012207031,1702932500.0,40.0,0.5,0.00012207031,1702932500.0,Attack,Attack-TCP-Flag-ACK-PSH
40,0.0,0.5,0.1092,20,0.0,0.0,0.1092,20,0,0.5,0.0,20.0,62592,0.0,0.0,20.0,18.315859,0.0,0.0,20.0,18.315859,0.0,0.0,0,0.0,0.1092,0.0,0,1,0.109194994,0.0,0,1,0.109194994,0.109194994,0.0,0.0,0.109194994,0.1092,Attack,Attack-TCP-Flag-ACK-PSH
20,20.0,1.0,1702932500.0,20,20.0,0.0,1702932500.0,20,1200,0.0,1702932500.0,20.0,0,0.0,1702932500.0,20.0,0.0,0.0,1702932500.0,20.0,0.0,0.0,1702932500.0,20,0.0,1702932500.0,1702932500.0,20,1,1702932500.0,1702932500.0,20,0,1702932500.0,0.0,20.0,0.0,1702932500.0,0.0,Attack,Attack-TCP-Flag-ACK-PSH
20,20.0,0.0,1702932500.0,20,20.0,1.0,1702932500.0,20,1024,0.0,1702932500.0,20.0,0,0.0,1702932500.0,20.0,0.0,1.0,1702932500.0,20.0,0.0,0.0,1702932500.0,20,0.0,1702932500.0,1702932500.0,20,0,1702932500.0,1702932500.0,20,0,1702932500.0,0.0,20.0,1.0,1702932500.0,0.0,Attack,Attack-TCP-Flag-ACK-PSH
40,0.0,0.5,0.1079,20,0.0,0.0,0.1079,20,0,0.5,0.0,20.0,62594,0.0,0.0,20.0,18.543934,0.0,0.0,20.0,18.543934,0.0,0.0,0,0.0,0.1079,0.0,0,1,0.10785198,0.0,0,1,0.10785198,0.10785198,0.0,0.0,0.10785198,0.1079,Attack,Attack-TCP-Flag-ACK-PSH
40,0.0,0.5,0.1108,20,0.0,0.0,0.1108,20,0,0.5,0.0,20.0,62592,0.0,0.0,20.0,18.05415,0.0,0.0,20.0,18.05415,0.0,0.0,0,0.0,0.1108,0.0,0,1,0.110777855,0.0,0,1,0.110777855,0.110777855,0.0,0.0,0.110777855,0.1108,Attack,Attack-TCP-Flag-ACK-PSH
24,24.0,0.0,1702932500.0,24,24.0,1.0,1702932500.0,24,1024,0.0,1702932500.0,24.0,0,0.0,1702932500.0,24.0,0.0,1.0,1702932500.0,24.0,0.0,0.0,1702932500.0,24,0.0,1702932500.0,1702932500.0,24,0,1702932500.0,1702932500.0,24,0,1702932500.0,0.0,24.0,1.0,1702932500.0,0.0,Attack,Attack-TCP-Flag-ACK-PSH
40,0.0,0.5,0.1091,20,0.0,0.0,0.1091,20,0,0.5,0.0,20.0,62602,0.0,0.0,20.0,18.3251,0.0,0.0,20.0,18.3251,0.0,0.0,0,0.0,0.1091,0.0,0,1,0.10913992,0.0,0,1,0.10913992,0.10913992,0.0,0.0,0.10913992,0.1091,Attack,Attack-TCP-Flag-ACK-PSH
40,0.0,0.5,0.1109,20,0.0,0.0,0.1109,20,0,0.5,0.0,20.0,62596,0.0,0.0,20.0,18.027107,0.0,0.0,20.0,18.027107,0.0,0.0,0,0.0,0.1109,0.0,0,1,0.11094403,0.0,0,1,0.11094403,0.11094403,0.0,0.0,0.11094403,0.1109,Attack,Attack-TCP-Flag-ACK-PSH
40,0.0,0.5,0.111,20,0.0,0.0,0.111,20,0,0.5,0.0,20.0,62588,0.0,0.0,20.0,18.022732,0.0,0.0,20.0,18.022732,0.0,0.0,0,0.0,0.111,0.0,0,1,0.110970974,0.0,0,1,0.110970974,0.110970974,0.0,0.0,0.110970974,0.111,Attack,Attack-TCP-Flag-ACK-PSH
40,0.0,0.5,0.11,20,0.0,0.0,0.11,20,0,0.5,0.0,20.0,62594,0.0,0.0,20.0,18.183964,0.0,0.0,20.0,18.183964,0.0,0.0,0,0.0,0.11,0.0,0,1,0.10998702,0.0,0,1,0.10998702,0.10998702,0.0,0.0,0.10998702,0.11,Attack,Attack-TCP-Flag-ACK-PSH
40,0.0,0.5,0.1101,20,0.0,0.0,0.1101,20,0,0.5,0.0,20.0,62602,0.0,0.0,20.0,18.16231,0.0,0.0,20.0,18.16231,0.0,0.0,0,0.0,0.1101,0.0,0,1,0.11011815,0.0,0,1,0.11011815,0.11011815,0.0,0.0,0.11011815,0.1101,Attack,Attack-TCP-Flag-ACK-PSH
40,0.0,0.5,0.1077,20,0.0,0.0,0.1077,20,0,0.5,0.0,20.0,62611,0.0,0.0,20.0,18.571482,0.0,0.0,20.0,18.571482,0.0,0.0,0,0.0,0.1077,0.0,0,1,0.107692,0.0,0,1,0.107692,0.107692,0.0,0.0,0.107692,0.1077,Attack,Attack-TCP-Flag-ACK-PSH
40,0.0,0.5,0.1079,20,0.0,0.0,0.1079,20,0,0.5,0.0,20.0,62614,0.0,0.0,20.0,18.54082,0.0,0.0,20.0,18.54082,0.0,0.0,0,0.0,0.1079,0.0,0,1,0.1078701,0.0,0,1,0.1078701,0.1078701,0.0,0.0,0.1078701,0.1079,Attack,Attack-TCP-Flag-ACK-PSH
40,0.0,0.5,0.1113,20,0.0,0.0,0.1113,20,0,0.5,0.0,20.0,62599,0.0,0.0,20.0,17.976385,0.0,0.0,20.0,17.976385,0.0,0.0,0,0.0,0.1113,0.0,0,1,0.111257076,0.0,0,1,0.111257076,0.111257076,0.0,0.0,0.111257076,0.1113,Attack,Attack-TCP-Flag-ACK-PSH
20,20.0,1.0,1702932500.0,20,20.0,0.0,1702932500.0,20,1200,0.0,1702932500.0,20.0,0,0.0,1702932500.0,20.0,0.0,0.0,1702932500.0,20.0,0.0,0.0,1702932500.0,20,0.0,1702932500.0,1702932500.0,20,1,1702932500.0,1702932500.0,20,0,1702932500.0,0.0,20.0,0.0,1702932500.0,0.0,Attack,Attack-TCP-Flag-ACK-PSH
20,20.0,0.0,1702932500.0,20,20.0,1.0,1702932500.0,20,1024,0.0,1702932500.0,20.0,0,0.0,1702932500.0,20.0,0.0,1.0,1702932500.0,20.0,0.0,0.0,1702932500.0,20,0.0,1702932500.0,1702932500.0,20,0,1702932500.0,1702932500.0,20,0,1702932500.0,0.0,20.0,1.0,1702932500.0,0.0,Attack,Attack-TCP-Flag-ACK-PSH
40,0.0,0.5,0.111,20,0.0,0.0,0.111,20,0,0.5,0.0,20.0,62599,0.0,0.0,20.0,18.02064,0.0,0.0,20.0,18.02064,0.0,0.0,0,0.0,0.111,0.0,0,1,0.11098385,0.0,0,1,0.11098385,0.11098385,0.0,0.0,0.11098385,0.111,Attack,Attack-TCP-Flag-ACK-PSH
40,0.0,0.5,0.1092,20,0.0,0.0,0.1092,20,0,0.5,0.0,20.0,62611,0.0,0.0,20.0,18.31166,0.0,0.0,20.0,18.31166,0.0,0.0,0,0.0,0.1092,0.0,0,1,0.10922003,0.0,0,1,0.10922003,0.10922003,0.0,0.0,0.10922003,0.1092,Attack,Attack-TCP-Flag-ACK-PSH
60,40.0,0.5,1e-04,40,40.0,0.5,1e-04,20,29040,0.5,1702932500.0,30.0,0,0.0,1702932500.0,30.0,22429.434,1.0,1702932500.0,20.0,11214.717,0.0,1702932500.0,40,11214.717,1e-04,1702932500.0,40,1,8.916855e-05,1702932500.0,40,1,8.916855e-05,1702932500.0,40.0,0.5,8.916855e-05,1702932500.0,Attack,Attack-TCP-Flag-ACK-PSH
40,0.0,0.5,0.1112,20,0.0,0.0,0.1112,20,0,0.5,0.0,20.0,62594,0.0,0.0,20.0,17.984787,0.0,0.0,20.0,17.984787,0.0,0.0,0,0.0,0.1112,0.0,0,1,0.1112051,0.0,0,1,0.1112051,0.1112051,0.0,0.0,0.1112051,0.1112,Attack,Attack-TCP-Flag-ACK-PSH
40,0.0,0.5,0.1112,20,0.0,0.0,0.1112,20,0,0.5,0.0,20.0,62602,0.0,0.0,20.0,17.988026,0.0,0.0,20.0,17.988026,0.0,0.0,0,0.0,0.1112,0.0,0,1,0.111185074,0.0,0,1,0.111185074,0.111185074,0.0,0.0,0.111185074,0.1112,Attack,Attack-TCP-Flag-ACK-PSH
24,24.0,0.0,1702932500.0,24,24.0,1.0,1702932500.0,24,1025,0.0,1702932500.0,24.0,0,0.0,1702932500.0,24.0,0.0,1.0,1702932500.0,24.0,0.0,0.0,1702932500.0,24,0.0,1702932500.0,1702932500.0,24,0,1702932500.0,1702932500.0,24,0,1702932500.0,0.0,24.0,1.0,1702932500.0,0.0,Attack,Attack-TCP-Flag-ACK-PSH
40,0.0,0.5,0.1111,20,0.0,0.0,0.1111,20,0,0.5,0.0,20.0,62599,0.0,0.0,20.0,18.009884,0.0,0.0,20.0,18.009884,0.0,0.0,0,0.0,0.1111,0.0,0,1,0.11105013,0.0,0,1,0.11105013,0.11105013,0.0,0.0,0.11105013,0.1111,Attack,Attack-TCP-Flag-ACK-PSH
40,0.0,0.5,0.111,20,0.0,0.0,0.111,20,0,0.5,0.0,20.0,62605,0.0,0.0,20.0,18.020601,0.0,0.0,20.0,18.020601,0.0,0.0,0,0.0,0.111,0.0,0,1,0.11098409,0.0,0,1,0.11098409,0.11098409,0.0,0.0,0.11098409,0.111,Attack,Attack-TCP-Flag-ACK-PSH
40,0.0,0.5,0.1102,20,0.0,0.0,0.1102,20,0,0.5,0.0,20.0,62594,0.0,0.0,20.0,18.154095,0.0,0.0,20.0,18.154095,0.0,0.0,0,0.0,0.1102,0.0,0,1,0.11016798,0.0,0,1,0.11016798,0.11016798,0.0,0.0,0.11016798,0.1102,Attack,Attack-TCP-Flag-ACK-PSH
20,20.0,1.0,1702932500.0,20,20.0,0.0,1702932500.0,20,0,0.0,1702932500.0,20.0,0,0.0,1702932500.0,20.0,0.0,0.0,1702932500.0,20.0,0.0,0.0,1702932500.0,20,0.0,1702932500.0,1702932500.0,20,1,1702932500.0,1702932500.0,20,0,1702932500.0,0.0,20.0,0.0,1702932500.0,0.0,Attack,Attack-TCP-Flag-ACK-PSH
24,24.0,0.0,1702932500.0,24,24.0,1.0,1702932500.0,24,1025,0.0,1702932500.0,24.0,0,0.0,1702932500.0,24.0,0.0,1.0,1702932500.0,24.0,0.0,0.0,1702932500.0,24,0.0,1702932500.0,1702932500.0,24,0,1702932500.0,1702932500.0,24,0,1702932500.0,0.0,24.0,1.0,1702932500.0,0.0,Attack,Attack-TCP-Flag-ACK-PSH
40,0.0,0.5,0.1099,20,0.0,0.0,0.1099,20,0,0.5,0.0,20.0,62605,0.0,0.0,20.0,18.190548,0.0,0.0,20.0,18.190548,0.0,0.0,0,0.0,0.1099,0.0,0,1,0.109947205,0.0,0,1,0.109947205,0.109947205,0.0,0.0,0.109947205,0.1099,Attack,Attack-TCP-Flag-ACK-PSH
20,20.0,1.0,1702932500.0,20,20.0,0.0,1702932500.0,20,1200,0.0,1702932500.0,20.0,0,0.0,1702932500.0,20.0,0.0,0.0,1702932500.0,20.0,0.0,0.0,1702932500.0,20,0.0,1702932500.0,1702932500.0,20,1,1702932500.0,1702932500.0,20,0,1702932500.0,0.0,20.0,0.0,1702932500.0,0.0,Attack,Attack-TCP-Flag-ACK-PSH
40,0.0,0.5,0.1109,20,0.0,0.0,0.1109,20,0,0.5,0.0,20.0,62592,0.0,0.0,20.0,18.037031,0.0,0.0,20.0,18.037031,0.0,0.0,0,0.0,0.1109,0.0,0,1,0.110883,0.0,0,1,0.110883,0.110883,0.0,0.0,0.110883,0.1109,Attack,Attack-TCP-Flag-ACK-PSH
40,0.0,0.5,0.11,20,0.0,0.0,0.11,20,0,0.5,0.0,20.0,62614,0.0,0.0,20.0,18.182623,0.0,0.0,20.0,18.182623,0.0,0.0,0,0.0,0.11,0.0,0,1,0.10999513,0.0,0,1,0.10999513,0.10999513,0.0,0.0,0.10999513,0.11,Attack,Attack-TCP-Flag-ACK-PSH
40,0.0,0.5,0.1108,20,0.0,0.0,0.1108,20,0,0.5,0.0,20.0,62596,0.0,0.0,20.0,18.051546,0.0,0.0,20.0,18.051546,0.0,0.0,0,0.0,0.1108,0.0,0,1,0.11079383,0.0,0,1,0.11079383,0.11079383,0.0,0.0,0.11079383,0.1108,Attack,Attack-TCP-Flag-ACK-PSH
40,0.0,0.5,0.111,20,0.0,0.0,0.111,20,0,0.5,0.0,20.0,62599,0.0,0.0,20.0,18.014952,0.0,0.0,20.0,18.014952,0.0,0.0,0,0.0,0.111,0.0,0,1,0.111018896,0.0,0,1,0.111018896,0.111018896,0.0,0.0,0.111018896,0.111,Attack,Attack-TCP-Flag-ACK-PSH
24,24.0,0.0,1702932500.0,24,24.0,1.0,1702932500.0,24,1025,0.0,1702932500.0,24.0,0,0.0,1702932500.0,24.0,0.0,1.0,1702932500.0,24.0,0.0,0.0,1702932500.0,24,0.0,1702932500.0,1702932500.0,24,0,1702932500.0,1702932500.0,24,0,1702932500.0,0.0,24.0,1.0,1702932500.0,0.0,Attack,Attack-TCP-Flag-ACK-PSH
40,20.0,0.5,1e-04,20,20.0,0.5,1e-04,20,65535,0.5,1702932500.0,20.0,0,0.0,1702932500.0,20.0,15060.338,1.0,1702932500.0,20.0,7530.169,0.0,1702932500.0,20,7530.169,1e-04,1702932500.0,20,1,0.00013279915,1702932500.0,20,1,0.00013279915,1702932500.0,20.0,0.5,0.00013279915,1702932500.0,Attack,Attack-TCP-Flag-ACK-PSH
20,20.0,1.0,1702932500.0,20,20.0,0.0,1702932500.0,20,0,0.0,1702932500.0,20.0,0,0.0,1702932500.0,20.0,0.0,0.0,1702932500.0,20.0,0.0,0.0,1702932500.0,20,0.0,1702932500.0,1702932500.0,20,1,1702932500.0,1702932500.0,20,0,1702932500.0,0.0,20.0,0.0,1702932500.0,0.0,Attack,Attack-TCP-Flag-ACK-PSH
40,0.0,0.5,0.1112,20,0.0,0.0,0.1112,20,0,0.5,0.0,20.0,62605,0.0,0.0,20.0,17.992733,0.0,0.0,20.0,17.992733,0.0,0.0,0,0.0,0.1112,0.0,0,1,0.11115599,0.0,0,1,0.11115599,0.11115599,0.0,0.0,0.11115599,0.1112,Attack,Attack-TCP-Flag-ACK-PSH
24,24.0,0.0,1702932500.0,24,24.0,1.0,1702932500.0,24,65535,0.0,1702932500.0,24.0,0,0.0,1702932500.0,24.0,0.0,1.0,1702932500.0,24.0,0.0,0.0,1702932500.0,24,0.0,1702932500.0,1702932500.0,24,0,1702932500.0,1702932500.0,24,0,1702932500.0,0.0,24.0,1.0,1702932500.0,0.0,Attack,Attack-TCP-Flag-ACK-PSH
24,24.0,0.0,1702932500.0,24,24.0,1.0,1702932500.0,24,65535,0.0,1702932500.0,24.0,0,0.0,1702932500.0,24.0,0.0,1.0,1702932500.0,24.0,0.0,0.0,1702932500.0,24,0.0,1702932500.0,1702932500.0,24,0,1702932500.0,1702932500.0,24,0,1702932500.0,0.0,24.0,1.0,1702932500.0,0.0,Attack,Attack-TCP-Flag-ACK-PSH
40,0.0,0.5,0.11,20,0.0,0.0,0.11,20,0,0.5,0.0,20.0,62602,0.0,0.0,20.0,18.18842,0.0,0.0,20.0,18.18842,0.0,0.0,0,0.0,0.11,0.0,0,1,0.10996008,0.0,0,1,0.10996008,0.10996008,0.0,0.0,0.10996008,0.11,Attack,Attack-TCP-Flag-ACK-PSH
40,0.0,0.5,0.1111,20,0.0,0.0,0.1111,20,0,0.5,0.0,20.0,62596,0.0,0.0,20.0,18.007643,0.0,0.0,20.0,18.007643,0.0,0.0,0,0.0,0.1111,0.0,0,1,0.11106396,0.0,0,1,0.11106396,0.11106396,0.0,0.0,0.11106396,0.1111,Attack,Attack-TCP-Flag-ACK-PSH
24,24.0,0.0,1702932500.0,24,24.0,1.0,1702932500.0,24,1024,0.0,1702932500.0,24.0,0,0.0,1702932500.0,24.0,0.0,1.0,1702932500.0,24.0,0.0,0.0,1702932500.0,24,0.0,1702932500.0,1702932500.0,24,0,1702932500.0,1702932500.0,24,0,1702932500.0,0.0,24.0,1.0,1702932500.0,0.0,Attack,Attack-TCP-Flag-ACK-PSH
40,0.0,0.5,0.1105,20,0.0,0.0,0.1105,20,0,0.5,0.0,20.0,62602,0.0,0.0,20.0,18.104961,0.0,0.0,20.0,18.104961,0.0,0.0,0,0.0,0.1105,0.0,0,1,0.11046696,0.0,0,1,0.11046696,0.11046696,0.0,0.0,0.11046696,0.1105,Attack,Attack-TCP-Flag-ACK-PSH
40,0.0,0.5,0.111,20,0.0,0.0,0.111,20,0,0.5,0.0,20.0,62605,0.0,0.0,20.0,18.025791,0.0,0.0,20.0,18.025791,0.0,0.0,0,0.0,0.111,0.0,0,1,0.11095214,0.0,0,1,0.11095214,0.11095214,0.0,0.0,0.11095214,0.111,Attack,Attack-TCP-Flag-ACK-PSH
40,0.0,0.5,0.1075,20,0.0,0.0,0.1075,20,0,0.5,0.0,20.0,62594,0.0,0.0,20.0,18.59672,0.0,0.0,20.0,18.59672,0.0,0.0,0,0.0,0.1075,0.0,0,1,0.10754585,0.0,0,1,0.10754585,0.10754585,0.0,0.0,0.10754585,0.1075,Attack,Attack-TCP-Flag-ACK-PSH
20,20.0,1.0,1702932500.0,20,20.0,0.0,1702932500.0,20,0,0.0,1702932500.0,20.0,0,0.0,1702932500.0,20.0,0.0,0.0,1702932500.0,20.0,0.0,0.0,1702932500.0,20,0.0,1702932500.0,1702932500.0,20,1,1702932500.0,1702932500.0,20,0,1702932500.0,0.0,20.0,0.0,1702932500.0,0.0,Attack,Attack-TCP-Flag-ACK-PSH
40,0.0,0.5,0.1092,20,0.0,0.0,0.1092,20,0,0.5,0.0,20.0,62596,0.0,0.0,20.0,18.31234,0.0,0.0,20.0,18.31234,0.0,0.0,0,0.0,0.1092,0.0,0,1,0.109215975,0.0,0,1,0.109215975,0.109215975,0.0,0.0,0.109215975,0.1092,Attack,Attack-TCP-Flag-ACK-PSH
40,0.0,0.5,0.1101,20,0.0,0.0,0.1101,20,0,0.5,0.0,20.0,62588,0.0,0.0,20.0,18.157396,0.0,0.0,20.0,18.157396,0.0,0.0,0,0.0,0.1101,0.0,0,1,0.11014795,0.0,0,1,0.11014795,0.11014795,0.0,0.0,0.11014795,0.1101,Attack,Attack-TCP-Flag-ACK-PSH
40,0.0,0.5,0.107,20,0.0,0.0,0.107,20,0,0.5,0.0,20.0,62596,0.0,0.0,20.0,18.70032,0.0,0.0,20.0,18.70032,0.0,0.0,0,0.0,0.107,0.0,0,1,0.106950045,0.0,0,1,0.106950045,0.106950045,0.0,0.0,0.106950045,0.107,Attack,Attack-TCP-Flag-ACK-PSH
60,40.0,0.5,0.0003,40,40.0,0.5,0.0003,20,64240,0.5,1702932500.0,30.0,0,0.0,1702932500.0,30.0,6759.555,1.0,1702932500.0,20.0,3379.7776,0.0,1702932500.0,40,3379.7776,0.0003,1702932500.0,40,1,0.00029587746,1702932500.0,40,1,0.00029587746,1702932500.0,40.0,0.5,0.00029587746,1702932500.0,Attack,Attack-TCP-Flag-ACK-PSH
20,20.0,1.0,1702932500.0,20,20.0,0.0,1702932500.0,20,0,0.0,1702932500.0,20.0,0,0.0,1702932500.0,20.0,0.0,0.0,1702932500.0,20.0,0.0,0.0,1702932500.0,20,0.0,1702932500.0,1702932500.0,20,1,1702932500.0,1702932500.0,20,0,1702932500.0,0.0,20.0,0.0,1702932500.0,0.0,Attack,Attack-TCP-Flag-ACK-PSH
40,0.0,0.5,0.11,20,0.0,0.0,0.11,20,0,0.5,0.0,20.0,62599,0.0,0.0,20.0,18.173878,0.0,0.0,20.0,18.173878,0.0,0.0,0,0.0,0.11,0.0,0,1,0.110048056,0.0,0,1,0.110048056,0.110048056,0.0,0.0,0.110048056,0.11,Attack,Attack-TCP-Flag-ACK-PSH
40,0.0,0.5,0.1109,20,0.0,0.0,0.1109,20,0,0.5,0.0,20.0,62608,0.0,0.0,20.0,18.033968,0.0,0.0,20.0,18.033968,0.0,0.0,0,0.0,0.1109,0.0,0,1,0.11090183,0.0,0,1,0.11090183,0.11090183,0.0,0.0,0.11090183,0.1109,Attack,Attack-TCP-Flag-ACK-PSH
20,20.0,1.0,1702932500.0,20,20.0,0.0,1702932500.0,20,0,0.0,1702932500.0,20.0,0,0.0,1702932500.0,20.0,0.0,0.0,1702932500.0,20.0,0.0,0.0,1702932500.0,20,0.0,1702932500.0,1702932500.0,20,1,1702932500.0,1702932500.0,20,0,1702932500.0,0.0,20.0,0.0,1702932500.0,0.0,Attack,Attack-TCP-Flag-ACK-PSH
40,0.0,0.5,0.1101,20,0.0,0.0,0.1101,20,0,0.5,0.0,20.0,62599,0.0,0.0,20.0,18.158535,0.0,0.0,20.0,18.158535,0.0,0.0,0,0.0,0.1101,0.0,0,1,0.11014104,0.0,0,1,0.11014104,0.11014104,0.0,0.0,0.11014104,0.1101,Attack,Attack-TCP-Flag-ACK-PSH
40,0.0,0.5,0.1109,20,0.0,0.0,0.1109,20,0,0.5,0.0,20.0,62608,0.0,0.0,20.0,18.040909,0.0,0.0,20.0,18.040909,0.0,0.0,0,0.0,0.1109,0.0,0,1,0.110859156,0.0,0,1,0.110859156,0.110859156,0.0,0.0,0.110859156,0.1109,Attack,Attack-TCP-Flag-ACK-PSH
20,20.0,1.0,1702932500.0,20,20.0,0.0,1702932500.0,20,0,0.0,1702932500.0,20.0,0,0.0,1702932500.0,20.0,0.0,0.0,1702932500.0,20.0,0.0,0.0,1702932500.0,20,0.0,1702932500.0,1702932500.0,20,1,1702932500.0,1702932500.0,20,0,1702932500.0,0.0,20.0,0.0,1702932500.0,0.0,Attack,Attack-TCP-Flag-ACK-PSH
40,0.0,0.5,0.111,20,0.0,0.0,0.111,20,0,0.5,0.0,20.0,62596,0.0,0.0,20.0,18.015919,0.0,0.0,20.0,18.015919,0.0,0.0,0,0.0,0.111,0.0,0,1,0.111012936,0.0,0,1,0.111012936,0.111012936,0.0,0.0,0.111012936,0.111,Attack,Attack-TCP-Flag-ACK-PSH
20,20.0,1.0,1702932500.0,20,20.0,0.0,1702932500.0,20,0,0.0,1702932500.0,20.0,0,0.0,1702932500.0,20.0,0.0,0.0,1702932500.0,20.0,0.0,0.0,1702932500.0,20,0.0,1702932500.0,1702932500.0,20,1,1702932500.0,1702932500.0,20,0,1702932500.0,0.0,20.0,0.0,1702932500.0,0.0,Attack,Attack-TCP-Flag-ACK-PSH
20,20.0,1.0,1702932500.0,20,20.0,0.0,1702932500.0,20,0,0.0,1702932500.0,20.0,0,0.0,1702932500.0,20.0,0.0,0.0,1702932500.0,20.0,0.0,0.0,1702932500.0,20,0.0,1702932500.0,1702932500.0,20,1,1702932500.0,1702932500.0,20,0,1702932500.0,0.0,20.0,0.0,1702932500.0,0.0,Attack,Attack-TCP-Flag-ACK-PSH
40,0.0,0.5,0.1112,20,0.0,0.0,0.1112,20,0,0.5,0.0,20.0,62605,0.0,0.0,20.0,17.985788,0.0,0.0,20.0,17.985788,0.0,0.0,0,0.0,0.1112,0.0,0,1,0.1111989,0.0,0,1,0.1111989,0.1111989,0.0,0.0,0.1111989,0.1112,Attack,Attack-TCP-Flag-ACK-PSH
40,0.0,0.5,0.1103,20,0.0,0.0,0.1103,20,0,0.5,0.0,20.0,62594,0.0,0.0,20.0,18.138472,0.0,0.0,20.0,18.138472,0.0,0.0,0,0.0,0.1103,0.0,0,1,0.11026287,0.0,0,1,0.11026287,0.11026287,0.0,0.0,0.11026287,0.1103,Attack,Attack-TCP-Flag-ACK-PSH
20,20.0,0.0,1702932500.0,20,20.0,1.0,1702932500.0,20,1024,0.0,1702932500.0,20.0,0,0.0,1702932500.0,20.0,0.0,1.0,1702932500.0,20.0,0.0,0.0,1702932500.0,20,0.0,1702932500.0,1702932500.0,20,0,1702932500.0,1702932500.0,20,0,1702932500.0,0.0,20.0,1.0,1702932500.0,0.0,Attack,Attack-TCP-Flag-ACK-PSH
40,0.0,0.5,0.1093,20,0.0,0.0,0.1093,20,0,0.5,0.0,20.0,62596,0.0,0.0,20.0,18.306145,0.0,0.0,20.0,18.306145,0.0,0.0,0,0.0,0.1093,0.0,0,1,0.10925293,0.0,0,1,0.10925293,0.10925293,0.0,0.0,0.10925293,0.1093,Attack,Attack-TCP-Flag-ACK-PSH
40,0.0,0.5,0.1081,20,0.0,0.0,0.1081,20,0,0.5,0.0,20.0,62596,0.0,0.0,20.0,18.493158,0.0,0.0,20.0,18.493158,0.0,0.0,0,0.0,0.1081,0.0,0,1,0.1081481,0.0,0,1,0.1081481,0.1081481,0.0,0.0,0.1081481,0.1081,Attack,Attack-TCP-Flag-ACK-PSH
40,0.0,0.5,0.1108,20,0.0,0.0,0.1108,20,0,0.5,0.0,20.0,62590,0.0,0.0,20.0,18.044828,0.0,0.0,20.0,18.044828,0.0,0.0,0,0.0,0.1108,0.0,0,1,0.110835075,0.0,0,1,0.110835075,0.110835075,0.0,0.0,0.110835075,0.1108,Attack,Attack-TCP-Flag-ACK-PSH
40,0.0,0.5,0.1074,20,0.0,0.0,0.1074,20,0,0.5,0.0,20.0,62611,0.0,0.0,20.0,18.619215,0.0,0.0,20.0,18.619215,0.0,0.0,0,0.0,0.1074,0.0,0,1,0.107415915,0.0,0,1,0.107415915,0.107415915,0.0,0.0,0.107415915,0.1074,Attack,Attack-TCP-Flag-ACK-PSH
40,0.0,0.5,0.1079,20,0.0,0.0,0.1079,20,0,0.5,0.0,20.0,62596,0.0,0.0,20.0,18.536558,0.0,0.0,20.0,18.536558,0.0,0.0,0,0.0,0.1079,0.0,0,1,0.1078949,0.0,0,1,0.1078949,0.1078949,0.0,0.0,0.1078949,0.1079,Attack,Attack-TCP-Flag-ACK-PSH
20,20.0,1.0,1702932500.0,20,20.0,0.0,1702932500.0,20,0,0.0,1702932500.0,20.0,0,0.0,1702932500.0,20.0,0.0,0.0,1702932500.0,20.0,0.0,0.0,1702932500.0,20,0.0,1702932500.0,1702932500.0,20,1,1702932500.0,1702932500.0,20,0,1702932500.0,0.0,20.0,0.0,1702932500.0,0.0,Attack,Attack-TCP-Flag-ACK-PSH
40,0.0,0.5,0.1077,20,0.0,0.0,0.1077,20,0,0.5,0.0,20.0,62596,0.0,0.0,20.0,18.564577,0.0,0.0,20.0,18.564577,0.0,0.0,0,0.0,0.1077,0.0,0,1,0.10773206,0.0,0,1,0.10773206,0.10773206,0.0,0.0,0.10773206,0.1077,Attack,Attack-TCP-Flag-ACK-PSH
40,0.0,0.5,0.108,20,0.0,0.0,0.108,20,0,0.5,0.0,20.0,62602,0.0,0.0,20.0,18.523829,0.0,0.0,20.0,18.523829,0.0,0.0,0,0.0,0.108,0.0,0,1,0.107969046,0.0,0,1,0.107969046,0.107969046,0.0,0.0,0.107969046,0.108,Attack,Attack-TCP-Flag-ACK-PSH
40,0.0,0.5,0.111,20,0.0,0.0,0.111,20,0,0.5,0.0,20.0,62590,0.0,0.0,20.0,18.019014,0.0,0.0,20.0,18.019014,0.0,0.0,0,0.0,0.111,0.0,0,1,0.11099386,0.0,0,1,0.11099386,0.11099386,0.0,0.0,0.11099386,0.111,Attack,Attack-TCP-Flag-ACK-PSH
20,20.0,1.0,1702932500.0,20,20.0,0.0,1702932500.0,20,1200,0.0,1702932500.0,20.0,0,0.0,1702932500.0,20.0,0.0,0.0,1702932500.0,20.0,0.0,0.0,1702932500.0,20,0.0,1702932500.0,1702932500.0,20,1,1702932500.0,1702932500.0,20,0,1702932500.0,0.0,20.0,0.0,1702932500.0,0.0,Attack,Attack-TCP-Flag-ACK-PSH
40,0.0,0.5,0.1109,20,0.0,0.0,0.1109,20,0,0.5,0.0,20.0,62605,0.0,0.0,20.0,18.030052,0.0,0.0,20.0,18.030052,0.0,0.0,0,0.0,0.1109,0.0,0,1,0.11092591,0.0,0,1,0.11092591,0.11092591,0.0,0.0,0.11092591,0.1109,Attack,Attack-TCP-Flag-ACK-PSH
40,0.0,0.5,0.1079,20,0.0,0.0,0.1079,20,0,0.5,0.0,20.0,62590,0.0,0.0,20.0,18.536558,0.0,0.0,20.0,18.536558,0.0,0.0,0,0.0,0.1079,0.0,0,1,0.1078949,0.0,0,1,0.1078949,0.1078949,0.0,0.0,0.1078949,0.1079,Attack,Attack-TCP-Flag-ACK-PSH
20,20.0,1.0,1702932500.0,20,20.0,0.0,1702932500.0,20,1200,0.0,1702932500.0,20.0,0,0.0,1702932500.0,20.0,0.0,0.0,1702932500.0,20.0,0.0,0.0,1702932500.0,20,0.0,1702932500.0,1702932500.0,20,1,1702932500.0,1702932500.0,20,0,1702932500.0,0.0,20.0,0.0,1702932500.0,0.0,Attack,Attack-TCP-Flag-ACK-PSH
40,0.0,0.5,0.1106,20,0.0,0.0,0.1106,20,0,0.5,0.0,20.0,62590,0.0,0.0,20.0,18.087433,0.0,0.0,20.0,18.087433,0.0,0.0,0,0.0,0.1106,0.0,0,1,0.11057401,0.0,0,1,0.11057401,0.11057401,0.0,0.0,0.11057401,0.1106,Attack,Attack-TCP-Flag-ACK-PSH
20,20.0,1.0,1702932500.0,20,20.0,0.0,1702932500.0,20,0,0.0,1702932500.0,20.0,0,0.0,1702932500.0,20.0,0.0,0.0,1702932500.0,20.0,0.0,0.0,1702932500.0,20,0.0,1702932500.0,1702932500.0,20,1,1702932500.0,1702932500.0,20,0,1702932500.0,0.0,20.0,0.0,1702932500.0,0.0,Attack,Attack-TCP-Flag-ACK-PSH
24,24.0,0.0,1702932500.0,24,24.0,1.0,1702932500.0,24,65535,0.0,1702932500.0,24.0,0,0.0,1702932500.0,24.0,0.0,1.0,1702932500.0,24.0,0.0,0.0,1702932500.0,24,0.0,1702932500.0,1702932500.0,24,0,1702932500.0,1702932500.0,24,0,1702932500.0,0.0,24.0,1.0,1702932500.0,0.0,Attack,Attack-TCP-Flag-ACK-PSH
24,24.0,0.0,1702932500.0,24,24.0,1.0,1702932500.0,24,65535,0.0,1702932500.0,24.0,0,0.0,1702932500.0,24.0,0.0,1.0,1702932500.0,24.0,0.0,0.0,1702932500.0,24,0.0,1702932500.0,1702932500.0,24,0,1702932500.0,1702932500.0,24,0,1702932500.0,0.0,24.0,1.0,1702932500.0,0.0,Attack,Attack-TCP-Flag-ACK-PSH
20,20.0,1.0,1702932500.0,20,20.0,0.0,1702932500.0,20,0,0.0,1702932500.0,20.0,0,0.0,1702932500.0,20.0,0.0,0.0,1702932500.0,20.0,0.0,0.0,1702932500.0,20,0.0,1702932500.0,1702932500.0,20,1,1702932500.0,1702932500.0,20,0,1702932500.0,0.0,20.0,0.0,1702932500.0,0.0,Attack,Attack-TCP-Flag-ACK-PSH
20,20.0,1.0,1702932500.0,20,20.0,0.0,1702932500.0,20,0,0.0,1702932500.0,20.0,0,0.0,1702932500.0,20.0,0.0,0.0,1702932500.0,20.0,0.0,0.0,1702932500.0,20,0.0,1702932500.0,1702932500.0,20,1,1702932500.0,1702932500.0,20,0,1702932500.0,0.0,20.0,0.0,1702932500.0,0.0,Attack,Attack-TCP-Flag-ACK-PSH
40,0.0,0.5,0.111,20,0.0,0.0,0.111,20,0,0.5,0.0,20.0,62602,0.0,0.0,20.0,18.02304,0.0,0.0,20.0,18.02304,0.0,0.0,0,0.0,0.111,0.0,0,1,0.11096907,0.0,0,1,0.11096907,0.11096907,0.0,0.0,0.11096907,0.111,Attack,Attack-TCP-Flag-ACK-PSH
40,0.0,0.5,0.1112,20,0.0,0.0,0.1112,20,0,0.5,0.0,20.0,62592,0.0,0.0,20.0,17.986599,0.0,0.0,20.0,17.986599,0.0,0.0,0,0.0,0.1112,0.0,0,1,0.111193895,0.0,0,1,0.111193895,0.111193895,0.0,0.0,0.111193895,0.1112,Attack,Attack-TCP-Flag-ACK-PSH
40,0.0,0.5,0.1077,20,0.0,0.0,0.1077,20,0,0.5,0.0,20.0,62590,0.0,0.0,20.0,18.577692,0.0,0.0,20.0,18.577692,0.0,0.0,0,0.0,0.1077,0.0,0,1,0.107656,0.0,0,1,0.107656,0.107656,0.0,0.0,0.107656,0.1077,Attack,Attack-TCP-Flag-ACK-PSH
20,20.0,1.0,1702932500.0,20,20.0,0.0,1702932500.0,20,1200,0.0,1702932500.0,20.0,0,0.0,1702932500.0,20.0,0.0,0.0,1702932500.0,20.0,0.0,0.0,1702932500.0,20,0.0,1702932500.0,1702932500.0,20,1,1702932500.0,1702932500.0,20,0,1702932500.0,0.0,20.0,0.0,1702932500.0,0.0,Attack,Attack-TCP-Flag-ACK-PSH
40,0.0,0.5,0.1111,20,0.0,0.0,0.1111,20,0,0.5,0.0,20.0,62602,0.0,0.0,20.0,18.00455,0.0,0.0,20.0,18.00455,0.0,0.0,0,0.0,0.1111,0.0,0,1,0.11108303,0.0,0,1,0.11108303,0.11108303,0.0,0.0,0.11108303,0.1111,Attack,Attack-TCP-Flag-ACK-PSH
20,20.0,1.0,1702932500.0,20,20.0,0.0,1702932500.0,20,0,0.0,1702932500.0,20.0,0,0.0,1702932500.0,20.0,0.0,0.0,1702932500.0,20.0,0.0,0.0,1702932500.0,20,0.0,1702932500.0,1702932500.0,20,1,1702932500.0,1702932500.0,20,0,1702932500.0,0.0,20.0,0.0,1702932500.0,0.0,Attack,Attack-TCP-Flag-ACK-PSH
40,0.0,0.5,0.1101,20,0.0,0.0,0.1101,20,0,0.5,0.0,20.0,62605,0.0,0.0,20.0,18.16825,0.0,0.0,20.0,18.16825,0.0,0.0,0,0.0,0.1101,0.0,0,1,0.11008215,0.0,0,1,0.11008215,0.11008215,0.0,0.0,0.11008215,0.1101,Attack,Attack-TCP-Flag-ACK-PSH
40,0.0,0.5,0.1072,20,0.0,0.0,0.1072,20,0,0.5,0.0,20.0,62590,0.0,0.0,20.0,18.656898,0.0,0.0,20.0,18.656898,0.0,0.0,0,0.0,0.1072,0.0,0,1,0.10719895,0.0,0,1,0.10719895,0.10719895,0.0,0.0,0.10719895,0.1072,Attack,Attack-TCP-Flag-ACK-PSH
40,0.0,0.5,0.1099,20,0.0,0.0,0.1099,20,0,0.5,0.0,20.0,62590,0.0,0.0,20.0,18.196863,0.0,0.0,20.0,18.196863,0.0,0.0,0,0.0,0.1099,0.0,0,1,0.10990906,0.0,0,1,0.10990906,0.10990906,0.0,0.0,0.10990906,0.1099,Attack,Attack-TCP-Flag-ACK-PSH
40,0.0,0.5,0.1109,20,0.0,0.0,0.1109,20,0,0.5,0.0,20.0,62605,0.0,0.0,20.0,18.032959,0.0,0.0,20.0,18.032959,0.0,0.0,0,0.0,0.1109,0.0,0,1,0.11090803,0.0,0,1,0.11090803,0.11090803,0.0,0.0,0.11090803,0.1109,Attack,Attack-TCP-Flag-ACK-PSH
40,0.0,0.5,0.1112,20,0.0,0.0,0.1112,20,0,0.5,0.0,20.0,62586,0.0,0.0,20.0,17.98255,0.0,0.0,20.0,17.98255,0.0,0.0,0,0.0,0.1112,0.0,0,1,0.11121893,0.0,0,1,0.11121893,0.11121893,0.0,0.0,0.11121893,0.1112,Attack,Attack-TCP-Flag-ACK-PSH
20,20.0,0.0,1702932500.0,20,20.0,1.0,1702932500.0,20,1024,0.0,1702932500.0,20.0,0,0.0,1702932500.0,20.0,0.0,1.0,1702932500.0,20.0,0.0,0.0,1702932500.0,20,0.0,1702932500.0,1702932500.0,20,0,1702932500.0,1702932500.0,20,0,1702932500.0,0.0,20.0,1.0,1702932500.0,0.0,Attack,Attack-TCP-Flag-ACK-PSH
40,0.0,0.5,0.1109,20,0.0,0.0,0.1109,20,0,0.5,0.0,20.0,62590,0.0,0.0,20.0,18.031641,0.0,0.0,20.0,18.031641,0.0,0.0,0,0.0,0.1109,0.0,0,1,0.11091614,0.0,0,1,0.11091614,0.11091614,0.0,0.0,0.11091614,0.1109,Attack,Attack-TCP-Flag-ACK-PSH
20,20.0,1.0,1702932500.0,20,20.0,0.0,1702932500.0,20,0,0.0,1702932500.0,20.0,0,0.0,1702932500.0,20.0,0.0,0.0,1702932500.0,20.0,0.0,0.0,1702932500.0,20,0.0,1702932500.0,1702932500.0,20,1,1702932500.0,1702932500.0,20,0,1702932500.0,0.0,20.0,0.0,1702932500.0,0.0,Attack,Attack-TCP-Flag-ACK-PSH
40,0.0,0.5,0.1102,20,0.0,0.0,0.1102,20,0,0.5,0.0,20.0,62602,0.0,0.0,20.0,18.141727,0.0,0.0,20.0,18.141727,0.0,0.0,0,0.0,0.1102,0.0,0,1,0.11024308,0.0,0,1,0.11024308,0.11024308,0.0,0.0,0.11024308,0.1102,Attack,Attack-TCP-Flag-ACK-PSH
40,0.0,0.5,0.1103,20,0.0,0.0,0.1103,20,0,0.5,0.0,20.0,62602,0.0,0.0,20.0,18.133022,0.0,0.0,20.0,18.133022,0.0,0.0,0,0.0,0.1103,0.0,0,1,0.11029601,0.0,0,1,0.11029601,0.11029601,0.0,0.0,0.11029601,0.1103,Attack,Attack-TCP-Flag-ACK-PSH
20,20.0,0.0,1702932500.0,20,20.0,1.0,1702932500.0,20,1024,0.0,1702932500.0,20.0,0,0.0,1702932500.0,20.0,0.0,1.0,1702932500.0,20.0,0.0,0.0,1702932500.0,20,0.0,1702932500.0,1702932500.0,20,0,1702932500.0,1702932500.0,20,0,1702932500.0,0.0,20.0,1.0,1702932500.0,0.0,Attack,Attack-TCP-Flag-ACK-PSH
20,20.0,0.0,1702932500.0,20,20.0,0.0,1702932500.0,20,1022,0.0,1702932500.0,20.0,0,0.0,1702932500.0,20.0,0.0,0.0,1702932500.0,20.0,0.0,0.0,1702932500.0,20,0.0,1702932500.0,1702932500.0,20,0,1702932500.0,1702932500.0,20,0,1702932500.0,0.0,20.0,0.0,1702932500.0,0.0,Attack,Attack-TCP-Flag-ACK-PSH
40,0.0,0.5,0.1092,20,0.0,0.0,0.1092,20,0,0.5,0.0,20.0,62590,0.0,0.0,20.0,18.3125,0.0,0.0,20.0,18.3125,0.0,0.0,0,0.0,0.1092,0.0,0,1,0.10921502,0.0,0,1,0.10921502,0.10921502,0.0,0.0,0.10921502,0.1092,Attack,Attack-TCP-Flag-ACK-PSH
40,20.0,0.5,1e-04,20,20.0,0.5,1e-04,20,65535,0.5,1702932500.0,20.0,0,0.0,1702932500.0,20.0,20867.184,1.0,1702932500.0,20.0,10433.592,0.0,1702932500.0,20,10433.592,1e-04,1702932500.0,20,1,9.584427e-05,1702932500.0,20,1,9.584427e-05,1702932500.0,20.0,0.5,9.584427e-05,1702932500.0,Attack,Attack-TCP-Flag-ACK-PSH
40,0.0,0.5,0.1115,20,0.0,0.0,0.1115,20,0,0.5,0.0,20.0,62596,0.0,0.0,20.0,17.938828,0.0,0.0,20.0,17.938828,0.0,0.0,0,0.0,0.1115,0.0,0,1,0.11149001,0.0,0,1,0.11149001,0.11149001,0.0,0.0,0.11149001,0.1115,Attack,Attack-TCP-Flag-ACK-PSH
60,40.0,0.5,0.0002,40,40.0,0.5,0.0002,20,64240,0.5,1702932500.0,30.0,0,0.0,1702932500.0,30.0,11110.739,1.0,1702932500.0,20.0,5555.3696,0.0,1702932500.0,40,5555.3696,0.0002,1702932500.0,40,1,0.00018000603,1702932500.0,40,1,0.00018000603,1702932500.0,40.0,0.5,0.00018000603,1702932500.0,Attack,Attack-TCP-Flag-ACK-PSH
24,24.0,0.0,1702932500.0,24,24.0,1.0,1702932500.0,24,65535,0.0,1702932500.0,24.0,0,0.0,1702932500.0,24.0,0.0,1.0,1702932500.0,24.0,0.0,0.0,1702932500.0,24,0.0,1702932500.0,1702932500.0,24,0,1702932500.0,1702932500.0,24,0,1702932500.0,0.0,24.0,1.0,1702932500.0,0.0,Attack,Attack-TCP-Flag-ACK-PSH
20,20.0,1.0,1702932500.0,20,20.0,0.0,1702932500.0,20,0,0.0,1702932500.0,20.0,0,0.0,1702932500.0,20.0,0.0,0.0,1702932500.0,20.0,0.0,0.0,1702932500.0,20,0.0,1702932500.0,1702932500.0,20,1,1702932500.0,1702932500.0,20,0,1702932500.0,0.0,20.0,0.0,1702932500.0,0.0,Attack,Attack-TCP-Flag-ACK-PSH
40,0.0,0.5,0.1108,20,0.0,0.0,0.1108,20,0,0.5,0.0,20.0,62605,0.0,0.0,20.0,18.04813,0.0,0.0,20.0,18.04813,0.0,0.0,0,0.0,0.1108,0.0,0,1,0.11081481,0.0,0,1,0.11081481,0.11081481,0.0,0.0,0.11081481,0.1108,Attack,Attack-TCP-Flag-ACK-PSH
20,20.0,1.0,1702932500.0,20,20.0,0.0,1702932500.0,20,1200,0.0,1702932500.0,20.0,0,0.0,1702932500.0,20.0,0.0,0.0,1702932500.0,20.0,0.0,0.0,1702932500.0,20,0.0,1702932500.0,1702932500.0,20,1,1702932500.0,1702932500.0,20,0,1702932500.0,0.0,20.0,0.0,1702932500.0,0.0,Attack,Attack-TCP-Flag-ACK-PSH
40,0.0,0.5,0.1081,20,0.0,0.0,0.1081,20,0,0.5,0.0,20.0,62594,0.0,0.0,20.0,18.502909,0.0,0.0,20.0,18.502909,0.0,0.0,0,0.0,0.1081,0.0,0,1,0.108091116,0.0,0,1,0.108091116,0.108091116,0.0,0.0,0.108091116,0.1081,Attack,Attack-TCP-Flag-ACK-PSH
40,0.0,0.5,0.1081,20,0.0,0.0,0.1081,20,0,0.5,0.0,20.0,62594,0.0,0.0,20.0,18.49524,0.0,0.0,20.0,18.49524,0.0,0.0,0,0.0,0.1081,0.0,0,1,0.10813594,0.0,0,1,0.10813594,0.10813594,0.0,0.0,0.10813594,0.1081,Attack,Attack-TCP-Flag-ACK-PSH
40,0.0,0.5,0.1102,20,0.0,0.0,0.1102,20,0,0.5,0.0,20.0,62599,0.0,0.0,20.0,18.142904,0.0,0.0,20.0,18.142904,0.0,0.0,0,0.0,0.1102,0.0,0,1,0.11023593,0.0,0,1,0.11023593,0.11023593,0.0,0.0,0.11023593,0.1102,Attack,Attack-TCP-Flag-ACK-PSH
40,0.0,0.5,0.1112,20,0.0,0.0,0.1112,20,0,0.5,0.0,20.0,62594,0.0,0.0,20.0,17.989492,0.0,0.0,20.0,17.989492,0.0,0.0,0,0.0,0.1112,0.0,0,1,0.111176014,0.0,0,1,0.111176014,0.111176014,0.0,0.0,0.111176014,0.1112,Attack,Attack-TCP-Flag-ACK-PSH
24,24.0,0.0,1702932500.0,24,24.0,1.0,1702932500.0,24,1025,0.0,1702932500.0,24.0,0,0.0,1702932500.0,24.0,0.0,1.0,1702932500.0,24.0,0.0,0.0,1702932500.0,24,0.0,1702932500.0,1702932500.0,24,0,1702932500.0,1702932500.0,24,0,1702932500.0,0.0,24.0,1.0,1702932500.0,0.0,Attack,Attack-TCP-Flag-ACK-PSH
24,24.0,0.0,1702932500.0,24,24.0,1.0,1702932500.0,24,65535,0.0,1702932500.0,24.0,0,0.0,1702932500.0,24.0,0.0,1.0,1702932500.0,24.0,0.0,0.0,1702932500.0,24,0.0,1702932500.0,1702932500.0,24,0,1702932500.0,1702932500.0,24,0,1702932500.0,0.0,24.0,1.0,1702932500.0,0.0,Attack,Attack-TCP-Flag-ACK-PSH
40,0.0,0.5,0.1111,20,0.0,0.0,0.1111,20,0,0.5,0.0,20.0,62596,0.0,0.0,20.0,18.005207,0.0,0.0,20.0,18.005207,0.0,0.0,0,0.0,0.1111,0.0,0,1,0.11107898,0.0,0,1,0.11107898,0.11107898,0.0,0.0,0.11107898,0.1111,Attack,Attack-TCP-Flag-ACK-PSH
40,0.0,0.5,0.1111,20,0.0,0.0,0.1111,20,0,0.5,0.0,20.0,62602,0.0,0.0,20.0,17.998098,0.0,0.0,20.0,17.998098,0.0,0.0,0,0.0,0.1111,0.0,0,1,0.11112285,0.0,0,1,0.11112285,0.11112285,0.0,0.0,0.11112285,0.1111,Attack,Attack-TCP-Flag-ACK-PSH
40,0.0,0.5,0.1111,20,0.0,0.0,0.1111,20,0,0.5,0.0,20.0,62599,0.0,0.0,20.0,17.99532,0.0,0.0,20.0,17.99532,0.0,0.0,0,0.0,0.1111,0.0,0,1,0.11114001,0.0,0,1,0.11114001,0.11114001,0.0,0.0,0.11114001,0.1111,Attack,Attack-TCP-Flag-ACK-PSH
20,20.0,1.0,1702932500.0,20,20.0,0.0,1702932500.0,20,0,0.0,1702932500.0,20.0,0,0.0,1702932500.0,20.0,0.0,0.0,1702932500.0,20.0,0.0,0.0,1702932500.0,20,0.0,1702932500.0,1702932500.0,20,1,1702932500.0,1702932500.0,20,0,1702932500.0,0.0,20.0,0.0,1702932500.0,0.0,Attack,Attack-TCP-Flag-ACK-PSH
20,20.0,1.0,1702932500.0,20,20.0,0.0,1702932500.0,20,0,0.0,1702932500.0,20.0,0,0.0,1702932500.0,20.0,0.0,0.0,1702932500.0,20.0,0.0,0.0,1702932500.0,20,0.0,1702932500.0,1702932500.0,20,1,1702932500.0,1702932500.0,20,0,1702932500.0,0.0,20.0,0.0,1702932500.0,0.0,Attack,Attack-TCP-Flag-ACK-PSH
40,0.0,0.5,0.1108,20,0.0,0.0,0.1108,20,0,0.5,0.0,20.0,62594,0.0,0.0,20.0,18.043354,0.0,0.0,20.0,18.043354,0.0,0.0,0,0.0,0.1108,0.0,0,1,0.110844135,0.0,0,1,0.110844135,0.110844135,0.0,0.0,0.110844135,0.1108,Attack,Attack-TCP-Flag-ACK-PSH
24,24.0,0.0,1702932500.0,24,24.0,1.0,1702932500.0,24,65535,0.0,1702932500.0,24.0,0,0.0,1702932500.0,24.0,0.0,1.0,1702932500.0,24.0,0.0,0.0,1702932500.0,24,0.0,1702932500.0,1702932500.0,24,0,1702932500.0,1702932500.0,24,0,1702932500.0,0.0,24.0,1.0,1702932500.0,0.0,Attack,Attack-TCP-Flag-ACK-PSH
40,0.0,0.5,0.1109,20,0.0,0.0,0.1109,20,0,0.5,0.0,20.0,62602,0.0,0.0,20.0,18.027922,0.0,0.0,20.0,18.027922,0.0,0.0,0,0.0,0.1109,0.0,0,1,0.110939026,0.0,0,1,0.110939026,0.110939026,0.0,0.0,0.110939026,0.1109,Attack,Attack-TCP-Flag-ACK-PSH
40,0.0,0.5,0.111,20,0.0,0.0,0.111,20,0,0.5,0.0,20.0,62599,0.0,0.0,20.0,18.020796,0.0,0.0,20.0,18.020796,0.0,0.0,0,0.0,0.111,0.0,0,1,0.110982895,0.0,0,1,0.110982895,0.110982895,0.0,0.0,0.110982895,0.111,Attack,Attack-TCP-Flag-ACK-PSH
40,0.0,0.5,0.1112,20,0.0,0.0,0.1112,20,0,0.5,0.0,20.0,62602,0.0,0.0,20.0,17.987717,0.0,0.0,20.0,17.987717,0.0,0.0,0,0.0,0.1112,0.0,0,1,0.11118698,0.0,0,1,0.11118698,0.11118698,0.0,0.0,0.11118698,0.1112,Attack,Attack-TCP-Flag-ACK-PSH
20,20.0,1.0,1702932500.0,20,20.0,0.0,1702932500.0,20,0,0.0,1702932500.0,20.0,0,0.0,1702932500.0,20.0,0.0,0.0,1702932500.0,20.0,0.0,0.0,1702932500.0,20,0.0,1702932500.0,1702932500.0,20,1,1702932500.0,1702932500.0,20,0,1702932500.0,0.0,20.0,0.0,1702932500.0,0.0,Attack,Attack-TCP-Flag-ACK-PSH
40,0.0,0.5,0.1081,20,0.0,0.0,0.1081,20,0,0.5,0.0,20.0,62611,0.0,0.0,20.0,18.508379,0.0,0.0,20.0,18.508379,0.0,0.0,0,0.0,0.1081,0.0,0,1,0.10805917,0.0,0,1,0.10805917,0.10805917,0.0,0.0,0.10805917,0.1081,Attack,Attack-TCP-Flag-ACK-PSH
40,0.0,0.5,0.111,20,0.0,0.0,0.111,20,0,0.5,0.0,20.0,62611,0.0,0.0,20.0,18.015415,0.0,0.0,20.0,18.015415,0.0,0.0,0,0.0,0.111,0.0,0,1,0.111016035,0.0,0,1,0.111016035,0.111016035,0.0,0.0,0.111016035,0.111,Attack,Attack-TCP-Flag-ACK-PSH
20,20.0,1.0,1702932500.0,20,20.0,0.0,1702932500.0,20,0,0.0,1702932500.0,20.0,0,0.0,1702932500.0,20.0,0.0,0.0,1702932500.0,20.0,0.0,0.0,1702932500.0,20,0.0,1702932500.0,1702932500.0,20,1,1702932500.0,1702932500.0,20,0,1702932500.0,0.0,20.0,0.0,1702932500.0,0.0,Attack,Attack-TCP-Flag-ACK-PSH
24,24.0,0.0,1702932500.0,24,24.0,1.0,1702932500.0,24,1024,0.0,1702932500.0,24.0,0,0.0,1702932500.0,24.0,0.0,1.0,1702932500.0,24.0,0.0,0.0,1702932500.0,24,0.0,1702932500.0,1702932500.0,24,0,1702932500.0,1702932500.0,24,0,1702932500.0,0.0,24.0,1.0,1702932500.0,0.0,Attack,Attack-TCP-Flag-ACK-PSH
20,20.0,1.0,1702932500.0,20,20.0,0.0,1702932500.0,20,0,0.0,1702932500.0,20.0,0,0.0,1702932500.0,20.0,0.0,0.0,1702932500.0,20.0,0.0,0.0,1702932500.0,20,0.0,1702932500.0,1702932500.0,20,1,1702932500.0,1702932500.0,20,0,1702932500.0,0.0,20.0,0.0,1702932500.0,0.0,Attack,Attack-TCP-Flag-ACK-PSH
24,24.0,0.0,1702932500.0,24,24.0,1.0,1702932500.0,24,1025,0.0,1702932500.0,24.0,0,0.0,1702932500.0,24.0,0.0,1.0,1702932500.0,24.0,0.0,0.0,1702932500.0,24,0.0,1702932500.0,1702932500.0,24,0,1702932500.0,1702932500.0,24,0,1702932500.0,0.0,24.0,1.0,1702932500.0,0.0,Attack,Attack-TCP-Flag-ACK-PSH
40,0.0,0.5,0.1099,20,0.0,0.0,0.1099,20,0,0.5,0.0,20.0,62608,0.0,0.0,20.0,18.206142,0.0,0.0,20.0,18.206142,0.0,0.0,0,0.0,0.1099,0.0,0,1,0.10985303,0.0,0,1,0.10985303,0.10985303,0.0,0.0,0.10985303,0.1099,Attack,Attack-TCP-Flag-ACK-PSH
40,0.0,0.5,0.1078,20,0.0,0.0,0.1078,20,0,0.5,0.0,20.0,62611,0.0,0.0,20.0,18.557676,0.0,0.0,20.0,18.557676,0.0,0.0,0,0.0,0.1078,0.0,0,1,0.10777211,0.0,0,1,0.10777211,0.10777211,0.0,0.0,0.10777211,0.1078,Attack,Attack-TCP-Flag-ACK-PSH
40,0.0,0.5,0.111,20,0.0,0.0,0.111,20,0,0.5,0.0,20.0,62594,0.0,0.0,20.0,18.015919,0.0,0.0,20.0,18.015919,0.0,0.0,0,0.0,0.111,0.0,0,1,0.111012936,0.0,0,1,0.111012936,0.111012936,0.0,0.0,0.111012936,0.111,Attack,Attack-TCP-Flag-ACK-PSH
40,0.0,0.5,0.1078,20,0.0,0.0,0.1078,20,0,0.5,0.0,20.0,62602,0.0,0.0,20.0,18.552341,0.0,0.0,20.0,18.552341,0.0,0.0,0,0.0,0.1078,0.0,0,1,0.10780311,0.0,0,1,0.10780311,0.10780311,0.0,0.0,0.10780311,0.1078,Attack,Attack-TCP-Flag-ACK-PSH
40,0.0,0.5,0.111,20,0.0,0.0,0.111,20,0,0.5,0.0,20.0,62599,0.0,0.0,20.0,18.02486,0.0,0.0,20.0,18.02486,0.0,0.0,0,0.0,0.111,0.0,0,1,0.11095786,0.0,0,1,0.11095786,0.11095786,0.0,0.0,0.11095786,0.111,Attack,Attack-TCP-Flag-ACK-PSH
40,0.0,0.5,0.1101,20,0.0,0.0,0.1101,20,0,0.5,0.0,20.0,62602,0.0,0.0,20.0,18.157238,0.0,0.0,20.0,18.157238,0.0,0.0,0,0.0,0.1101,0.0,0,1,0.11014891,0.0,0,1,0.11014891,0.11014891,0.0,0.0,0.11014891,0.1101,Attack,Attack-TCP-Flag-ACK-PSH
40,0.0,0.5,0.1079,20,0.0,0.0,0.1079,20,0,0.5,0.0,20.0,62594,0.0,0.0,20.0,18.53103,0.0,0.0,20.0,18.53103,0.0,0.0,0,0.0,0.1079,0.0,0,1,0.107927084,0.0,0,1,0.107927084,0.107927084,0.0,0.0,0.107927084,0.1079,Attack,Attack-TCP-Flag-ACK-PSH
20,20.0,1.0,1702932500.0,20,20.0,0.0,1702932500.0,20,1200,0.0,1702932500.0,20.0,0,0.0,1702932500.0,20.0,0.0,0.0,1702932500.0,20.0,0.0,0.0,1702932500.0,20,0.0,1702932500.0,1702932500.0,20,1,1702932500.0,1702932500.0,20,0,1702932500.0,0.0,20.0,0.0,1702932500.0,0.0,Attack,Attack-TCP-Flag-ACK-PSH
136,20.0,0.16666667,0.0002,28,20.0,0.16666667,0.0,20,65535,0.16666667,0.1034,22.6667,64240,0.0,0.20683193,20.0,28.957388,0.33333334,0.0,20.0,14.478694,0.0,0.20683193,68,14.478694,0.0414,0.1034,28,1,0.20662403,0.0,20,1,0.0,0.2069931,22.6667,0.33333334,0.207201,0.0,Attack,Attack-TCP-Flag-ACK-PSH
40,0.0,0.5,0.1092,20,0.0,0.0,0.1092,20,0,0.5,0.0,20.0,62605,0.0,0.0,20.0,18.31034,0.0,0.0,20.0,18.31034,0.0,0.0,0,0.0,0.1092,0.0,0,1,0.109227896,0.0,0,1,0.109227896,0.109227896,0.0,0.0,0.109227896,0.1092,Attack,Attack-TCP-Flag-ACK-PSH
20,20.0,1.0,1702932500.0,20,20.0,0.0,1702932500.0,20,0,0.0,1702932500.0,20.0,0,0.0,1702932500.0,20.0,0.0,0.0,1702932500.0,20.0,0.0,0.0,1702932500.0,20,0.0,1702932500.0,1702932500.0,20,1,1702932500.0,1702932500.0,20,0,1702932500.0,0.0,20.0,0.0,1702932500.0,0.0,Attack,Attack-TCP-Flag-ACK-PSH
24,24.0,0.0,1702932500.0,24,24.0,1.0,1702932500.0,24,1024,0.0,1702932500.0,24.0,0,0.0,1702932500.0,24.0,0.0,1.0,1702932500.0,24.0,0.0,0.0,1702932500.0,24,0.0,1702932500.0,1702932500.0,24,0,1702932500.0,1702932500.0,24,0,1702932500.0,0.0,24.0,1.0,1702932500.0,0.0,Attack,Attack-TCP-Flag-ACK-PSH
20,20.0,1.0,1702932500.0,20,20.0,0.0,1702932500.0,20,0,0.0,1702932500.0,20.0,0,0.0,1702932500.0,20.0,0.0,0.0,1702932500.0,20.0,0.0,0.0,1702932500.0,20,0.0,1702932500.0,1702932500.0,20,1,1702932500.0,1702932500.0,20,0,1702932500.0,0.0,20.0,0.0,1702932500.0,0.0,Attack,Attack-TCP-Flag-ACK-PSH
40,0.0,0.5,0.1107,20,0.0,0.0,0.1107,20,0,0.5,0.0,20.0,62605,0.0,0.0,20.0,18.067488,0.0,0.0,20.0,18.067488,0.0,0.0,0,0.0,0.1107,0.0,0,1,0.11069608,0.0,0,1,0.11069608,0.11069608,0.0,0.0,0.11069608,0.1107,Attack,Attack-TCP-Flag-ACK-PSH
40,0.0,0.5,0.1093,20,0.0,0.0,0.1093,20,0,0.5,0.0,20.0,62594,0.0,0.0,20.0,18.30279,0.0,0.0,20.0,18.30279,0.0,0.0,0,0.0,0.1093,0.0,0,1,0.10927296,0.0,0,1,0.10927296,0.10927296,0.0,0.0,0.10927296,0.1093,Attack,Attack-TCP-Flag-ACK-PSH
20,20.0,0.0,1702932500.0,20,20.0,1.0,1702932500.0,20,1024,0.0,1702932500.0,20.0,0,0.0,1702932500.0,20.0,0.0,1.0,1702932500.0,20.0,0.0,0.0,1702932500.0,20,0.0,1702932500.0,1702932500.0,20,0,1702932500.0,1702932500.0,20,0,1702932500.0,0.0,20.0,1.0,1702932500.0,0.0,Attack,Attack-TCP-Flag-ACK-PSH
40,0.0,0.5,0.1109,20,0.0,0.0,0.1109,20,0,0.5,0.0,20.0,62599,0.0,0.0,20.0,18.02823,0.0,0.0,20.0,18.02823,0.0,0.0,0,0.0,0.1109,0.0,0,1,0.11093712,0.0,0,1,0.11093712,0.11093712,0.0,0.0,0.11093712,0.1109,Attack,Attack-TCP-Flag-ACK-PSH
40,0.0,0.5,0.1111,20,0.0,0.0,0.1111,20,0,0.5,0.0,20.0,62599,0.0,0.0,20.0,18.001652,0.0,0.0,20.0,18.001652,0.0,0.0,0,0.0,0.1111,0.0,0,1,0.11110091,0.0,0,1,0.11110091,0.11110091,0.0,0.0,0.11110091,0.1111,Attack,Attack-TCP-Flag-ACK-PSH
60,40.0,0.5,0.0254,40,40.0,0.5,0.0254,20,64240,0.5,1702932500.0,30.0,0,0.0,1702932500.0,30.0,78.67467,1.0,1702932500.0,20.0,39.337334,0.0,1702932500.0,40,39.337334,0.0254,1702932500.0,40,1,0.025421143,1702932500.0,40,1,0.025421143,1702932500.0,40.0,0.5,0.025421143,1702932500.0,Attack,Attack-TCP-Flag-ACK-PSH
40,0.0,0.5,0.111,20,0.0,0.0,0.111,20,0,0.5,0.0,20.0,62608,0.0,0.0,20.0,18.01464,0.0,0.0,20.0,18.01464,0.0,0.0,0,0.0,0.111,0.0,0,1,0.1110208,0.0,0,1,0.1110208,0.1110208,0.0,0.0,0.1110208,0.111,Attack,Attack-TCP-Flag-ACK-PSH
40,0.0,0.5,0.1108,20,0.0,0.0,0.1108,20,0,0.5,0.0,20.0,62605,0.0,0.0,20.0,18.04514,0.0,0.0,20.0,18.04514,0.0,0.0,0,0.0,0.1108,0.0,0,1,0.11083317,0.0,0,1,0.11083317,0.11083317,0.0,0.0,0.11083317,0.1108,Attack,Attack-TCP-Flag-ACK-PSH
40,0.0,0.5,0.1078,20,0.0,0.0,0.1078,20,0,0.5,0.0,20.0,62594,0.0,0.0,20.0,18.54463,0.0,0.0,20.0,18.54463,0.0,0.0,0,0.0,0.1078,0.0,0,1,0.10784793,0.0,0,1,0.10784793,0.10784793,0.0,0.0,0.10784793,0.1078,Attack,Attack-TCP-Flag-ACK-PSH
20,20.0,1.0,1702932500.0,20,20.0,0.0,1702932500.0,20,1200,0.0,1702932500.0,20.0,0,0.0,1702932500.0,20.0,0.0,0.0,1702932500.0,20.0,0.0,0.0,1702932500.0,20,0.0,1702932500.0,1702932500.0,20,1,1702932500.0,1702932500.0,20,0,1702932500.0,0.0,20.0,0.0,1702932500.0,0.0,Attack,Attack-TCP-Flag-ACK-PSH
40,0.0,0.5,0.1092,20,0.0,0.0,0.1092,20,0,0.5,0.0,20.0,62594,0.0,0.0,20.0,18.314539,0.0,0.0,20.0,18.314539,0.0,0.0,0,0.0,0.1092,0.0,0,1,0.10920286,0.0,0,1,0.10920286,0.10920286,0.0,0.0,0.10920286,0.1092,Attack,Attack-TCP-Flag-ACK-PSH
20,20.0,0.0,1702932500.0,20,20.0,1.0,1702932500.0,20,1024,0.0,1702932500.0,20.0,0,0.0,1702932500.0,20.0,0.0,1.0,1702932500.0,20.0,0.0,0.0,1702932500.0,20,0.0,1702932500.0,1702932500.0,20,0,1702932500.0,1702932500.0,20,0,1702932500.0,0.0,20.0,1.0,1702932500.0,0.0,Attack,Attack-TCP-Flag-ACK-PSH
40,0.0,0.5,0.1081,20,0.0,0.0,0.1081,20,0,0.5,0.0,20.0,62602,0.0,0.0,20.0,18.507399,0.0,0.0,20.0,18.507399,0.0,0.0,0,0.0,0.1081,0.0,0,1,0.10806489,0.0,0,1,0.10806489,0.10806489,0.0,0.0,0.10806489,0.1081,Attack,Attack-TCP-Flag-ACK-PSH
20,20.0,1.0,1702932600.0,20,20.0,0.0,1702932600.0,20,0,0.0,1702932600.0,20.0,0,0.0,1702932600.0,20.0,0.0,0.0,1702932600.0,20.0,0.0,0.0,1702932600.0,20,0.0,1702932600.0,1702932600.0,20,1,1702932600.0,1702932600.0,20,0,1702932600.0,0.0,20.0,0.0,1702932600.0,0.0,Attack,Attack-TCP-Flag-ACK-PSH
40,0.0,0.5,0.1102,20,0.0,0.0,0.1102,20,0,0.5,0.0,20.0,62605,0.0,0.0,20.0,18.148676,0.0,0.0,20.0,18.148676,0.0,0.0,0,0.0,0.1102,0.0,0,1,0.11020088,0.0,0,1,0.11020088,0.11020088,0.0,0.0,0.11020088,0.1102,Attack,Attack-TCP-Flag-ACK-PSH
60,40.0,0.5,1e-04,40,40.0,0.5,1e-04,20,64240,0.5,1702932600.0,30.0,0,0.0,1702932600.0,30.0,25343.227,1.0,1702932600.0,20.0,12671.613,0.0,1702932600.0,40,12671.613,1e-04,1702932600.0,40,1,7.891655e-05,1702932600.0,40,1,7.891655e-05,1702932600.0,40.0,0.5,7.891655e-05,1702932600.0,Attack,Attack-TCP-Flag-ACK-PSH
40,0.0,0.5,0.1069,20,0.0,0.0,0.1069,20,0,0.5,0.0,20.0,62599,0.0,0.0,20.0,18.703487,0.0,0.0,20.0,18.703487,0.0,0.0,0,0.0,0.1069,0.0,0,1,0.106931925,0.0,0,1,0.106931925,0.106931925,0.0,0.0,0.106931925,0.1069,Attack,Attack-TCP-Flag-ACK-PSH
20,20.0,1.0,1702932600.0,20,20.0,0.0,1702932600.0,20,0,0.0,1702932600.0,20.0,0,0.0,1702932600.0,20.0,0.0,0.0,1702932600.0,20.0,0.0,0.0,1702932600.0,20,0.0,1702932600.0,1702932600.0,20,1,1702932600.0,1702932600.0,20,0,1702932600.0,0.0,20.0,0.0,1702932600.0,0.0,Attack,Attack-TCP-Flag-ACK-PSH
20,20.0,1.0,1702932600.0,20,20.0,0.0,1702932600.0,20,1200,0.0,1702932600.0,20.0,0,0.0,1702932600.0,20.0,0.0,0.0,1702932600.0,20.0,0.0,0.0,1702932600.0,20,0.0,1702932600.0,1702932600.0,20,1,1702932600.0,1702932600.0,20,0,1702932600.0,0.0,20.0,0.0,1702932600.0,0.0,Attack,Attack-TCP-Flag-ACK-PSH
40,0.0,0.5,0.1108,20,0.0,0.0,0.1108,20,0,0.5,0.0,20.0,62605,0.0,0.0,20.0,18.04875,0.0,0.0,20.0,18.04875,0.0,0.0,0,0.0,0.1108,0.0,0,1,0.110810995,0.0,0,1,0.110810995,0.110810995,0.0,0.0,0.110810995,0.1108,Attack,Attack-TCP-Flag-ACK-PSH
40,0.0,0.5,0.111,20,0.0,0.0,0.111,20,0,0.5,0.0,20.0,62594,0.0,0.0,20.0,18.015724,0.0,0.0,20.0,18.015724,0.0,0.0,0,0.0,0.111,0.0,0,1,0.11101413,0.0,0,1,0.11101413,0.11101413,0.0,0.0,0.11101413,0.111,Attack,Attack-TCP-Flag-ACK-PSH
20,20.0,1.0,1702932600.0,20,20.0,0.0,1702932600.0,20,0,0.0,1702932600.0,20.0,0,0.0,1702932600.0,20.0,0.0,0.0,1702932600.0,20.0,0.0,0.0,1702932600.0,20,0.0,1702932600.0,1702932600.0,20,1,1702932600.0,1702932600.0,20,0,1702932600.0,0.0,20.0,0.0,1702932600.0,0.0,Attack,Attack-TCP-Flag-ACK-PSH
20,20.0,1.0,1702932600.0,20,20.0,0.0,1702932600.0,20,0,0.0,1702932600.0,20.0,0,0.0,1702932600.0,20.0,0.0,0.0,1702932600.0,20.0,0.0,0.0,1702932600.0,20,0.0,1702932600.0,1702932600.0,20,1,1702932600.0,1702932600.0,20,0,1702932600.0,0.0,20.0,0.0,1702932600.0,0.0,Attack,Attack-TCP-Flag-ACK-PSH
40,0.0,0.5,0.1076,20,0.0,0.0,0.1076,20,0,0.5,0.0,20.0,62594,0.0,0.0,20.0,18.585142,0.0,0.0,20.0,18.585142,0.0,0.0,0,0.0,0.1076,0.0,0,1,0.10761285,0.0,0,1,0.10761285,0.10761285,0.0,0.0,0.10761285,0.1076,Attack,Attack-TCP-Flag-ACK-PSH
24,24.0,0.0,1702932600.0,24,24.0,1.0,1702932600.0,24,1024,0.0,1702932600.0,24.0,0,0.0,1702932600.0,24.0,0.0,1.0,1702932600.0,24.0,0.0,0.0,1702932600.0,24,0.0,1702932600.0,1702932600.0,24,0,1702932600.0,1702932600.0,24,0,1702932600.0,0.0,24.0,1.0,1702932600.0,0.0,Attack,Attack-TCP-Flag-ACK-PSH
20,20.0,1.0,1702932600.0,20,20.0,0.0,1702932600.0,20,0,0.0,1702932600.0,20.0,0,0.0,1702932600.0,20.0,0.0,0.0,1702932600.0,20.0,0.0,0.0,1702932600.0,20,0.0,1702932600.0,1702932600.0,20,1,1702932600.0,1702932600.0,20,0,1702932600.0,0.0,20.0,0.0,1702932600.0,0.0,Attack,Attack-TCP-Flag-ACK-PSH
40,0.0,0.5,0.1107,20,0.0,0.0,0.1107,20,0,0.5,0.0,20.0,62614,0.0,0.0,20.0,18.062275,0.0,0.0,20.0,18.062275,0.0,0.0,0,0.0,0.1107,0.0,0,1,0.110728025,0.0,0,1,0.110728025,0.110728025,0.0,0.0,0.110728025,0.1107,Attack,Attack-TCP-Flag-ACK-PSH
20,20.0,1.0,1702932600.0,20,20.0,0.0,1702932600.0,20,0,0.0,1702932600.0,20.0,0,0.0,1702932600.0,20.0,0.0,0.0,1702932600.0,20.0,0.0,0.0,1702932600.0,20,0.0,1702932600.0,1702932600.0,20,1,1702932600.0,1702932600.0,20,0,1702932600.0,0.0,20.0,0.0,1702932600.0,0.0,Attack,Attack-TCP-Flag-ACK-PSH
40,0.0,0.5,0.1114,20,0.0,0.0,0.1114,20,0,0.5,0.0,20.0,62605,0.0,0.0,20.0,17.945427,0.0,0.0,20.0,17.945427,0.0,0.0,0,0.0,0.1114,0.0,0,1,0.111449,0.0,0,1,0.111449,0.111449,0.0,0.0,0.111449,0.1114,Attack,Attack-TCP-Flag-ACK-PSH
20,20.0,1.0,1702932600.0,20,20.0,0.0,1702932600.0,20,0,0.0,1702932600.0,20.0,0,0.0,1702932600.0,20.0,0.0,0.0,1702932600.0,20.0,0.0,0.0,1702932600.0,20,0.0,1702932600.0,1702932600.0,20,1,1702932600.0,1702932600.0,20,0,1702932600.0,0.0,20.0,0.0,1702932600.0,0.0,Attack,Attack-TCP-Flag-ACK-PSH
40,0.0,0.5,0.1122,20,0.0,0.0,0.1122,20,0,0.5,0.0,20.0,62599,0.0,0.0,20.0,17.832432,0.0,0.0,20.0,17.832432,0.0,0.0,0,0.0,0.1122,0.0,0,1,0.1121552,0.0,0,1,0.1121552,0.1121552,0.0,0.0,0.1121552,0.1122,Attack,Attack-TCP-Flag-ACK-PSH
40,0.0,0.5,0.1111,20,0.0,0.0,0.1111,20,0,0.5,0.0,20.0,62592,0.0,0.0,20.0,17.994045,0.0,0.0,20.0,17.994045,0.0,0.0,0,0.0,0.1111,0.0,0,1,0.11114788,0.0,0,1,0.11114788,0.11114788,0.0,0.0,0.11114788,0.1111,Attack,Attack-TCP-Flag-ACK-PSH
40,0.0,0.5,0.1111,20,0.0,0.0,0.1111,20,0,0.5,0.0,20.0,62608,0.0,0.0,20.0,18.008453,0.0,0.0,20.0,18.008453,0.0,0.0,0,0.0,0.1111,0.0,0,1,0.11105895,0.0,0,1,0.11105895,0.11105895,0.0,0.0,0.11105895,0.1111,Attack,Attack-TCP-Flag-ACK-PSH
40,0.0,0.5,0.1109,20,0.0,0.0,0.1109,20,0,0.5,0.0,20.0,62602,0.0,0.0,20.0,18.028734,0.0,0.0,20.0,18.028734,0.0,0.0,0,0.0,0.1109,0.0,0,1,0.11093402,0.0,0,1,0.11093402,0.11093402,0.0,0.0,0.11093402,0.1109,Attack,Attack-TCP-Flag-ACK-PSH
40,0.0,0.5,0.1072,20,0.0,0.0,0.1072,20,0,0.5,0.0,20.0,62611,0.0,0.0,20.0,18.658268,0.0,0.0,20.0,18.658268,0.0,0.0,0,0.0,0.1072,0.0,0,1,0.107191086,0.0,0,1,0.107191086,0.107191086,0.0,0.0,0.107191086,0.1072,Attack,Attack-TCP-Flag-ACK-PSH
20,20.0,1.0,1702932600.0,20,20.0,0.0,1702932600.0,20,0,0.0,1702932600.0,20.0,0,0.0,1702932600.0,20.0,0.0,0.0,1702932600.0,20.0,0.0,0.0,1702932600.0,20,0.0,1702932600.0,1702932600.0,20,1,1702932600.0,1702932600.0,20,0,1702932600.0,0.0,20.0,0.0,1702932600.0,0.0,Attack,Attack-TCP-Flag-ACK-PSH
20,20.0,1.0,1702932600.0,20,20.0,0.0,1702932600.0,20,0,0.0,1702932600.0,20.0,0,0.0,1702932600.0,20.0,0.0,0.0,1702932600.0,20.0,0.0,0.0,1702932600.0,20,0.0,1702932600.0,1702932600.0,20,1,1702932600.0,1702932600.0,20,0,1702932600.0,0.0,20.0,0.0,1702932600.0,0.0,Attack,Attack-TCP-Flag-ACK-PSH
40,0.0,0.5,0.1107,20,0.0,0.0,0.1107,20,0,0.5,0.0,20.0,62605,0.0,0.0,20.0,18.067331,0.0,0.0,20.0,18.067331,0.0,0.0,0,0.0,0.1107,0.0,0,1,0.11069703,0.0,0,1,0.11069703,0.11069703,0.0,0.0,0.11069703,0.1107,Attack,Attack-TCP-Flag-ACK-PSH
20,20.0,1.0,1702932600.0,20,20.0,0.0,1702932600.0,20,0,0.0,1702932600.0,20.0,0,0.0,1702932600.0,20.0,0.0,0.0,1702932600.0,20.0,0.0,0.0,1702932600.0,20,0.0,1702932600.0,1702932600.0,20,1,1702932600.0,1702932600.0,20,0,1702932600.0,0.0,20.0,0.0,1702932600.0,0.0,Attack,Attack-TCP-Flag-ACK-PSH
40,0.0,0.5,0.1127,20,0.0,0.0,0.1127,20,0,0.5,0.0,20.0,62596,0.0,0.0,20.0,17.750324,0.0,0.0,20.0,17.750324,0.0,0.0,0,0.0,0.1127,0.0,0,1,0.112674,0.0,0,1,0.112674,0.112674,0.0,0.0,0.112674,0.1127,Attack,Attack-TCP-Flag-ACK-PSH
20,20.0,1.0,1702932600.0,20,20.0,0.0,1702932600.0,20,0,0.0,1702932600.0,20.0,0,0.0,1702932600.0,20.0,0.0,0.0,1702932600.0,20.0,0.0,0.0,1702932600.0,20,0.0,1702932600.0,1702932600.0,20,1,1702932600.0,1702932600.0,20,0,1702932600.0,0.0,20.0,0.0,1702932600.0,0.0,Attack,Attack-TCP-Flag-ACK-PSH
40,0.0,0.5,0.1078,20,0.0,0.0,0.1078,20,0,0.5,0.0,20.0,62611,0.0,0.0,20.0,18.548937,0.0,0.0,20.0,18.548937,0.0,0.0,0,0.0,0.1078,0.0,0,1,0.107822895,0.0,0,1,0.107822895,0.107822895,0.0,0.0,0.107822895,0.1078,Attack,Attack-TCP-Flag-ACK-PSH
40,0.0,0.5,0.1079,20,0.0,0.0,0.1079,20,0,0.5,0.0,20.0,62588,0.0,0.0,20.0,18.53705,0.0,0.0,20.0,18.53705,0.0,0.0,0,0.0,0.1079,0.0,0,1,0.10789204,0.0,0,1,0.10789204,0.10789204,0.0,0.0,0.10789204,0.1079,Attack,Attack-TCP-Flag-ACK-PSH
24,24.0,0.0,1702932600.0,24,24.0,1.0,1702932600.0,24,1025,0.0,1702932600.0,24.0,0,0.0,1702932600.0,24.0,0.0,1.0,1702932600.0,24.0,0.0,0.0,1702932600.0,24,0.0,1702932600.0,1702932600.0,24,0,1702932600.0,1702932600.0,24,0,1702932600.0,0.0,24.0,1.0,1702932600.0,0.0,Attack,Attack-TCP-Flag-ACK-PSH
20,20.0,1.0,1702932600.0,20,20.0,0.0,1702932600.0,20,0,0.0,1702932600.0,20.0,0,0.0,1702932600.0,20.0,0.0,0.0,1702932600.0,20.0,0.0,0.0,1702932600.0,20,0.0,1702932600.0,1702932600.0,20,1,1702932600.0,1702932600.0,20,0,1702932600.0,0.0,20.0,0.0,1702932600.0,0.0,Attack,Attack-TCP-Flag-ACK-PSH
20,20.0,1.0,1702932600.0,20,20.0,0.0,1702932600.0,20,1200,0.0,1702932600.0,20.0,0,0.0,1702932600.0,20.0,0.0,0.0,1702932600.0,20.0,0.0,0.0,1702932600.0,20,0.0,1702932600.0,1702932600.0,20,1,1702932600.0,1702932600.0,20,0,1702932600.0,0.0,20.0,0.0,1702932600.0,0.0,Attack,Attack-TCP-Flag-ACK-PSH
20,20.0,1.0,1702932600.0,20,20.0,0.0,1702932600.0,20,0,0.0,1702932600.0,20.0,0,0.0,1702932600.0,20.0,0.0,0.0,1702932600.0,20.0,0.0,0.0,1702932600.0,20,0.0,1702932600.0,1702932600.0,20,1,1702932600.0,1702932600.0,20,0,1702932600.0,0.0,20.0,0.0,1702932600.0,0.0,Attack,Attack-TCP-Flag-ACK-PSH
40,0.0,0.5,0.1109,20,0.0,0.0,0.1109,20,0,0.5,0.0,20.0,62611,0.0,0.0,20.0,18.02645,0.0,0.0,20.0,18.02645,0.0,0.0,0,0.0,0.1109,0.0,0,1,0.110948086,0.0,0,1,0.110948086,0.110948086,0.0,0.0,0.110948086,0.1109,Attack,Attack-TCP-Flag-ACK-PSH
20,20.0,1.0,1702932600.0,20,20.0,0.0,1702932600.0,20,1200,0.0,1702932600.0,20.0,0,0.0,1702932600.0,20.0,0.0,0.0,1702932600.0,20.0,0.0,0.0,1702932600.0,20,0.0,1702932600.0,1702932600.0,20,1,1702932600.0,1702932600.0,20,0,1702932600.0,0.0,20.0,0.0,1702932600.0,0.0,Attack,Attack-TCP-Flag-ACK-PSH
40,0.0,0.5,0.11,20,0.0,0.0,0.11,20,0,0.5,0.0,20.0,62596,0.0,0.0,20.0,18.180653,0.0,0.0,20.0,18.180653,0.0,0.0,0,0.0,0.11,0.0,0,1,0.11000705,0.0,0,1,0.11000705,0.11000705,0.0,0.0,0.11000705,0.11,Attack,Attack-TCP-Flag-ACK-PSH
60,40.0,0.5,1e-04,40,40.0,0.5,1e-04,20,5808,0.5,1702932600.0,30.0,0,0.0,1702932600.0,30.0,22982.488,1.0,1702932600.0,20.0,11491.244,0.0,1702932600.0,40,11491.244,1e-04,1702932600.0,40,1,8.702278e-05,1702932600.0,40,1,8.702278e-05,1702932600.0,40.0,0.5,8.702278e-05,1702932600.0,Attack,Attack-TCP-Flag-ACK-PSH
40,0.0,0.5,0.1074,20,0.0,0.0,0.1074,20,0,0.5,0.0,20.0,62614,0.0,0.0,20.0,18.625086,0.0,0.0,20.0,18.625086,0.0,0.0,0,0.0,0.1074,0.0,0,1,0.10738206,0.0,0,1,0.10738206,0.10738206,0.0,0.0,0.10738206,0.1074,Attack,Attack-TCP-Flag-ACK-PSH
40,0.0,0.5,0.1108,20,0.0,0.0,0.1108,20,0,0.5,0.0,20.0,62605,0.0,0.0,20.0,18.044828,0.0,0.0,20.0,18.044828,0.0,0.0,0,0.0,0.1108,0.0,0,1,0.110835075,0.0,0,1,0.110835075,0.110835075,0.0,0.0,0.110835075,0.1108,Attack,Attack-TCP-Flag-ACK-PSH
20,20.0,1.0,1702932600.0,20,20.0,0.0,1702932600.0,20,0,0.0,1702932600.0,20.0,0,0.0,1702932600.0,20.0,0.0,0.0,1702932600.0,20.0,0.0,0.0,1702932600.0,20,0.0,1702932600.0,1702932600.0,20,1,1702932600.0,1702932600.0,20,0,1702932600.0,0.0,20.0,0.0,1702932600.0,0.0,Attack,Attack-TCP-Flag-ACK-PSH
20,20.0,1.0,1702932600.0,20,20.0,0.0,1702932600.0,20,0,0.0,1702932600.0,20.0,0,0.0,1702932600.0,20.0,0.0,0.0,1702932600.0,20.0,0.0,0.0,1702932600.0,20,0.0,1702932600.0,1702932600.0,20,1,1702932600.0,1702932600.0,20,0,1702932600.0,0.0,20.0,0.0,1702932600.0,0.0,Attack,Attack-TCP-Flag-ACK-PSH
20,20.0,0.0,1702932600.0,20,20.0,1.0,1702932600.0,20,65535,0.0,1702932600.0,20.0,0,0.0,1702932600.0,20.0,0.0,1.0,1702932600.0,20.0,0.0,0.0,1702932600.0,20,0.0,1702932600.0,1702932600.0,20,0,1702932600.0,1702932600.0,20,0,1702932600.0,0.0,20.0,1.0,1702932600.0,0.0,Attack,Attack-TCP-Flag-ACK-PSH
40,0.0,0.5,0.1112,20,0.0,0.0,0.1112,20,0,0.5,0.0,20.0,62594,0.0,0.0,20.0,17.98818,0.0,0.0,20.0,17.98818,0.0,0.0,0,0.0,0.1112,0.0,0,1,0.11118412,0.0,0,1,0.11118412,0.11118412,0.0,0.0,0.11118412,0.1112,Attack,Attack-TCP-Flag-ACK-PSH
60,40.0,0.5,1e-04,40,40.0,0.5,1e-04,20,64240,0.5,1702932600.0,30.0,0,0.0,1702932600.0,30.0,18724.572,1.0,1702932600.0,20.0,9362.286,0.0,1702932600.0,40,9362.286,1e-04,1702932600.0,40,1,0.00010681152,1702932600.0,40,1,0.00010681152,1702932600.0,40.0,0.5,0.00010681152,1702932600.0,Attack,Attack-TCP-Flag-ACK-PSH
40,0.0,0.5,0.1111,20,0.0,0.0,0.1111,20,0,0.5,0.0,20.0,62596,0.0,0.0,20.0,18.002464,0.0,0.0,20.0,18.002464,0.0,0.0,0,0.0,0.1111,0.0,0,1,0.111095905,0.0,0,1,0.111095905,0.111095905,0.0,0.0,0.111095905,0.1111,Attack,Attack-TCP-Flag-ACK-PSH
40,0.0,0.5,0.1079,20,0.0,0.0,0.1079,20,0,0.5,0.0,20.0,62605,0.0,0.0,20.0,18.532257,0.0,0.0,20.0,18.532257,0.0,0.0,0,0.0,0.1079,0.0,0,1,0.10791993,0.0,0,1,0.10791993,0.10791993,0.0,0.0,0.10791993,0.1079,Attack,Attack-TCP-Flag-ACK-PSH
20,20.0,1.0,1702932600.0,20,20.0,0.0,1702932600.0,20,0,0.0,1702932600.0,20.0,0,0.0,1702932600.0,20.0,0.0,0.0,1702932600.0,20.0,0.0,0.0,1702932600.0,20,0.0,1702932600.0,1702932600.0,20,1,1702932600.0,1702932600.0,20,0,1702932600.0,0.0,20.0,0.0,1702932600.0,0.0,Attack,Attack-TCP-Flag-ACK-PSH
24,24.0,0.0,1702932600.0,24,24.0,1.0,1702932600.0,24,65535,0.0,1702932600.0,24.0,0,0.0,1702932600.0,24.0,0.0,1.0,1702932600.0,24.0,0.0,0.0,1702932600.0,24,0.0,1702932600.0,1702932600.0,24,0,1702932600.0,1702932600.0,24,0,1702932600.0,0.0,24.0,1.0,1702932600.0,0.0,Attack,Attack-TCP-Flag-ACK-PSH
20,20.0,1.0,1702932600.0,20,20.0,0.0,1702932600.0,20,0,0.0,1702932600.0,20.0,0,0.0,1702932600.0,20.0,0.0,0.0,1702932600.0,20.0,0.0,0.0,1702932600.0,20,0.0,1702932600.0,1702932600.0,20,1,1702932600.0,1702932600.0,20,0,1702932600.0,0.0,20.0,0.0,1702932600.0,0.0,Attack,Attack-TCP-Flag-ACK-PSH
40,0.0,0.5,0.1079,20,0.0,0.0,0.1079,20,0,0.5,0.0,20.0,62602,0.0,0.0,20.0,18.537746,0.0,0.0,20.0,18.537746,0.0,0.0,0,0.0,0.1079,0.0,0,1,0.10788798,0.0,0,1,0.10788798,0.10788798,0.0,0.0,0.10788798,0.1079,Attack,Attack-TCP-Flag-ACK-PSH
20,20.0,1.0,1702932600.0,20,20.0,0.0,1702932600.0,20,1200,0.0,1702932600.0,20.0,0,0.0,1702932600.0,20.0,0.0,0.0,1702932600.0,20.0,0.0,0.0,1702932600.0,20,0.0,1702932600.0,1702932600.0,20,1,1702932600.0,1702932600.0,20,0,1702932600.0,0.0,20.0,0.0,1702932600.0,0.0,Attack,Attack-TCP-Flag-ACK-PSH
20,20.0,1.0,1702932600.0,20,20.0,0.0,1702932600.0,20,0,0.0,1702932600.0,20.0,0,0.0,1702932600.0,20.0,0.0,0.0,1702932600.0,20.0,0.0,0.0,1702932600.0,20,0.0,1702932600.0,1702932600.0,20,1,1702932600.0,1702932600.0,20,0,1702932600.0,0.0,20.0,0.0,1702932600.0,0.0,Attack,Attack-TCP-Flag-ACK-PSH
24,24.0,0.0,1702932600.0,24,24.0,1.0,1702932600.0,24,65535,0.0,1702932600.0,24.0,0,0.0,1702932600.0,24.0,0.0,1.0,1702932600.0,24.0,0.0,0.0,1702932600.0,24,0.0,1702932600.0,1702932600.0,24,0,1702932600.0,1702932600.0,24,0,1702932600.0,0.0,24.0,1.0,1702932600.0,0.0,Attack,Attack-TCP-Flag-ACK-PSH
20,20.0,1.0,1702932600.0,20,20.0,0.0,1702932600.0,20,0,0.0,1702932600.0,20.0,0,0.0,1702932600.0,20.0,0.0,0.0,1702932600.0,20.0,0.0,0.0,1702932600.0,20,0.0,1702932600.0,1702932600.0,20,1,1702932600.0,1702932600.0,20,0,1702932600.0,0.0,20.0,0.0,1702932600.0,0.0,Attack,Attack-TCP-Flag-ACK-PSH
20,20.0,1.0,1702932600.0,20,20.0,0.0,1702932600.0,20,0,0.0,1702932600.0,20.0,0,0.0,1702932600.0,20.0,0.0,0.0,1702932600.0,20.0,0.0,0.0,1702932600.0,20,0.0,1702932600.0,1702932600.0,20,1,1702932600.0,1702932600.0,20,0,1702932600.0,0.0,20.0,0.0,1702932600.0,0.0,Attack,Attack-TCP-Flag-ACK-PSH
40,0.0,0.5,0.1094,20,0.0,0.0,0.1094,20,0,0.5,0.0,20.0,62602,0.0,0.0,20.0,18.273844,0.0,0.0,20.0,18.273844,0.0,0.0,0,0.0,0.1094,0.0,0,1,0.10944605,0.0,0,1,0.10944605,0.10944605,0.0,0.0,0.10944605,0.1094,Attack,Attack-TCP-Flag-ACK-PSH
40,0.0,0.5,0.1071,20,0.0,0.0,0.1071,20,0,0.5,0.0,20.0,62602,0.0,0.0,20.0,18.67954,0.0,0.0,20.0,18.67954,0.0,0.0,0,0.0,0.1071,0.0,0,1,0.107069016,0.0,0,1,0.107069016,0.107069016,0.0,0.0,0.107069016,0.1071,Attack,Attack-TCP-Flag-ACK-PSH
40,0.0,0.5,0.11,20,0.0,0.0,0.11,20,0,0.5,0.0,20.0,62608,0.0,0.0,20.0,18.184633,0.0,0.0,20.0,18.184633,0.0,0.0,0,0.0,0.11,0.0,0,1,0.10998297,0.0,0,1,0.10998297,0.10998297,0.0,0.0,0.10998297,0.11,Attack,Attack-TCP-Flag-ACK-PSH
52,32.0,0.5,1e-04,32,32.0,0.5,1e-04,20,1024,0.5,1702932600.0,26.0,0,0.0,1702932600.0,26.0,25653.236,1.0,1702932600.0,20.0,12826.618,0.0,1702932600.0,32,12826.618,1e-04,1702932600.0,32,1,7.7962875e-05,1702932600.0,32,1,7.7962875e-05,1702932600.0,32.0,0.5,7.7962875e-05,1702932600.0,Attack,Attack-TCP-Flag-ACK-PSH
40,0.0,0.5,0.1112,20,0.0,0.0,0.1112,20,0,0.5,0.0,20.0,62602,0.0,0.0,20.0,17.983168,0.0,0.0,20.0,17.983168,0.0,0.0,0,0.0,0.1112,0.0,0,1,0.111215115,0.0,0,1,0.111215115,0.111215115,0.0,0.0,0.111215115,0.1112,Attack,Attack-TCP-Flag-ACK-PSH
20,20.0,1.0,1702932600.0,20,20.0,0.0,1702932600.0,20,0,0.0,1702932600.0,20.0,0,0.0,1702932600.0,20.0,0.0,0.0,1702932600.0,20.0,0.0,0.0,1702932600.0,20,0.0,1702932600.0,1702932600.0,20,1,1702932600.0,1702932600.0,20,0,1702932600.0,0.0,20.0,0.0,1702932600.0,0.0,Attack,Attack-TCP-Flag-ACK-PSH
20,20.0,1.0,1702932600.0,20,20.0,0.0,1702932600.0,20,0,0.0,1702932600.0,20.0,0,0.0,1702932600.0,20.0,0.0,0.0,1702932600.0,20.0,0.0,0.0,1702932600.0,20,0.0,1702932600.0,1702932600.0,20,1,1702932600.0,1702932600.0,20,0,1702932600.0,0.0,20.0,0.0,1702932600.0,0.0,Attack,Attack-TCP-Flag-ACK-PSH
60,40.0,0.5,1e-04,40,40.0,0.5,1e-04,20,29200,0.5,1702932600.0,30.0,0,0.0,1702932600.0,30.0,17697.484,1.0,1702932600.0,20.0,8848.742,0.0,1702932600.0,40,8848.742,1e-04,1702932600.0,40,1,0.00011301041,1702932600.0,40,1,0.00011301041,1702932600.0,40.0,0.5,0.00011301041,1702932600.0,Attack,Attack-TCP-Flag-ACK-PSH
40,0.0,0.5,0.1093,20,0.0,0.0,0.1093,20,0,0.5,0.0,20.0,62602,0.0,0.0,20.0,18.291376,0.0,0.0,20.0,18.291376,0.0,0.0,0,0.0,0.1093,0.0,0,1,0.109341145,0.0,0,1,0.109341145,0.109341145,0.0,0.0,0.109341145,0.1093,Attack,Attack-TCP-Flag-ACK-PSH
40,0.0,0.5,0.111,20,0.0,0.0,0.111,20,0,0.5,0.0,20.0,62605,0.0,0.0,20.0,18.01526,0.0,0.0,20.0,18.01526,0.0,0.0,0,0.0,0.111,0.0,0,1,0.11101699,0.0,0,1,0.11101699,0.11101699,0.0,0.0,0.11101699,0.111,Attack,Attack-TCP-Flag-ACK-PSH
40,0.0,0.5,0.1062,20,0.0,0.0,0.1062,20,0,0.5,0.0,20.0,62602,0.0,0.0,20.0,18.831676,0.0,0.0,20.0,18.831676,0.0,0.0,0,0.0,0.1062,0.0,0,1,0.10620403,0.0,0,1,0.10620403,0.10620403,0.0,0.0,0.10620403,0.1062,Attack,Attack-TCP-Flag-ACK-PSH
24,24.0,0.0,1702932600.0,24,24.0,1.0,1702932600.0,24,65535,0.0,1702932600.0,24.0,0,0.0,1702932600.0,24.0,0.0,1.0,1702932600.0,24.0,0.0,0.0,1702932600.0,24,0.0,1702932600.0,1702932600.0,24,0,1702932600.0,1702932600.0,24,0,1702932600.0,0.0,24.0,1.0,1702932600.0,0.0,Attack,Attack-TCP-Flag-ACK-PSH
20,20.0,0.0,1702932600.0,20,20.0,1.0,1702932600.0,20,1024,0.0,1702932600.0,20.0,0,0.0,1702932600.0,20.0,0.0,1.0,1702932600.0,20.0,0.0,0.0,1702932600.0,20,0.0,1702932600.0,1702932600.0,20,0,1702932600.0,1702932600.0,20,0,1702932600.0,0.0,20.0,1.0,1702932600.0,0.0,Attack,Attack-TCP-Flag-ACK-PSH
40,0.0,0.5,0.1077,20,0.0,0.0,0.1077,20,0,0.5,0.0,20.0,62588,0.0,0.0,20.0,18.576292,0.0,0.0,20.0,18.576292,0.0,0.0,0,0.0,0.1077,0.0,0,1,0.10766411,0.0,0,1,0.10766411,0.10766411,0.0,0.0,0.10766411,0.1077,Attack,Attack-TCP-Flag-ACK-PSH
40,0.0,0.5,0.1109,20,0.0,0.0,0.1109,20,0,0.5,0.0,20.0,62588,0.0,0.0,20.0,18.032145,0.0,0.0,20.0,18.032145,0.0,0.0,0,0.0,0.1109,0.0,0,1,0.11091304,0.0,0,1,0.11091304,0.11091304,0.0,0.0,0.11091304,0.1109,Attack,Attack-TCP-Flag-ACK-PSH
40,0.0,0.5,0.1102,20,0.0,0.0,0.1102,20,0,0.5,0.0,20.0,62602,0.0,0.0,20.0,18.151463,0.0,0.0,20.0,18.151463,0.0,0.0,0,0.0,0.1102,0.0,0,1,0.110183954,0.0,0,1,0.110183954,0.110183954,0.0,0.0,0.110183954,0.1102,Attack,Attack-TCP-Flag-ACK-PSH
20,20.0,0.0,1702932600.0,20,20.0,1.0,1702932600.0,20,65535,0.0,1702932600.0,20.0,0,0.0,1702932600.0,20.0,0.0,1.0,1702932600.0,20.0,0.0,0.0,1702932600.0,20,0.0,1702932600.0,1702932600.0,20,0,1702932600.0,1702932600.0,20,0,1702932600.0,0.0,20.0,1.0,1702932600.0,0.0,Attack,Attack-TCP-Flag-ACK-PSH
20,20.0,1.0,1702932600.0,20,20.0,0.0,1702932600.0,20,0,0.0,1702932600.0,20.0,0,0.0,1702932600.0,20.0,0.0,0.0,1702932600.0,20.0,0.0,0.0,1702932600.0,20,0.0,1702932600.0,1702932600.0,20,1,1702932600.0,1702932600.0,20,0,1702932600.0,0.0,20.0,0.0,1702932600.0,0.0,Attack,Attack-TCP-Flag-ACK-PSH
60,40.0,0.5,1e-04,40,40.0,0.5,1e-04,20,64240,0.5,1702932600.0,30.0,0,0.0,1702932600.0,30.0,18682.87,1.0,1702932600.0,20.0,9341.435,0.0,1702932600.0,40,9341.435,1e-04,1702932600.0,40,1,0.00010704994,1702932600.0,40,1,0.00010704994,1702932600.0,40.0,0.5,0.00010704994,1702932600.0,Attack,Attack-TCP-Flag-ACK-PSH
40,0.0,0.5,0.1092,20,0.0,0.0,0.1092,20,0,0.5,0.0,20.0,62599,0.0,0.0,20.0,18.320217,0.0,0.0,20.0,18.320217,0.0,0.0,0,0.0,0.1092,0.0,0,1,0.10916901,0.0,0,1,0.10916901,0.10916901,0.0,0.0,0.10916901,0.1092,Attack,Attack-TCP-Flag-ACK-PSH
20,20.0,0.0,1702932600.0,20,20.0,1.0,1702932600.0,20,1024,0.0,1702932600.0,20.0,0,0.0,1702932600.0,20.0,0.0,1.0,1702932600.0,20.0,0.0,0.0,1702932600.0,20,0.0,1702932600.0,1702932600.0,20,0,1702932600.0,1702932600.0,20,0,1702932600.0,0.0,20.0,1.0,1702932600.0,0.0,Attack,Attack-TCP-Flag-ACK-PSH
40,0.0,0.5,0.1109,20,0.0,0.0,0.1109,20,0,0.5,0.0,20.0,62592,0.0,0.0,20.0,18.026953,0.0,0.0,20.0,18.026953,0.0,0.0,0,0.0,0.1109,0.0,0,1,0.11094499,0.0,0,1,0.11094499,0.11094499,0.0,0.0,0.11094499,0.1109,Attack,Attack-TCP-Flag-ACK-PSH
40,0.0,0.5,0.1103,20,0.0,0.0,0.1103,20,0,0.5,0.0,20.0,62602,0.0,0.0,20.0,18.128908,0.0,0.0,20.0,18.128908,0.0,0.0,0,0.0,0.1103,0.0,0,1,0.110321045,0.0,0,1,0.110321045,0.110321045,0.0,0.0,0.110321045,0.1103,Attack,Attack-TCP-Flag-ACK-PSH
60,40.0,0.5,1e-04,40,40.0,0.5,1e-04,20,64240,0.5,1702932600.0,30.0,0,0.0,1702932600.0,30.0,16384.0,1.0,1702932600.0,20.0,8192.0,0.0,1702932600.0,40,8192.0,1e-04,1702932600.0,40,1,0.00012207031,1702932600.0,40,1,0.00012207031,1702932600.0,40.0,0.5,0.00012207031,1702932600.0,Attack,Attack-TCP-Flag-ACK-PSH
40,0.0,0.5,0.1067,20,0.0,0.0,0.1067,20,0,0.5,0.0,20.0,62605,0.0,0.0,20.0,18.738207,0.0,0.0,20.0,18.738207,0.0,0.0,0,0.0,0.1067,0.0,0,1,0.1067338,0.0,0,1,0.1067338,0.1067338,0.0,0.0,0.1067338,0.1067,Attack,Attack-TCP-Flag-ACK-PSH
40,0.0,0.5,0.1102,20,0.0,0.0,0.1102,20,0,0.5,0.0,20.0,62594,0.0,0.0,20.0,18.145378,0.0,0.0,20.0,18.145378,0.0,0.0,0,0.0,0.1102,0.0,0,1,0.11022091,0.0,0,1,0.11022091,0.11022091,0.0,0.0,0.11022091,0.1102,Attack,Attack-TCP-Flag-ACK-PSH
40,0.0,0.5,0.11,20,0.0,0.0,0.11,20,0,0.5,0.0,20.0,62592,0.0,0.0,20.0,18.186132,0.0,0.0,20.0,18.186132,0.0,0.0,0,0.0,0.11,0.0,0,1,0.10997391,0.0,0,1,0.10997391,0.10997391,0.0,0.0,0.10997391,0.11,Attack,Attack-TCP-Flag-ACK-PSH
40,0.0,0.5,0.1079,20,0.0,0.0,0.1079,20,0,0.5,0.0,20.0,62590,0.0,0.0,20.0,18.54082,0.0,0.0,20.0,18.54082,0.0,0.0,0,0.0,0.1079,0.0,0,1,0.1078701,0.0,0,1,0.1078701,0.1078701,0.0,0.0,0.1078701,0.1079,Attack,Attack-TCP-Flag-ACK-PSH
40,20.0,0.5,1e-04,20,20.0,0.5,1e-04,20,65535,0.5,1702932600.0,20.0,0,0.0,1702932600.0,20.0,20610.83,1.0,1702932600.0,20.0,10305.415,0.0,1702932600.0,20,10305.415,1e-04,1702932600.0,20,1,9.703636e-05,1702932600.0,20,1,9.703636e-05,1702932600.0,20.0,0.5,9.703636e-05,1702932600.0,Attack,Attack-TCP-Flag-ACK-PSH
40,0.0,0.5,0.1103,20,0.0,0.0,0.1103,20,0,0.5,0.0,20.0,62594,0.0,0.0,20.0,18.129221,0.0,0.0,20.0,18.129221,0.0,0.0,0,0.0,0.1103,0.0,0,1,0.11031914,0.0,0,1,0.11031914,0.11031914,0.0,0.0,0.11031914,0.1103,Attack,Attack-TCP-Flag-ACK-PSH
20,20.0,1.0,1702932600.0,20,20.0,0.0,1702932600.0,20,0,0.0,1702932600.0,20.0,0,0.0,1702932600.0,20.0,0.0,0.0,1702932600.0,20.0,0.0,0.0,1702932600.0,20,0.0,1702932600.0,1702932600.0,20,1,1702932600.0,1702932600.0,20,0,1702932600.0,0.0,20.0,0.0,1702932600.0,0.0,Attack,Attack-TCP-Flag-ACK-PSH
24,24.0,0.0,1702932600.0,24,24.0,1.0,1702932600.0,24,65535,0.0,1702932600.0,24.0,0,0.0,1702932600.0,24.0,0.0,1.0,1702932600.0,24.0,0.0,0.0,1702932600.0,24,0.0,1702932600.0,1702932600.0,24,0,1702932600.0,1702932600.0,24,0,1702932600.0,0.0,24.0,1.0,1702932600.0,0.0,Attack,Attack-TCP-Flag-ACK-PSH
24,24.0,0.0,1702932600.0,24,24.0,1.0,1702932600.0,24,65535,0.0,1702932600.0,24.0,0,0.0,1702932600.0,24.0,0.0,1.0,1702932600.0,24.0,0.0,0.0,1702932600.0,24,0.0,1702932600.0,1702932600.0,24,0,1702932600.0,1702932600.0,24,0,1702932600.0,0.0,24.0,1.0,1702932600.0,0.0,Attack,Attack-TCP-Flag-ACK-PSH
24,24.0,0.0,1702932600.0,24,24.0,1.0,1702932600.0,24,65535,0.0,1702932600.0,24.0,0,0.0,1702932600.0,24.0,0.0,1.0,1702932600.0,24.0,0.0,0.0,1702932600.0,24,0.0,1702932600.0,1702932600.0,24,0,1702932600.0,1702932600.0,24,0,1702932600.0,0.0,24.0,1.0,1702932600.0,0.0,Attack,Attack-TCP-Flag-ACK-PSH
20,0.0,0.0,1702932600.0,20,0.0,0.0,1702932600.0,20,0,0.0,0.0,20.0,5120,0.0,0.0,20.0,0.0,0.0,0.0,20.0,0.0,0.0,0.0,0,0.0,1702932600.0,0.0,0,0,1702932600.0,0.0,0,0,1702932600.0,1702932600.0,0.0,0.0,1702932600.0,1702932600.0,Attack,Attack-TCP-Flag-ACK-PSH
40,0.0,0.5,0.111,20,0.0,0.0,0.111,20,0,0.5,0.0,20.0,62586,0.0,0.0,20.0,18.017351,0.0,0.0,20.0,18.017351,0.0,0.0,0,0.0,0.111,0.0,0,1,0.111004114,0.0,0,1,0.111004114,0.111004114,0.0,0.0,0.111004114,0.111,Attack,Attack-TCP-Flag-ACK-PSH
20,20.0,1.0,1702932600.0,20,20.0,0.0,1702932600.0,20,1200,0.0,1702932600.0,20.0,0,0.0,1702932600.0,20.0,0.0,0.0,1702932600.0,20.0,0.0,0.0,1702932600.0,20,0.0,1702932600.0,1702932600.0,20,1,1702932600.0,1702932600.0,20,0,1702932600.0,0.0,20.0,0.0,1702932600.0,0.0,Attack,Attack-TCP-Flag-ACK-PSH
20,20.0,1.0,1702932600.0,20,20.0,0.0,1702932600.0,20,0,0.0,1702932600.0,20.0,0,0.0,1702932600.0,20.0,0.0,0.0,1702932600.0,20.0,0.0,0.0,1702932600.0,20,0.0,1702932600.0,1702932600.0,20,1,1702932600.0,1702932600.0,20,0,1702932600.0,0.0,20.0,0.0,1702932600.0,0.0,Attack,Attack-TCP-Flag-ACK-PSH
40,0.0,0.5,0.111,20,0.0,0.0,0.111,20,0,0.5,0.0,20.0,62602,0.0,0.0,20.0,18.016886,0.0,0.0,20.0,18.016886,0.0,0.0,0,0.0,0.111,0.0,0,1,0.111006975,0.0,0,1,0.111006975,0.111006975,0.0,0.0,0.111006975,0.111,Attack,Attack-TCP-Flag-ACK-PSH
20,20.0,1.0,1702932600.0,20,20.0,0.0,1702932600.0,20,0,0.0,1702932600.0,20.0,0,0.0,1702932600.0,20.0,0.0,0.0,1702932600.0,20.0,0.0,0.0,1702932600.0,20,0.0,1702932600.0,1702932600.0,20,1,1702932600.0,1702932600.0,20,0,1702932600.0,0.0,20.0,0.0,1702932600.0,0.0,Attack,Attack-TCP-Flag-ACK-PSH
40,20.0,0.5,0.0002,20,20.0,0.5,0.0002,20,1024,0.5,1702932900.0,20.0,0,0.0,1702932900.0,20.0,9619.963,1.0,1702932900.0,20.0,4809.9814,0.0,1702932900.0,20,4809.9814,0.0002,1702932900.0,20,1,0.000207901,1702932900.0,20,1,0.000207901,1702932900.0,20.0,0.5,0.000207901,1702932900.0,Attack,Attack-TCP-Flag-ACK-PSH
60,40.0,0.5,1e-04,40,40.0,0.5,1e-04,20,64240,0.5,1702932900.0,30.0,0,0.0,1702932900.0,30.0,15857.482,1.0,1702932900.0,20.0,7928.741,0.0,1702932900.0,40,7928.741,1e-04,1702932900.0,40,1,0.00012612343,1702932900.0,40,1,0.00012612343,1702932900.0,40.0,0.5,0.00012612343,1702932900.0,Attack,Attack-TCP-Flag-ACK-PSH
60,40.0,0.5,1e-04,40,40.0,0.5,1e-04,20,64240,0.5,1702932900.0,30.0,0,0.0,1702932900.0,30.0,20410.238,1.0,1702932900.0,20.0,10205.119,0.0,1702932900.0,40,10205.119,1e-04,1702932900.0,40,1,9.7990036e-05,1702932900.0,40,1,9.7990036e-05,1702932900.0,40.0,0.5,9.7990036e-05,1702932900.0,Attack,Attack-TCP-Flag-ACK-PSH
40,20.0,0.5,1e-04,20,20.0,0.5,1e-04,20,1024,0.5,1702932900.0,20.0,0,0.0,1702932900.0,20.0,22982.488,1.0,1702932900.0,20.0,11491.244,0.0,1702932900.0,20,11491.244,1e-04,1702932900.0,20,1,8.702278e-05,1702932900.0,20,1,8.702278e-05,1702932900.0,20.0,0.5,8.702278e-05,1702932900.0,Attack,Attack-TCP-Flag-ACK-PSH
40,0.0,0.5,0.1108,20,0.0,0.0,0.1108,20,0,0.5,0.0,20.0,62590,0.0,0.0,20.0,18.0484,0.0,0.0,20.0,18.0484,0.0,0.0,0,0.0,0.1108,0.0,0,1,0.11081314,0.0,0,1,0.11081314,0.11081314,0.0,0.0,0.11081314,0.1108,Attack,Attack-TCP-Flag-ACK-PSH
20,20.0,1.0,1702932900.0,20,20.0,0.0,1702932900.0,20,0,0.0,1702932900.0,20.0,0,0.0,1702932900.0,20.0,0.0,0.0,1702932900.0,20.0,0.0,0.0,1702932900.0,20,0.0,1702932900.0,1702932900.0,20,1,1702932900.0,1702932900.0,20,0,1702932900.0,0.0,20.0,0.0,1702932900.0,0.0,Attack,Attack-TCP-Flag-ACK-PSH
40,20.0,0.5,1e-04,20,20.0,0.5,1e-04,20,1024,0.5,1702933000.0,20.0,0,0.0,1702933000.0,20.0,17403.752,1.0,1702933000.0,20.0,8701.876,0.0,1702933000.0,20,8701.876,1e-04,1702933000.0,20,1,0.000114917755,1702933000.0,20,1,0.000114917755,1702933000.0,20.0,0.5,0.000114917755,1702933000.0,Attack,Attack-TCP-Flag-ACK-PSH
20,20.0,1.0,1702932600.0,20,20.0,0.0,1702932600.0,20,0,0.0,1702932600.0,20.0,0,0.0,1702932600.0,20.0,0.0,0.0,1702932600.0,20.0,0.0,0.0,1702932600.0,20,0.0,1702932600.0,1702932600.0,20,1,1702932600.0,1702932600.0,20,0,1702932600.0,0.0,20.0,0.0,1702932600.0,0.0,Attack,Attack-TCP-Flag-ACK-PSH
52,32.0,0.5,0.0002,32,32.0,0.5,0.0002,20,8192,0.5,1702933000.0,26.0,0,0.0,1702933000.0,26.0,12652.501,1.0,1702933000.0,20.0,6326.2505,0.0,1702933000.0,32,6326.2505,0.0002,1702933000.0,32,1,0.00015807152,1702933000.0,32,1,0.00015807152,1702933000.0,32.0,0.5,0.00015807152,1702933000.0,Attack,Attack-TCP-Flag-ACK-PSH
52,32.0,0.5,1e-04,32,32.0,0.5,1e-04,20,8192,0.5,1702933000.0,26.0,0,0.0,1702933000.0,26.0,33825.03,1.0,1702933000.0,20.0,16912.516,0.0,1702933000.0,32,16912.516,1e-04,1702933000.0,32,1,5.9127808e-05,1702933000.0,32,1,5.9127808e-05,1702933000.0,32.0,0.5,5.9127808e-05,1702933000.0,Attack,Attack-TCP-Flag-ACK-PSH
40,20.0,0.5,0.0008,20,20.0,0.5,0.0008,20,1024,0.5,1702933000.0,20.0,0,0.0,1702933000.0,20.0,2475.2458,1.0,1702933000.0,20.0,1237.6229,0.0,1702933000.0,20,1237.6229,0.0008,1702933000.0,20,1,0.00080800056,1702933000.0,20,1,0.00080800056,1702933000.0,20.0,0.5,0.00080800056,1702933000.0,Attack,Attack-TCP-Flag-ACK-PSH
40,20.0,0.5,1e-04,20,20.0,0.5,1e-04,20,1024,0.5,1702933000.0,20.0,0,0.0,1702933000.0,20.0,20213.514,1.0,1702933000.0,20.0,10106.757,0.0,1702933000.0,20,10106.757,1e-04,1702933000.0,20,1,9.894371e-05,1702933000.0,20,1,9.894371e-05,1702933000.0,20.0,0.5,9.894371e-05,1702933000.0,Attack,Attack-TCP-Flag-ACK-PSH
40,20.0,0.5,1e-04,20,20.0,0.5,1e-04,20,1024,0.5,1702933000.0,20.0,0,0.0,1702933000.0,20.0,18001.305,1.0,1702933000.0,20.0,9000.652,0.0,1702933000.0,20,9000.652,1e-04,1702933000.0,20,1,0.00011110306,1702933000.0,20,1,0.00011110306,1702933000.0,20.0,0.5,0.00011110306,1702933000.0,Attack,Attack-TCP-Flag-ACK-PSH
40,20.0,0.5,1e-04,20,20.0,0.5,1e-04,20,1024,0.5,1702933000.0,20.0,0,0.0,1702933000.0,20.0,14716.856,1.0,1702933000.0,20.0,7358.428,0.0,1702933000.0,20,7358.428,1e-04,1702933000.0,20,1,0.00013589859,1702933000.0,20,1,0.00013589859,1702933000.0,20.0,0.5,0.00013589859,1702933000.0,Attack,Attack-TCP-Flag-ACK-PSH
40,20.0,0.5,0.0002,20,20.0,0.5,0.0002,20,1024,0.5,1702933000.0,20.0,0,0.0,1702933000.0,20.0,12671.613,1.0,1702933000.0,20.0,6335.8066,0.0,1702933000.0,20,6335.8066,0.0002,1702933000.0,20,1,0.0001578331,1702933000.0,20,1,0.0001578331,1702933000.0,20.0,0.5,0.0001578331,1702933000.0,Attack,Attack-TCP-Flag-ACK-PSH
40,20.0,0.5,1e-04,20,20.0,0.5,1e-04,20,1024,0.5,1702933000.0,20.0,0,0.0,1702933000.0,20.0,25040.621,1.0,1702933000.0,20.0,12520.311,0.0,1702933000.0,20,12520.311,1e-04,1702933000.0,20,1,7.9870224e-05,1702933000.0,20,1,7.9870224e-05,1702933000.0,20.0,0.5,7.9870224e-05,1702933000.0,Attack,Attack-TCP-Flag-ACK-PSH
40,20.0,0.5,1e-04,20,20.0,0.5,1e-04,20,1024,0.5,1702933000.0,20.0,0,0.0,1702933000.0,20.0,16946.684,1.0,1702933000.0,20.0,8473.342,0.0,1702933000.0,20,8473.342,1e-04,1702933000.0,20,1,0.0001180172,1702933000.0,20,1,0.0001180172,1702933000.0,20.0,0.5,0.0001180172,1702933000.0,Attack,Attack-TCP-Flag-ACK-PSH
40,20.0,0.5,0.0002,20,20.0,0.5,0.0002,20,1024,0.5,1702933000.0,20.0,0,0.0,1702933000.0,20.0,13148.288,1.0,1702933000.0,20.0,6574.144,0.0,1702933000.0,20,6574.144,0.0002,1702933000.0,20,1,0.00015211105,1702933000.0,20,1,0.00015211105,1702933000.0,20.0,0.5,0.00015211105,1702933000.0,Attack,Attack-TCP-Flag-ACK-PSH
40,20.0,0.5,1e-04,20,20.0,0.5,1e-04,20,1024,0.5,1702933000.0,20.0,0,0.0,1702933000.0,20.0,13888.424,1.0,1702933000.0,20.0,6944.212,0.0,1702933000.0,20,6944.212,1e-04,1702933000.0,20,1,0.00014400482,1702933000.0,20,1,0.00014400482,1702933000.0,20.0,0.5,0.00014400482,1702933000.0,Attack,Attack-TCP-Flag-ACK-PSH
40,20.0,0.5,1e-04,20,20.0,0.5,1e-04,20,1024,0.5,1702933000.0,20.0,0,0.0,1702933000.0,20.0,21509.252,1.0,1702933000.0,20.0,10754.626,0.0,1702933000.0,20,10754.626,1e-04,1702933000.0,20,1,9.2983246e-05,1702933000.0,20,1,9.2983246e-05,1702933000.0,20.0,0.5,9.2983246e-05,1702933000.0,Attack,Attack-TCP-Flag-ACK-PSH
60,40.0,0.5,1e-04,40,40.0,0.5,1e-04,20,64240,0.5,1702933100.0,30.0,0,0.0,1702933100.0,30.0,20410.238,1.0,1702933100.0,20.0,10205.119,0.0,1702933100.0,40,10205.119,1e-04,1702933100.0,40,1,9.7990036e-05,1702933100.0,40,1,9.7990036e-05,1702933100.0,40.0,0.5,9.7990036e-05,1702933100.0,Attack,Attack-TCP-Flag-ACK-PSH
40,20.0,0.5,1e-04,20,20.0,0.5,1e-04,20,1024,0.5,1702933100.0,20.0,0,0.0,1702933100.0,20.0,23563.506,1.0,1702933100.0,20.0,11781.753,0.0,1702933100.0,20,11781.753,1e-04,1702933100.0,20,1,8.4877014e-05,1702933100.0,20,1,8.4877014e-05,1702933100.0,20.0,0.5,8.4877014e-05,1702933100.0,Attack,Attack-TCP-Flag-ACK-PSH
60,40.0,0.5,1e-04,40,40.0,0.5,1e-04,20,64240,0.5,1702933100.0,30.0,0,0.0,1702933100.0,30.0,13508.226,1.0,1702933100.0,20.0,6754.113,0.0,1702933100.0,40,6754.113,1e-04,1702933100.0,40,1,0.00014805794,1702933100.0,40,1,0.00014805794,1702933100.0,40.0,0.5,0.00014805794,1702933100.0,Attack,Attack-TCP-Flag-ACK-PSH
60,40.0,0.5,1e-04,40,40.0,0.5,1e-04,20,64240,0.5,1702933100.0,30.0,0,0.0,1702933100.0,30.0,18001.305,1.0,1702933100.0,20.0,9000.652,0.0,1702933100.0,40,9000.652,1e-04,1702933100.0,40,1,0.00011110306,1702933100.0,40,1,0.00011110306,1702933100.0,40.0,0.5,0.00011110306,1702933100.0,Attack,Attack-TCP-Flag-ACK-PSH
40,20.0,0.5,1e-04,20,20.0,0.5,1e-04,20,1024,0.5,1702933100.0,20.0,0,0.0,1702933100.0,20.0,29026.326,1.0,1702933100.0,20.0,14513.163,0.0,1702933100.0,20,14513.163,1e-04,1702933100.0,20,1,6.890297e-05,1702933100.0,20,1,6.890297e-05,1702933100.0,20.0,0.5,6.890297e-05,1702933100.0,Attack,Attack-TCP-Flag-ACK-PSH
60,40.0,0.5,1e-04,40,40.0,0.5,1e-04,20,64952,0.5,1702932600.0,30.0,0,0.0,1702932600.0,30.0,20815.404,1.0,1702932600.0,20.0,10407.702,0.0,1702932600.0,40,10407.702,1e-04,1702932600.0,40,1,9.608269e-05,1702932600.0,40,1,9.608269e-05,1702932600.0,40.0,0.5,9.608269e-05,1702932600.0,Attack,Attack-TCP-Flag-ACK-PSH
40,0.0,0.5,0.1112,20,0.0,0.0,0.1112,20,0,0.5,0.0,20.0,62608,0.0,0.0,20.0,17.982859,0.0,0.0,20.0,17.982859,0.0,0.0,0,0.0,0.1112,0.0,0,1,0.11121702,0.0,0,1,0.11121702,0.11121702,0.0,0.0,0.11121702,0.1112,Attack,Attack-TCP-Flag-ACK-PSH
20,20.0,1.0,1702932600.0,20,20.0,0.0,1702932600.0,20,0,0.0,1702932600.0,20.0,0,0.0,1702932600.0,20.0,0.0,0.0,1702932600.0,20.0,0.0,0.0,1702932600.0,20,0.0,1702932600.0,1702932600.0,20,1,1702932600.0,1702932600.0,20,0,1702932600.0,0.0,20.0,0.0,1702932600.0,0.0,Attack,Attack-TCP-Flag-ACK-PSH
40,0.0,0.5,0.1101,20,0.0,0.0,0.1101,20,0,0.5,0.0,20.0,62586,0.0,0.0,20.0,18.171595,0.0,0.0,20.0,18.171595,0.0,0.0,0,0.0,0.1101,0.0,0,1,0.110061884,0.0,0,1,0.110061884,0.110061884,0.0,0.0,0.110061884,0.1101,Attack,Attack-TCP-Flag-ACK-PSH
40,0.0,0.5,0.1079,20,0.0,0.0,0.1079,20,0,0.5,0.0,20.0,62599,0.0,0.0,20.0,18.535002,0.0,0.0,20.0,18.535002,0.0,0.0,0,0.0,0.1079,0.0,0,1,0.10790396,0.0,0,1,0.10790396,0.10790396,0.0,0.0,0.10790396,0.1079,Attack,Attack-TCP-Flag-ACK-PSH
40,20.0,0.5,1e-04,20,20.0,0.5,1e-04,20,1024,0.5,1702932600.0,20.0,0,0.0,1702932600.0,20.0,24385.488,1.0,1702932600.0,20.0,12192.744,0.0,1702932600.0,20,12192.744,1e-04,1702932600.0,20,1,8.201599e-05,1702932600.0,20,1,8.201599e-05,1702932600.0,20.0,0.5,8.201599e-05,1702932600.0,Attack,Attack-TCP-Flag-ACK-PSH
40,0.0,0.5,0.1094,20,0.0,0.0,0.1094,20,0,0.5,0.0,20.0,62611,0.0,0.0,20.0,18.287867,0.0,0.0,20.0,18.287867,0.0,0.0,0,0.0,0.1094,0.0,0,1,0.109362125,0.0,0,1,0.109362125,0.109362125,0.0,0.0,0.109362125,0.1094,Attack,Attack-TCP-Flag-ACK-PSH
20,20.0,1.0,1702932600.0,20,20.0,0.0,1702932600.0,20,0,0.0,1702932600.0,20.0,0,0.0,1702932600.0,20.0,0.0,0.0,1702932600.0,20.0,0.0,0.0,1702932600.0,20,0.0,1702932600.0,1702932600.0,20,1,1702932600.0,1702932600.0,20,0,1702932600.0,0.0,20.0,0.0,1702932600.0,0.0,Attack,Attack-TCP-Flag-ACK-PSH
20,20.0,1.0,1702932600.0,20,20.0,0.0,1702932600.0,20,0,0.0,1702932600.0,20.0,0,0.0,1702932600.0,20.0,0.0,0.0,1702932600.0,20.0,0.0,0.0,1702932600.0,20,0.0,1702932600.0,1702932600.0,20,1,1702932600.0,1702932600.0,20,0,1702932600.0,0.0,20.0,0.0,1702932600.0,0.0,Attack,Attack-TCP-Flag-ACK-PSH
60,40.0,0.5,1e-04,40,40.0,0.5,1e-04,20,29200,0.5,1702932600.0,30.0,0,0.0,1702932600.0,30.0,19418.074,1.0,1702932600.0,20.0,9709.037,0.0,1702932600.0,40,9709.037,1e-04,1702932600.0,40,1,0.000102996826,1702932600.0,40,1,0.000102996826,1702932600.0,40.0,0.5,0.000102996826,1702932600.0,Attack,Attack-TCP-Flag-ACK-PSH
40,0.0,0.5,0.1079,20,0.0,0.0,0.1079,20,0,0.5,0.0,20.0,62588,0.0,0.0,20.0,18.529842,0.0,0.0,20.0,18.529842,0.0,0.0,0,0.0,0.1079,0.0,0,1,0.107934,0.0,0,1,0.107934,0.107934,0.0,0.0,0.107934,0.1079,Attack,Attack-TCP-Flag-ACK-PSH
20,20.0,0.0,1702932600.0,20,20.0,1.0,1702932600.0,20,65535,0.0,1702932600.0,20.0,0,0.0,1702932600.0,20.0,0.0,1.0,1702932600.0,20.0,0.0,0.0,1702932600.0,20,0.0,1702932600.0,1702932600.0,20,0,1702932600.0,1702932600.0,20,0,1702932600.0,0.0,20.0,1.0,1702932600.0,0.0,Attack,Attack-TCP-Flag-ACK-PSH
40,20.0,0.5,1e-04,20,20.0,0.5,1e-04,20,29167,0.5,1702932600.0,20.0,0,0.0,1702932600.0,20.0,18517.898,1.0,1702932600.0,20.0,9258.949,0.0,1702932600.0,20,9258.949,1e-04,1702932600.0,20,1,0.000108003616,1702932600.0,20,1,0.000108003616,1702932600.0,20.0,0.5,0.000108003616,1702932600.0,Attack,Attack-TCP-Flag-ACK-PSH
40,0.0,0.5,0.1097,20,0.0,0.0,0.1097,20,0,0.5,0.0,20.0,62608,0.0,0.0,20.0,18.223585,0.0,0.0,20.0,18.223585,0.0,0.0,0,0.0,0.1097,0.0,0,1,0.10974789,0.0,0,1,0.10974789,0.10974789,0.0,0.0,0.10974789,0.1097,Attack,Attack-TCP-Flag-ACK-PSH
20,20.0,1.0,1702932600.0,20,20.0,0.0,1702932600.0,20,0,0.0,1702932600.0,20.0,0,0.0,1702932600.0,20.0,0.0,0.0,1702932600.0,20.0,0.0,0.0,1702932600.0,20,0.0,1702932600.0,1702932600.0,20,1,1702932600.0,1702932600.0,20,0,1702932600.0,0.0,20.0,0.0,1702932600.0,0.0,Attack,Attack-TCP-Flag-ACK-PSH
40,0.0,0.5,0.1077,20,0.0,0.0,0.1077,20,0,0.5,0.0,20.0,62608,0.0,0.0,20.0,18.576828,0.0,0.0,20.0,18.576828,0.0,0.0,0,0.0,0.1077,0.0,0,1,0.10766101,0.0,0,1,0.10766101,0.10766101,0.0,0.0,0.10766101,0.1077,Attack,Attack-TCP-Flag-ACK-PSH
24,24.0,0.0,1702932600.0,24,24.0,1.0,1702932600.0,24,1024,0.0,1702932600.0,24.0,0,0.0,1702932600.0,24.0,0.0,1.0,1702932600.0,24.0,0.0,0.0,1702932600.0,24,0.0,1702932600.0,1702932600.0,24,0,1702932600.0,1702932600.0,24,0,1702932600.0,0.0,24.0,1.0,1702932600.0,0.0,Attack,Attack-TCP-Flag-ACK-PSH
60,40.0,0.5,1e-04,40,40.0,0.5,1e-04,20,64240,0.5,1702932600.0,30.0,0,0.0,1702932600.0,30.0,18157.16,1.0,1702932600.0,20.0,9078.58,0.0,1702932600.0,40,9078.58,1e-04,1702932600.0,40,1,0.00011014938,1702932600.0,40,1,0.00011014938,1702932600.0,40.0,0.5,0.00011014938,1702932600.0,Attack,Attack-TCP-Flag-ACK-PSH
20,20.0,1.0,1702932600.0,20,20.0,0.0,1702932600.0,20,0,0.0,1702932600.0,20.0,0,0.0,1702932600.0,20.0,0.0,0.0,1702932600.0,20.0,0.0,0.0,1702932600.0,20,0.0,1702932600.0,1702932600.0,20,1,1702932600.0,1702932600.0,20,0,1702932600.0,0.0,20.0,0.0,1702932600.0,0.0,Attack,Attack-TCP-Flag-ACK-PSH
40,0.0,0.5,0.1078,20,0.0,0.0,0.1078,20,0,0.5,0.0,20.0,62599,0.0,0.0,20.0,18.545328,0.0,0.0,20.0,18.545328,0.0,0.0,0,0.0,0.1078,0.0,0,1,0.107843876,0.0,0,1,0.107843876,0.107843876,0.0,0.0,0.107843876,0.1078,Attack,Attack-TCP-Flag-ACK-PSH
40,0.0,0.5,0.1068,20,0.0,0.0,0.1068,20,0,0.5,0.0,20.0,62594,0.0,0.0,20.0,18.721897,0.0,0.0,20.0,18.721897,0.0,0.0,0,0.0,0.1068,0.0,0,1,0.10682678,0.0,0,1,0.10682678,0.10682678,0.0,0.0,0.10682678,0.1068,Attack,Attack-TCP-Flag-ACK-PSH
20,20.0,1.0,1702932600.0,20,20.0,0.0,1702932600.0,20,0,0.0,1702932600.0,20.0,0,0.0,1702932600.0,20.0,0.0,0.0,1702932600.0,20.0,0.0,0.0,1702932600.0,20,0.0,1702932600.0,1702932600.0,20,1,1702932600.0,1702932600.0,20,0,1702932600.0,0.0,20.0,0.0,1702932600.0,0.0,Attack,Attack-TCP-Flag-ACK-PSH
44,24.0,0.5,1e-04,24,24.0,0.5,1e-04,20,65535,0.5,1702932600.0,22.0,0,0.0,1702932600.0,22.0,25575.023,1.0,1702932600.0,20.0,12787.512,0.0,1702932600.0,24,12787.512,1e-04,1702932600.0,24,1,7.8201294e-05,1702932600.0,24,1,7.8201294e-05,1702932600.0,24.0,0.5,7.8201294e-05,1702932600.0,Attack,Attack-TCP-Flag-ACK-PSH
40,0.0,0.5,0.111,20,0.0,0.0,0.111,20,0,0.5,0.0,20.0,62590,0.0,0.0,20.0,18.021763,0.0,0.0,20.0,18.021763,0.0,0.0,0,0.0,0.111,0.0,0,1,0.110976934,0.0,0,1,0.110976934,0.110976934,0.0,0.0,0.110976934,0.111,Attack,Attack-TCP-Flag-ACK-PSH
20,20.0,1.0,1702932600.0,20,20.0,0.0,1702932600.0,20,0,0.0,1702932600.0,20.0,0,0.0,1702932600.0,20.0,0.0,0.0,1702932600.0,20.0,0.0,0.0,1702932600.0,20,0.0,1702932600.0,1702932600.0,20,1,1702932600.0,1702932600.0,20,0,1702932600.0,0.0,20.0,0.0,1702932600.0,0.0,Attack,Attack-TCP-Flag-ACK-PSH
40,20.0,0.5,1e-04,20,20.0,0.5,1e-04,20,65535,0.5,1702932600.0,20.0,0,0.0,1702932600.0,20.0,21509.252,1.0,1702932600.0,20.0,10754.626,0.0,1702932600.0,20,10754.626,1e-04,1702932600.0,20,1,9.2983246e-05,1702932600.0,20,1,9.2983246e-05,1702932600.0,20.0,0.5,9.2983246e-05,1702932600.0,Attack,Attack-TCP-Flag-ACK-PSH
40,0.0,0.5,0.1071,20,0.0,0.0,0.1071,20,0,0.5,0.0,20.0,62611,0.0,0.0,20.0,18.672014,0.0,0.0,20.0,18.672014,0.0,0.0,0,0.0,0.1071,0.0,0,1,0.10711217,0.0,0,1,0.10711217,0.10711217,0.0,0.0,0.10711217,0.1071,Attack,Attack-TCP-Flag-ACK-PSH
40,0.0,0.5,0.111,20,0.0,0.0,0.111,20,0,0.5,0.0,20.0,62605,0.0,0.0,20.0,18.011702,0.0,0.0,20.0,18.011702,0.0,0.0,0,0.0,0.111,0.0,0,1,0.11103892,0.0,0,1,0.11103892,0.11103892,0.0,0.0,0.11103892,0.111,Attack,Attack-TCP-Flag-ACK-PSH
24,24.0,0.0,1702932600.0,24,24.0,1.0,1702932600.0,24,65535,0.0,1702932600.0,24.0,0,0.0,1702932600.0,24.0,0.0,1.0,1702932600.0,24.0,0.0,0.0,1702932600.0,24,0.0,1702932600.0,1702932600.0,24,0,1702932600.0,1702932600.0,24,0,1702932600.0,0.0,24.0,1.0,1702932600.0,0.0,Attack,Attack-TCP-Flag-ACK-PSH
24,24.0,0.0,1702932600.0,24,24.0,1.0,1702932600.0,24,65535,0.0,1702932600.0,24.0,0,0.0,1702932600.0,24.0,0.0,1.0,1702932600.0,24.0,0.0,0.0,1702932600.0,24,0.0,1702932600.0,1702932600.0,24,0,1702932600.0,1702932600.0,24,0,1702932600.0,0.0,24.0,1.0,1702932600.0,0.0,Attack,Attack-TCP-Flag-ACK-PSH
40,0.0,0.5,0.1112,20,0.0,0.0,0.1112,20,0,0.5,0.0,20.0,62596,0.0,0.0,20.0,17.986097,0.0,0.0,20.0,17.986097,0.0,0.0,0,0.0,0.1112,0.0,0,1,0.111196995,0.0,0,1,0.111196995,0.111196995,0.0,0.0,0.111196995,0.1112,Attack,Attack-TCP-Flag-ACK-PSH
40,0.0,0.5,0.111,20,0.0,0.0,0.111,20,0,0.5,0.0,20.0,62592,0.0,0.0,20.0,18.025326,0.0,0.0,20.0,18.025326,0.0,0.0,0,0.0,0.111,0.0,0,1,0.110955,0.0,0,1,0.110955,0.110955,0.0,0.0,0.110955,0.111,Attack,Attack-TCP-Flag-ACK-PSH
60,40.0,0.5,1e-04,40,40.0,0.5,1e-04,20,29200,0.5,1702932600.0,30.0,0,0.0,1702932600.0,30.0,20020.545,1.0,1702932600.0,20.0,10010.272,0.0,1702932600.0,40,10010.272,1e-04,1702932600.0,40,1,9.9897385e-05,1702932600.0,40,1,9.9897385e-05,1702932600.0,40.0,0.5,9.9897385e-05,1702932600.0,Attack,Attack-TCP-Flag-ACK-PSH
24,24.0,0.0,1702932600.0,24,24.0,1.0,1702932600.0,24,1024,0.0,1702932600.0,24.0,0,0.0,1702932600.0,24.0,0.0,1.0,1702932600.0,24.0,0.0,0.0,1702932600.0,24,0.0,1702932600.0,1702932600.0,24,0,1702932600.0,1702932600.0,24,0,1702932600.0,0.0,24.0,1.0,1702932600.0,0.0,Attack,Attack-TCP-Flag-ACK-PSH
24,24.0,0.0,1702932600.0,24,24.0,1.0,1702932600.0,24,65535,0.0,1702932600.0,24.0,0,0.0,1702932600.0,24.0,0.0,1.0,1702932600.0,24.0,0.0,0.0,1702932600.0,24,0.0,1702932600.0,1702932600.0,24,0,1702932600.0,1702932600.0,24,0,1702932600.0,0.0,24.0,1.0,1702932600.0,0.0,Attack,Attack-TCP-Flag-ACK-PSH
24,24.0,0.0,1702932600.0,24,24.0,1.0,1702932600.0,24,65535,0.0,1702932600.0,24.0,0,0.0,1702932600.0,24.0,0.0,1.0,1702932600.0,24.0,0.0,0.0,1702932600.0,24,0.0,1702932600.0,1702932600.0,24,0,1702932600.0,1702932600.0,24,0,1702932600.0,0.0,24.0,1.0,1702932600.0,0.0,Attack,Attack-TCP-Flag-ACK-PSH
20,20.0,1.0,1702932600.0,20,20.0,0.0,1702932600.0,20,0,0.0,1702932600.0,20.0,0,0.0,1702932600.0,20.0,0.0,0.0,1702932600.0,20.0,0.0,0.0,1702932600.0,20,0.0,1702932600.0,1702932600.0,20,1,1702932600.0,1702932600.0,20,0,1702932600.0,0.0,20.0,0.0,1702932600.0,0.0,Attack,Attack-TCP-Flag-ACK-PSH
24,24.0,0.0,1702932600.0,24,24.0,1.0,1702932600.0,24,1025,0.0,1702932600.0,24.0,0,0.0,1702932600.0,24.0,0.0,1.0,1702932600.0,24.0,0.0,0.0,1702932600.0,24,0.0,1702932600.0,1702932600.0,24,0,1702932600.0,1702932600.0,24,0,1702932600.0,0.0,24.0,1.0,1702932600.0,0.0,Attack,Attack-TCP-Flag-ACK-PSH
24,24.0,0.0,1702932600.0,24,24.0,1.0,1702932600.0,24,1025,0.0,1702932600.0,24.0,0,0.0,1702932600.0,24.0,0.0,1.0,1702932600.0,24.0,0.0,0.0,1702932600.0,24,0.0,1702932600.0,1702932600.0,24,0,1702932600.0,1702932600.0,24,0,1702932600.0,0.0,24.0,1.0,1702932600.0,0.0,Attack,Attack-TCP-Flag-ACK-PSH
40,0.0,0.5,0.11,20,0.0,0.0,0.11,20,0,0.5,0.0,20.0,62590,0.0,0.0,20.0,18.182308,0.0,0.0,20.0,18.182308,0.0,0.0,0,0.0,0.11,0.0,0,1,0.109997034,0.0,0,1,0.109997034,0.109997034,0.0,0.0,0.109997034,0.11,Attack,Attack-TCP-Flag-ACK-PSH
60,40.0,0.5,0.0003,40,40.0,0.5,0.0003,20,29200,0.5,1702932600.0,30.0,0,0.0,1702932600.0,30.0,6331.025,1.0,1702932600.0,20.0,3165.5125,0.0,1702932600.0,40,3165.5125,0.0003,1702932600.0,40,1,0.00031590462,1702932600.0,40,1,0.00031590462,1702932600.0,40.0,0.5,0.00031590462,1702932600.0,Attack,Attack-TCP-Flag-ACK-PSH
40,0.0,0.5,0.1078,20,0.0,0.0,0.1078,20,0,0.5,0.0,20.0,62594,0.0,0.0,20.0,18.553736,0.0,0.0,20.0,18.553736,0.0,0.0,0,0.0,0.1078,0.0,0,1,0.107795,0.0,0,1,0.107795,0.107795,0.0,0.0,0.107795,0.1078,Attack,Attack-TCP-Flag-ACK-PSH
20,20.0,1.0,1702932600.0,20,20.0,0.0,1702932600.0,20,0,0.0,1702932600.0,20.0,0,0.0,1702932600.0,20.0,0.0,0.0,1702932600.0,20.0,0.0,0.0,1702932600.0,20,0.0,1702932600.0,1702932600.0,20,1,1702932600.0,1702932600.0,20,0,1702932600.0,0.0,20.0,0.0,1702932600.0,0.0,Attack,Attack-TCP-Flag-ACK-PSH
40,0.0,0.5,0.111,20,0.0,0.0,0.111,20,0,0.5,0.0,20.0,62596,0.0,0.0,20.0,18.024668,0.0,0.0,20.0,18.024668,0.0,0.0,0,0.0,0.111,0.0,0,1,0.11095905,0.0,0,1,0.11095905,0.11095905,0.0,0.0,0.11095905,0.111,Attack,Attack-TCP-Flag-ACK-PSH
40,0.0,0.5,0.1101,20,0.0,0.0,0.1101,20,0,0.5,0.0,20.0,62605,0.0,0.0,20.0,18.168959,0.0,0.0,20.0,18.168959,0.0,0.0,0,0.0,0.1101,0.0,0,1,0.11007786,0.0,0,1,0.11007786,0.11007786,0.0,0.0,0.11007786,0.1101,Attack,Attack-TCP-Flag-ACK-PSH
40,0.0,0.5,0.1119,20,0.0,0.0,0.1119,20,0,0.5,0.0,20.0,62605,0.0,0.0,20.0,17.870382,0.0,0.0,20.0,17.870382,0.0,0.0,0,0.0,0.1119,0.0,0,1,0.11191702,0.0,0,1,0.11191702,0.11191702,0.0,0.0,0.11191702,0.1119,Attack,Attack-TCP-Flag-ACK-PSH
40,0.0,0.5,0.1067,20,0.0,0.0,0.1067,20,0,0.5,0.0,20.0,62608,0.0,0.0,20.0,18.738708,0.0,0.0,20.0,18.738708,0.0,0.0,0,0.0,0.1067,0.0,0,1,0.10673094,0.0,0,1,0.10673094,0.10673094,0.0,0.0,0.10673094,0.1067,Attack,Attack-TCP-Flag-ACK-PSH
20,20.0,1.0,1702932600.0,20,20.0,0.0,1702932600.0,20,0,0.0,1702932600.0,20.0,0,0.0,1702932600.0,20.0,0.0,0.0,1702932600.0,20.0,0.0,0.0,1702932600.0,20,0.0,1702932600.0,1702932600.0,20,1,1702932600.0,1702932600.0,20,0,1702932600.0,0.0,20.0,0.0,1702932600.0,0.0,Attack,Attack-TCP-Flag-ACK-PSH
20,20.0,1.0,1702932600.0,20,20.0,0.0,1702932600.0,20,0,0.0,1702932600.0,20.0,0,0.0,1702932600.0,20.0,0.0,0.0,1702932600.0,20.0,0.0,0.0,1702932600.0,20,0.0,1702932600.0,1702932600.0,20,1,1702932600.0,1702932600.0,20,0,1702932600.0,0.0,20.0,0.0,1702932600.0,0.0,Attack,Attack-TCP-Flag-ACK-PSH
40,0.0,0.5,0.1112,20,0.0,0.0,0.1112,20,0,0.5,0.0,20.0,62590,0.0,0.0,20.0,17.978003,0.0,0.0,20.0,17.978003,0.0,0.0,0,0.0,0.1112,0.0,0,1,0.11124706,0.0,0,1,0.11124706,0.11124706,0.0,0.0,0.11124706,0.1112,Attack,Attack-TCP-Flag-ACK-PSH
40,0.0,0.5,0.1078,20,0.0,0.0,0.1078,20,0,0.5,0.0,20.0,62605,0.0,0.0,20.0,18.558908,0.0,0.0,20.0,18.558908,0.0,0.0,0,0.0,0.1078,0.0,0,1,0.10776496,0.0,0,1,0.10776496,0.10776496,0.0,0.0,0.10776496,0.1078,Attack,Attack-TCP-Flag-ACK-PSH
20,20.0,1.0,1702932600.0,20,20.0,0.0,1702932600.0,20,0,0.0,1702932600.0,20.0,0,0.0,1702932600.0,20.0,0.0,0.0,1702932600.0,20.0,0.0,0.0,1702932600.0,20,0.0,1702932600.0,1702932600.0,20,1,1702932600.0,1702932600.0,20,0,1702932600.0,0.0,20.0,0.0,1702932600.0,0.0,Attack,Attack-TCP-Flag-ACK-PSH
60,40.0,0.5,0.0003,40,40.0,0.5,0.0003,20,29200,0.5,1702932600.0,30.0,0,0.0,1702932600.0,30.0,7577.785,1.0,1702932600.0,20.0,3788.8926,0.0,1702932600.0,40,3788.8926,0.0003,1702932600.0,40,1,0.00026392937,1702932600.0,40,1,0.00026392937,1702932600.0,40.0,0.5,0.00026392937,1702932600.0,Attack,Attack-TCP-Flag-ACK-PSH
24,24.0,0.0,1702932600.0,24,24.0,1.0,1702932600.0,24,65535,0.0,1702932600.0,24.0,0,0.0,1702932600.0,24.0,0.0,1.0,1702932600.0,24.0,0.0,0.0,1702932600.0,24,0.0,1702932600.0,1702932600.0,24,0,1702932600.0,1702932600.0,24,0,1702932600.0,0.0,24.0,1.0,1702932600.0,0.0,Attack,Attack-TCP-Flag-ACK-PSH
40,0.0,0.5,0.1103,20,0.0,0.0,0.1103,20,0,0.5,0.0,20.0,62596,0.0,0.0,20.0,18.127575,0.0,0.0,20.0,18.127575,0.0,0.0,0,0.0,0.1103,0.0,0,1,0.11032915,0.0,0,1,0.11032915,0.11032915,0.0,0.0,0.11032915,0.1103,Attack,Attack-TCP-Flag-ACK-PSH
40,0.0,0.5,0.1077,20,0.0,0.0,0.1077,20,0,0.5,0.0,20.0,62611,0.0,0.0,20.0,18.561659,0.0,0.0,20.0,18.561659,0.0,0.0,0,0.0,0.1077,0.0,0,1,0.107748985,0.0,0,1,0.107748985,0.107748985,0.0,0.0,0.107748985,0.1077,Attack,Attack-TCP-Flag-ACK-PSH
44,24.0,0.5,1e-04,24,24.0,0.5,1e-04,20,65535,0.5,1702932600.0,22.0,0,0.0,1702932600.0,22.0,21509.252,1.0,1702932600.0,20.0,10754.626,0.0,1702932600.0,24,10754.626,1e-04,1702932600.0,24,1,9.2983246e-05,1702932600.0,24,1,9.2983246e-05,1702932600.0,24.0,0.5,9.2983246e-05,1702932600.0,Attack,Attack-TCP-Flag-ACK-PSH
40,0.0,0.5,0.1101,20,0.0,0.0,0.1101,20,0,0.5,0.0,20.0,62588,0.0,0.0,20.0,18.162664,0.0,0.0,20.0,18.162664,0.0,0.0,0,0.0,0.1101,0.0,0,1,0.110116005,0.0,0,1,0.110116005,0.110116005,0.0,0.0,0.110116005,0.1101,Attack,Attack-TCP-Flag-ACK-PSH
40,0.0,0.5,0.111,20,0.0,0.0,0.111,20,0,0.5,0.0,20.0,62594,0.0,0.0,20.0,18.025635,0.0,0.0,20.0,18.025635,0.0,0.0,0,0.0,0.111,0.0,0,1,0.11095309,0.0,0,1,0.11095309,0.11095309,0.0,0.0,0.11095309,0.111,Attack,Attack-TCP-Flag-ACK-PSH
52,32.0,0.5,0.0002,32,32.0,0.5,0.0002,20,1024,0.5,1702932600.0,26.0,0,0.0,1702932600.0,26.0,8811.563,1.0,1702932600.0,20.0,4405.7817,0.0,1702932600.0,32,4405.7817,0.0002,1702932600.0,32,1,0.00022697449,1702932600.0,32,1,0.00022697449,1702932600.0,32.0,0.5,0.00022697449,1702932600.0,Attack,Attack-TCP-Flag-ACK-PSH
24,24.0,0.0,1702932600.0,24,24.0,1.0,1702932600.0,24,65535,0.0,1702932600.0,24.0,0,0.0,1702932600.0,24.0,0.0,1.0,1702932600.0,24.0,0.0,0.0,1702932600.0,24,0.0,1702932600.0,1702932600.0,24,0,1702932600.0,1702932600.0,24,0,1702932600.0,0.0,24.0,1.0,1702932600.0,0.0,Attack,Attack-TCP-Flag-ACK-PSH
40,0.0,0.5,0.1111,20,0.0,0.0,0.1111,20,0,0.5,0.0,20.0,62592,0.0,0.0,20.0,18.003738,0.0,0.0,20.0,18.003738,0.0,0.0,0,0.0,0.1111,0.0,0,1,0.11108804,0.0,0,1,0.11108804,0.11108804,0.0,0.0,0.11108804,0.1111,Attack,Attack-TCP-Flag-ACK-PSH
20,20.0,1.0,1702932600.0,20,20.0,0.0,1702932600.0,20,0,0.0,1702932600.0,20.0,0,0.0,1702932600.0,20.0,0.0,0.0,1702932600.0,20.0,0.0,0.0,1702932600.0,20,0.0,1702932600.0,1702932600.0,20,1,1702932600.0,1702932600.0,20,0,1702932600.0,0.0,20.0,0.0,1702932600.0,0.0,Attack,Attack-TCP-Flag-ACK-PSH
20,20.0,1.0,1702932600.0,20,20.0,0.0,1702932600.0,20,0,0.0,1702932600.0,20.0,0,0.0,1702932600.0,20.0,0.0,0.0,1702932600.0,20.0,0.0,0.0,1702932600.0,20,0.0,1702932600.0,1702932600.0,20,1,1702932600.0,1702932600.0,20,0,1702932600.0,0.0,20.0,0.0,1702932600.0,0.0,Attack,Attack-TCP-Flag-ACK-PSH
20,20.0,1.0,1702932600.0,20,20.0,0.0,1702932600.0,20,0,0.0,1702932600.0,20.0,0,0.0,1702932600.0,20.0,0.0,0.0,1702932600.0,20.0,0.0,0.0,1702932600.0,20,0.0,1702932600.0,1702932600.0,20,1,1702932600.0,1702932600.0,20,0,1702932600.0,0.0,20.0,0.0,1702932600.0,0.0,Attack,Attack-TCP-Flag-ACK-PSH
40,0.0,0.5,0.1078,20,0.0,0.0,0.1078,20,0,0.5,0.0,20.0,62611,0.0,0.0,20.0,18.55271,0.0,0.0,20.0,18.55271,0.0,0.0,0,0.0,0.1078,0.0,0,1,0.10780096,0.0,0,1,0.10780096,0.10780096,0.0,0.0,0.10780096,0.1078,Attack,Attack-TCP-Flag-ACK-PSH
40,0.0,0.5,0.1103,20,0.0,0.0,0.1103,20,0,0.5,0.0,20.0,62586,0.0,0.0,20.0,18.134668,0.0,0.0,20.0,18.134668,0.0,0.0,0,0.0,0.1103,0.0,0,1,0.110286,0.0,0,1,0.110286,0.110286,0.0,0.0,0.110286,0.1103,Attack,Attack-TCP-Flag-ACK-PSH
40,0.0,0.5,0.1101,20,0.0,0.0,0.1101,20,0,0.5,0.0,20.0,62605,0.0,0.0,20.0,18.162506,0.0,0.0,20.0,18.162506,0.0,0.0,0,0.0,0.1101,0.0,0,1,0.11011696,0.0,0,1,0.11011696,0.11011696,0.0,0.0,0.11011696,0.1101,Attack,Attack-TCP-Flag-ACK-PSH
40,0.0,0.5,0.1103,20,0.0,0.0,0.1103,20,0,0.5,0.0,20.0,62596,0.0,0.0,20.0,18.126635,0.0,0.0,20.0,18.126635,0.0,0.0,0,0.0,0.1103,0.0,0,1,0.11033487,0.0,0,1,0.11033487,0.11033487,0.0,0.0,0.11033487,0.1103,Attack,Attack-TCP-Flag-ACK-PSH
20,20.0,1.0,1702932600.0,20,20.0,0.0,1702932600.0,20,1200,0.0,1702932600.0,20.0,0,0.0,1702932600.0,20.0,0.0,0.0,1702932600.0,20.0,0.0,0.0,1702932600.0,20,0.0,1702932600.0,1702932600.0,20,1,1702932600.0,1702932600.0,20,0,1702932600.0,0.0,20.0,0.0,1702932600.0,0.0,Attack,Attack-TCP-Flag-ACK-PSH
40,0.0,0.5,0.1091,20,0.0,0.0,0.1091,20,0,0.5,0.0,20.0,62605,0.0,0.0,20.0,18.335674,0.0,0.0,20.0,18.335674,0.0,0.0,0,0.0,0.1091,0.0,0,1,0.10907698,0.0,0,1,0.10907698,0.10907698,0.0,0.0,0.10907698,0.1091,Attack,Attack-TCP-Flag-ACK-PSH
20,20.0,1.0,1702932600.0,20,20.0,0.0,1702932600.0,20,0,0.0,1702932600.0,20.0,0,0.0,1702932600.0,20.0,0.0,0.0,1702932600.0,20.0,0.0,0.0,1702932600.0,20,0.0,1702932600.0,1702932600.0,20,1,1702932600.0,1702932600.0,20,0,1702932600.0,0.0,20.0,0.0,1702932600.0,0.0,Attack,Attack-TCP-Flag-ACK-PSH
40,20.0,0.5,1e-04,20,20.0,0.5,1e-04,20,65535,0.5,1702932600.0,20.0,0,0.0,1702932600.0,20.0,25970.922,1.0,1702932600.0,20.0,12985.461,0.0,1702932600.0,20,12985.461,1e-04,1702932600.0,20,1,7.70092e-05,1702932600.0,20,1,7.70092e-05,1702932600.0,20.0,0.5,7.70092e-05,1702932600.0,Attack,Attack-TCP-Flag-ACK-PSH
20,20.0,0.0,1702932600.0,20,20.0,1.0,1702932600.0,20,1024,0.0,1702932600.0,20.0,0,0.0,1702932600.0,20.0,0.0,1.0,1702932600.0,20.0,0.0,0.0,1702932600.0,20,0.0,1702932600.0,1702932600.0,20,0,1702932600.0,1702932600.0,20,0,1702932600.0,0.0,20.0,1.0,1702932600.0,0.0,Attack,Attack-TCP-Flag-ACK-PSH
60,40.0,0.5,1e-04,40,40.0,0.5,1e-04,20,64240,0.5,1702932600.0,30.0,0,0.0,1702932600.0,30.0,19239.926,1.0,1702932600.0,20.0,9619.963,0.0,1702932600.0,40,9619.963,1e-04,1702932600.0,40,1,0.0001039505,1702932600.0,40,1,0.0001039505,1702932600.0,40.0,0.5,0.0001039505,1702932600.0,Attack,Attack-TCP-Flag-ACK-PSH
20,20.0,1.0,1702932600.0,20,20.0,0.0,1702932600.0,20,0,0.0,1702932600.0,20.0,0,0.0,1702932600.0,20.0,0.0,0.0,1702932600.0,20.0,0.0,0.0,1702932600.0,20,0.0,1702932600.0,1702932600.0,20,1,1702932600.0,1702932600.0,20,0,1702932600.0,0.0,20.0,0.0,1702932600.0,0.0,Attack,Attack-TCP-Flag-ACK-PSH
20,20.0,1.0,1702932600.0,20,20.0,0.0,1702932600.0,20,0,0.0,1702932600.0,20.0,0,0.0,1702932600.0,20.0,0.0,0.0,1702932600.0,20.0,0.0,0.0,1702932600.0,20,0.0,1702932600.0,1702932600.0,20,1,1702932600.0,1702932600.0,20,0,1702932600.0,0.0,20.0,0.0,1702932600.0,0.0,Attack,Attack-TCP-Flag-ACK-PSH
20,20.0,1.0,1702932600.0,20,20.0,0.0,1702932600.0,20,0,0.0,1702932600.0,20.0,0,0.0,1702932600.0,20.0,0.0,0.0,1702932600.0,20.0,0.0,0.0,1702932600.0,20,0.0,1702932600.0,1702932600.0,20,1,1702932600.0,1702932600.0,20,0,1702932600.0,0.0,20.0,0.0,1702932600.0,0.0,Attack,Attack-TCP-Flag-ACK-PSH
52,32.0,0.5,1e-04,32,32.0,0.5,1e-04,20,1024,0.5,1702932600.0,26.0,0,0.0,1702932600.0,26.0,20867.184,1.0,1702932600.0,20.0,10433.592,0.0,1702932600.0,32,10433.592,1e-04,1702932600.0,32,1,9.584427e-05,1702932600.0,32,1,9.584427e-05,1702932600.0,32.0,0.5,9.584427e-05,1702932600.0,Attack,Attack-TCP-Flag-ACK-PSH
40,0.0,0.5,0.1073,20,0.0,0.0,0.1073,20,0,0.5,0.0,20.0,62594,0.0,0.0,20.0,18.645578,0.0,0.0,20.0,18.645578,0.0,0.0,0,0.0,0.1073,0.0,0,1,0.10726404,0.0,0,1,0.10726404,0.10726404,0.0,0.0,0.10726404,0.1073,Attack,Attack-TCP-Flag-ACK-PSH
24,24.0,0.0,1702932600.0,24,24.0,1.0,1702932600.0,24,65535,0.0,1702932600.0,24.0,0,0.0,1702932600.0,24.0,0.0,1.0,1702932600.0,24.0,0.0,0.0,1702932600.0,24,0.0,1702932600.0,1702932600.0,24,0,1702932600.0,1702932600.0,24,0,1702932600.0,0.0,24.0,1.0,1702932600.0,0.0,Attack,Attack-TCP-Flag-ACK-PSH
40,0.0,0.5,0.11,20,0.0,0.0,0.11,20,0,0.5,0.0,20.0,62614,0.0,0.0,20.0,18.18692,0.0,0.0,20.0,18.18692,0.0,0.0,0,0.0,0.11,0.0,0,1,0.10996914,0.0,0,1,0.10996914,0.10996914,0.0,0.0,0.10996914,0.11,Attack,Attack-TCP-Flag-ACK-PSH
20,20.0,1.0,1702932600.0,20,20.0,0.0,1702932600.0,20,0,0.0,1702932600.0,20.0,0,0.0,1702932600.0,20.0,0.0,0.0,1702932600.0,20.0,0.0,0.0,1702932600.0,20,0.0,1702932600.0,1702932600.0,20,1,1702932600.0,1702932600.0,20,0,1702932600.0,0.0,20.0,0.0,1702932600.0,0.0,Attack,Attack-TCP-Flag-ACK-PSH
40,20.0,0.5,1e-04,20,20.0,0.5,1e-04,20,1024,0.5,1702932600.0,20.0,0,0.0,1702932600.0,20.0,24385.488,1.0,1702932600.0,20.0,12192.744,0.0,1702932600.0,20,12192.744,1e-04,1702932600.0,20,1,8.201599e-05,1702932600.0,20,1,8.201599e-05,1702932600.0,20.0,0.5,8.201599e-05,1702932600.0,Attack,Attack-TCP-Flag-ACK-PSH
40,0.0,0.5,0.1092,20,0.0,0.0,0.1092,20,0,0.5,0.0,20.0,62594,0.0,0.0,20.0,18.31018,0.0,0.0,20.0,18.31018,0.0,0.0,0,0.0,0.1092,0.0,0,1,0.10922885,0.0,0,1,0.10922885,0.10922885,0.0,0.0,0.10922885,0.1092,Attack,Attack-TCP-Flag-ACK-PSH
24,24.0,0.0,1702932600.0,24,24.0,1.0,1702932600.0,24,65535,0.0,1702932600.0,24.0,0,0.0,1702932600.0,24.0,0.0,1.0,1702932600.0,24.0,0.0,0.0,1702932600.0,24,0.0,1702932600.0,1702932600.0,24,0,1702932600.0,1702932600.0,24,0,1702932600.0,0.0,24.0,1.0,1702932600.0,0.0,Attack,Attack-TCP-Flag-ACK-PSH
40,0.0,0.5,0.1077,20,0.0,0.0,0.1077,20,0,0.5,0.0,20.0,62611,0.0,0.0,20.0,18.571646,0.0,0.0,20.0,18.571646,0.0,0.0,0,0.0,0.1077,0.0,0,1,0.10769105,0.0,0,1,0.10769105,0.10769105,0.0,0.0,0.10769105,0.1077,Attack,Attack-TCP-Flag-ACK-PSH
24,24.0,0.0,1702932600.0,24,24.0,1.0,1702932600.0,24,65535,0.0,1702932600.0,24.0,0,0.0,1702932600.0,24.0,0.0,1.0,1702932600.0,24.0,0.0,0.0,1702932600.0,24,0.0,1702932600.0,1702932600.0,24,0,1702932600.0,1702932600.0,24,0,1702932600.0,0.0,24.0,1.0,1702932600.0,0.0,Attack,Attack-TCP-Flag-ACK-PSH
24,24.0,0.0,1702932600.0,24,24.0,1.0,1702932600.0,24,65535,0.0,1702932600.0,24.0,0,0.0,1702932600.0,24.0,0.0,1.0,1702932600.0,24.0,0.0,0.0,1702932600.0,24,0.0,1702932600.0,1702932600.0,24,0,1702932600.0,1702932600.0,24,0,1702932600.0,0.0,24.0,1.0,1702932600.0,0.0,Attack,Attack-TCP-Flag-ACK-PSH
60,40.0,0.5,0.0002,40,40.0,0.5,0.0002,20,64240,0.5,1702932600.0,30.0,0,0.0,1702932600.0,30.0,10318.091,1.0,1702932600.0,20.0,5159.0454,0.0,1702932600.0,40,5159.0454,0.0002,1702932600.0,40,1,0.0001938343,1702932600.0,40,1,0.0001938343,1702932600.0,40.0,0.5,0.0001938343,1702932600.0,Attack,Attack-TCP-Flag-ACK-PSH
20,20.0,1.0,1702932600.0,20,20.0,0.0,1702932600.0,20,0,0.0,1702932600.0,20.0,0,0.0,1702932600.0,20.0,0.0,0.0,1702932600.0,20.0,0.0,0.0,1702932600.0,20,0.0,1702932600.0,1702932600.0,20,1,1702932600.0,1702932600.0,20,0,1702932600.0,0.0,20.0,0.0,1702932600.0,0.0,Attack,Attack-TCP-Flag-ACK-PSH
20,20.0,1.0,1702932600.0,20,20.0,0.0,1702932600.0,20,0,0.0,1702932600.0,20.0,0,0.0,1702932600.0,20.0,0.0,0.0,1702932600.0,20.0,0.0,0.0,1702932600.0,20,0.0,1702932600.0,1702932600.0,20,1,1702932600.0,1702932600.0,20,0,1702932600.0,0.0,20.0,0.0,1702932600.0,0.0,Attack,Attack-TCP-Flag-ACK-PSH
40,20.0,0.5,1e-04,20,20.0,0.5,1e-04,20,65535,0.5,1702932600.0,20.0,0,0.0,1702932600.0,20.0,15033.348,1.0,1702932600.0,20.0,7516.674,0.0,1702932600.0,20,7516.674,1e-04,1702932600.0,20,1,0.00013303757,1702932600.0,20,1,0.00013303757,1702932600.0,20.0,0.5,0.00013303757,1702932600.0,Attack,Attack-TCP-Flag-ACK-PSH
40,0.0,0.5,0.107,20,0.0,0.0,0.107,20,0,0.5,0.0,20.0,62594,0.0,0.0,20.0,18.697361,0.0,0.0,20.0,18.697361,0.0,0.0,0,0.0,0.107,0.0,0,1,0.10696697,0.0,0,1,0.10696697,0.10696697,0.0,0.0,0.10696697,0.107,Attack,Attack-TCP-Flag-ACK-PSH
40,0.0,0.5,0.1108,20,0.0,0.0,0.1108,20,0,0.5,0.0,20.0,62608,0.0,0.0,20.0,18.055782,0.0,0.0,20.0,18.055782,0.0,0.0,0,0.0,0.1108,0.0,0,1,0.11076784,0.0,0,1,0.11076784,0.11076784,0.0,0.0,0.11076784,0.1108,Attack,Attack-TCP-Flag-ACK-PSH
40,0.0,0.5,0.1112,20,0.0,0.0,0.1112,20,0,0.5,0.0,20.0,62596,0.0,0.0,20.0,17.992077,0.0,0.0,20.0,17.992077,0.0,0.0,0,0.0,0.1112,0.0,0,1,0.11116004,0.0,0,1,0.11116004,0.11116004,0.0,0.0,0.11116004,0.1112,Attack,Attack-TCP-Flag-ACK-PSH
24,24.0,0.0,1702932600.0,24,24.0,1.0,1702932600.0,24,1024,0.0,1702932600.0,24.0,0,0.0,1702932600.0,24.0,0.0,1.0,1702932600.0,24.0,0.0,0.0,1702932600.0,24,0.0,1702932600.0,1702932600.0,24,0,1702932600.0,1702932600.0,24,0,1702932600.0,0.0,24.0,1.0,1702932600.0,0.0,Attack,Attack-TCP-Flag-ACK-PSH
20,20.0,1.0,1702932600.0,20,20.0,0.0,1702932600.0,20,0,0.0,1702932600.0,20.0,0,0.0,1702932600.0,20.0,0.0,0.0,1702932600.0,20.0,0.0,0.0,1702932600.0,20,0.0,1702932600.0,1702932600.0,20,1,1702932600.0,1702932600.0,20,0,1702932600.0,0.0,20.0,0.0,1702932600.0,0.0,Attack,Attack-TCP-Flag-ACK-PSH
20,20.0,1.0,1702932600.0,20,20.0,0.0,1702932600.0,20,0,0.0,1702932600.0,20.0,0,0.0,1702932600.0,20.0,0.0,0.0,1702932600.0,20.0,0.0,0.0,1702932600.0,20,0.0,1702932600.0,1702932600.0,20,1,1702932600.0,1702932600.0,20,0,1702932600.0,0.0,20.0,0.0,1702932600.0,0.0,Attack,Attack-TCP-Flag-ACK-PSH
40,0.0,0.5,0.1108,20,0.0,0.0,0.1108,20,0,0.5,0.0,20.0,62602,0.0,0.0,20.0,18.045023,0.0,0.0,20.0,18.045023,0.0,0.0,0,0.0,0.1108,0.0,0,1,0.11083388,0.0,0,1,0.11083388,0.11083388,0.0,0.0,0.11083388,0.1108,Attack,Attack-TCP-Flag-ACK-PSH
24,24.0,0.0,1702932600.0,24,24.0,1.0,1702932600.0,24,65535,0.0,1702932600.0,24.0,0,0.0,1702932600.0,24.0,0.0,1.0,1702932600.0,24.0,0.0,0.0,1702932600.0,24,0.0,1702932600.0,1702932600.0,24,0,1702932600.0,1702932600.0,24,0,1702932600.0,0.0,24.0,1.0,1702932600.0,0.0,Attack,Attack-TCP-Flag-ACK-PSH
60,40.0,0.5,1e-04,40,40.0,0.5,1e-04,20,64240,0.5,1702932600.0,30.0,0,0.0,1702932600.0,30.0,16810.838,1.0,1702932600.0,20.0,8405.419,0.0,1702932600.0,40,8405.419,1e-04,1702932600.0,40,1,0.00011897087,1702932600.0,40,1,0.00011897087,1702932600.0,40.0,0.5,0.00011897087,1702932600.0,Attack,Attack-TCP-Flag-ACK-PSH
40,0.0,0.5,0.108,20,0.0,0.0,0.108,20,0,0.5,0.0,20.0,62605,0.0,0.0,20.0,18.522642,0.0,0.0,20.0,18.522642,0.0,0.0,0,0.0,0.108,0.0,0,1,0.10797596,0.0,0,1,0.10797596,0.10797596,0.0,0.0,0.10797596,0.108,Attack,Attack-TCP-Flag-ACK-PSH
60,40.0,0.5,0.0003,40,40.0,0.5,0.0003,20,64240,0.5,1702932600.0,30.0,0,0.0,1702932600.0,30.0,7250.3096,1.0,1702932600.0,20.0,3625.1548,0.0,1702932600.0,40,3625.1548,0.0003,1702932600.0,40,1,0.0002758503,1702932600.0,40,1,0.0002758503,1702932600.0,40.0,0.5,0.0002758503,1702932600.0,Attack,Attack-TCP-Flag-ACK-PSH
20,20.0,1.0,1702932600.0,20,20.0,0.0,1702932600.0,20,0,0.0,1702932600.0,20.0,0,0.0,1702932600.0,20.0,0.0,0.0,1702932600.0,20.0,0.0,0.0,1702932600.0,20,0.0,1702932600.0,1702932600.0,20,1,1702932600.0,1702932600.0,20,0,1702932600.0,0.0,20.0,0.0,1702932600.0,0.0,Attack,Attack-TCP-Flag-ACK-PSH
40,0.0,0.5,0.1083,20,0.0,0.0,0.1083,20,0,0.5,0.0,20.0,62608,0.0,0.0,20.0,18.462633,0.0,0.0,20.0,18.462633,0.0,0.0,0,0.0,0.1083,0.0,0,1,0.10832691,0.0,0,1,0.10832691,0.10832691,0.0,0.0,0.10832691,0.1083,Attack,Attack-TCP-Flag-ACK-PSH
32,0.0,0.0,1702932600.0,32,0.0,0.0,1702932600.0,32,0,0.0,0.0,32.0,8193,0.0,0.0,32.0,0.0,0.0,0.0,32.0,0.0,0.0,0.0,0,0.0,1702932600.0,0.0,0,0,1702932600.0,0.0,0,0,1702932600.0,1702932600.0,0.0,0.0,1702932600.0,1702932600.0,Attack,Attack-TCP-Flag-ACK-PSH
32,32.0,0.0,1702932600.0,32,32.0,0.0,1702932600.0,32,502,0.0,1702932600.0,32.0,0,0.0,1702932600.0,32.0,0.0,0.0,1702932600.0,32.0,0.0,0.0,1702932600.0,32,0.0,1702932600.0,1702932600.0,32,0,1702932600.0,1702932600.0,32,0,1702932600.0,0.0,32.0,0.0,1702932600.0,0.0,Attack,Attack-TCP-Flag-ACK-PSH
20,20.0,1.0,1702932600.0,20,20.0,0.0,1702932600.0,20,0,0.0,1702932600.0,20.0,0,0.0,1702932600.0,20.0,0.0,0.0,1702932600.0,20.0,0.0,0.0,1702932600.0,20,0.0,1702932600.0,1702932600.0,20,1,1702932600.0,1702932600.0,20,0,1702932600.0,0.0,20.0,0.0,1702932600.0,0.0,Attack,Attack-TCP-Flag-ACK-PSH
32,0.0,0.0,1702932600.0,32,0.0,0.0,1702932600.0,32,0,0.0,0.0,32.0,8193,0.0,0.0,32.0,0.0,0.0,0.0,32.0,0.0,0.0,0.0,0,0.0,1702932600.0,0.0,0,0,1702932600.0,0.0,0,0,1702932600.0,1702932600.0,0.0,0.0,1702932600.0,1702932600.0,Attack,Attack-TCP-Flag-ACK-PSH
32,0.0,0.0,1702932600.0,32,0.0,0.0,1702932600.0,32,0,0.0,0.0,32.0,8193,0.0,0.0,32.0,0.0,0.0,0.0,32.0,0.0,0.0,0.0,0,0.0,1702932600.0,0.0,0,0,1702932600.0,0.0,0,0,1702932600.0,1702932600.0,0.0,0.0,1702932600.0,1702932600.0,Attack,Attack-TCP-Flag-ACK-PSH
40,0.0,0.5,0.108,20,0.0,0.0,0.108,20,0,0.5,0.0,20.0,62594,0.0,0.0,20.0,18.513893,0.0,0.0,20.0,18.513893,0.0,0.0,0,0.0,0.108,0.0,0,1,0.10802698,0.0,0,1,0.10802698,0.10802698,0.0,0.0,0.10802698,0.108,Attack,Attack-TCP-Flag-ACK-PSH
40,0.0,0.5,0.1077,20,0.0,0.0,0.1077,20,0,0.5,0.0,20.0,62605,0.0,0.0,20.0,18.576334,0.0,0.0,20.0,18.576334,0.0,0.0,0,0.0,0.1077,0.0,0,1,0.10766387,0.0,0,1,0.10766387,0.10766387,0.0,0.0,0.10766387,0.1077,Attack,Attack-TCP-Flag-ACK-PSH
40,0.0,0.5,0.1108,20,0.0,0.0,0.1108,20,0,0.5,0.0,20.0,62605,0.0,0.0,20.0,18.050848,0.0,0.0,20.0,18.050848,0.0,0.0,0,0.0,0.1108,0.0,0,1,0.11079812,0.0,0,1,0.11079812,0.11079812,0.0,0.0,0.11079812,0.1108,Attack,Attack-TCP-Flag-ACK-PSH
20,20.0,1.0,1702932600.0,20,20.0,0.0,1702932600.0,20,0,0.0,1702932600.0,20.0,0,0.0,1702932600.0,20.0,0.0,0.0,1702932600.0,20.0,0.0,0.0,1702932600.0,20,0.0,1702932600.0,1702932600.0,20,1,1702932600.0,1702932600.0,20,0,1702932600.0,0.0,20.0,0.0,1702932600.0,0.0,Attack,Attack-TCP-Flag-ACK-PSH
20,20.0,0.0,1702932600.0,20,20.0,1.0,1702932600.0,20,1024,0.0,1702932600.0,20.0,0,0.0,1702932600.0,20.0,0.0,1.0,1702932600.0,20.0,0.0,0.0,1702932600.0,20,0.0,1702932600.0,1702932600.0,20,0,1702932600.0,1702932600.0,20,0,1702932600.0,0.0,20.0,1.0,1702932600.0,0.0,Attack,Attack-TCP-Flag-ACK-PSH
20,20.0,1.0,1702932600.0,20,20.0,0.0,1702932600.0,20,0,0.0,1702932600.0,20.0,0,0.0,1702932600.0,20.0,0.0,0.0,1702932600.0,20.0,0.0,0.0,1702932600.0,20,0.0,1702932600.0,1702932600.0,20,1,1702932600.0,1702932600.0,20,0,1702932600.0,0.0,20.0,0.0,1702932600.0,0.0,Attack,Attack-TCP-Flag-ACK-PSH
40,0.0,0.5,0.1081,20,0.0,0.0,0.1081,20,0,0.5,0.0,20.0,62608,0.0,0.0,20.0,18.495892,0.0,0.0,20.0,18.495892,0.0,0.0,0,0.0,0.1081,0.0,0,1,0.108132124,0.0,0,1,0.108132124,0.108132124,0.0,0.0,0.108132124,0.1081,Attack,Attack-TCP-Flag-ACK-PSH
20,20.0,1.0,1702932600.0,20,20.0,0.0,1702932600.0,20,0,0.0,1702932600.0,20.0,0,0.0,1702932600.0,20.0,0.0,0.0,1702932600.0,20.0,0.0,0.0,1702932600.0,20,0.0,1702932600.0,1702932600.0,20,1,1702932600.0,1702932600.0,20,0,1702932600.0,0.0,20.0,0.0,1702932600.0,0.0,Attack,Attack-TCP-Flag-ACK-PSH
40,0.0,0.5,0.1111,20,0.0,0.0,0.1111,20,0,0.5,0.0,20.0,62596,0.0,0.0,20.0,18.004356,0.0,0.0,20.0,18.004356,0.0,0.0,0,0.0,0.1111,0.0,0,1,0.11108422,0.0,0,1,0.11108422,0.11108422,0.0,0.0,0.11108422,0.1111,Attack,Attack-TCP-Flag-ACK-PSH
24,24.0,1.0,1702932600.0,24,24.0,0.0,1702932600.0,24,1200,0.0,1702932600.0,24.0,0,0.0,1702932600.0,24.0,0.0,0.0,1702932600.0,24.0,0.0,0.0,1702932600.0,24,0.0,1702932600.0,1702932600.0,24,1,1702932600.0,1702932600.0,24,0,1702932600.0,0.0,24.0,0.0,1702932600.0,0.0,Attack,Attack-TCP-Flag-ACK-PSH
20,20.0,1.0,1702932600.0,20,20.0,0.0,1702932600.0,20,0,0.0,1702932600.0,20.0,0,0.0,1702932600.0,20.0,0.0,0.0,1702932600.0,20.0,0.0,0.0,1702932600.0,20,0.0,1702932600.0,1702932600.0,20,1,1702932600.0,1702932600.0,20,0,1702932600.0,0.0,20.0,0.0,1702932600.0,0.0,Attack,Attack-TCP-Flag-ACK-PSH
20,20.0,1.0,1702932600.0,20,20.0,0.0,1702932600.0,20,0,0.0,1702932600.0,20.0,0,0.0,1702932600.0,20.0,0.0,0.0,1702932600.0,20.0,0.0,0.0,1702932600.0,20,0.0,1702932600.0,1702932600.0,20,1,1702932600.0,1702932600.0,20,0,1702932600.0,0.0,20.0,0.0,1702932600.0,0.0,Attack,Attack-TCP-Flag-ACK-PSH
40,0.0,0.5,0.1109,20,0.0,0.0,0.1109,20,0,0.5,0.0,20.0,62596,0.0,0.0,20.0,18.035906,0.0,0.0,20.0,18.035906,0.0,0.0,0,0.0,0.1109,0.0,0,1,0.11088991,0.0,0,1,0.11088991,0.11088991,0.0,0.0,0.11088991,0.1109,Attack,Attack-TCP-Flag-ACK-PSH
24,24.0,0.0,1702932600.0,24,24.0,1.0,1702932600.0,24,65535,0.0,1702932600.0,24.0,0,0.0,1702932600.0,24.0,0.0,1.0,1702932600.0,24.0,0.0,0.0,1702932600.0,24,0.0,1702932600.0,1702932600.0,24,0,1702932600.0,1702932600.0,24,0,1702932600.0,0.0,24.0,1.0,1702932600.0,0.0,Attack,Attack-TCP-Flag-ACK-PSH
40,0.0,0.5,0.1077,20,0.0,0.0,0.1077,20,0,0.5,0.0,20.0,62599,0.0,0.0,20.0,18.567535,0.0,0.0,20.0,18.567535,0.0,0.0,0,0.0,0.1077,0.0,0,1,0.10771489,0.0,0,1,0.10771489,0.10771489,0.0,0.0,0.10771489,0.1077,Attack,Attack-TCP-Flag-ACK-PSH
20,20.0,1.0,1702932600.0,20,20.0,0.0,1702932600.0,20,0,0.0,1702932600.0,20.0,0,0.0,1702932600.0,20.0,0.0,0.0,1702932600.0,20.0,0.0,0.0,1702932600.0,20,0.0,1702932600.0,1702932600.0,20,1,1702932600.0,1702932600.0,20,0,1702932600.0,0.0,20.0,0.0,1702932600.0,0.0,Attack,Attack-TCP-Flag-ACK-PSH
20,20.0,1.0,1702932600.0,20,20.0,0.0,1702932600.0,20,0,0.0,1702932600.0,20.0,0,0.0,1702932600.0,20.0,0.0,0.0,1702932600.0,20.0,0.0,0.0,1702932600.0,20,0.0,1702932600.0,1702932600.0,20,1,1702932600.0,1702932600.0,20,0,1702932600.0,0.0,20.0,0.0,1702932600.0,0.0,Attack,Attack-TCP-Flag-ACK-PSH
40,0.0,0.5,0.111,20,0.0,0.0,0.111,20,0,0.5,0.0,20.0,62594,0.0,0.0,20.0,18.023853,0.0,0.0,20.0,18.023853,0.0,0.0,0,0.0,0.111,0.0,0,1,0.11096406,0.0,0,1,0.11096406,0.11096406,0.0,0.0,0.11096406,0.111,Attack,Attack-TCP-Flag-ACK-PSH
40,0.0,0.5,0.1102,20,0.0,0.0,0.1102,20,0,0.5,0.0,20.0,62605,0.0,0.0,20.0,18.148989,0.0,0.0,20.0,18.148989,0.0,0.0,0,0.0,0.1102,0.0,0,1,0.110198975,0.0,0,1,0.110198975,0.110198975,0.0,0.0,0.110198975,0.1102,Attack,Attack-TCP-Flag-ACK-PSH
40,0.0,0.5,0.1069,20,0.0,0.0,0.1069,20,0,0.5,0.0,20.0,62599,0.0,0.0,20.0,18.705198,0.0,0.0,20.0,18.705198,0.0,0.0,0,0.0,0.1069,0.0,0,1,0.10692215,0.0,0,1,0.10692215,0.10692215,0.0,0.0,0.10692215,0.1069,Attack,Attack-TCP-Flag-ACK-PSH
20,20.0,1.0,1702932700.0,20,20.0,0.0,1702932700.0,20,0,0.0,1702932700.0,20.0,0,0.0,1702932700.0,20.0,0.0,0.0,1702932700.0,20.0,0.0,0.0,1702932700.0,20,0.0,1702932700.0,1702932700.0,20,1,1702932700.0,1702932700.0,20,0,1702932700.0,0.0,20.0,0.0,1702932700.0,0.0,Attack,Attack-TCP-Flag-ACK-PSH
20,20.0,1.0,1702932700.0,20,20.0,0.0,1702932700.0,20,1200,0.0,1702932700.0,20.0,0,0.0,1702932700.0,20.0,0.0,0.0,1702932700.0,20.0,0.0,0.0,1702932700.0,20,0.0,1702932700.0,1702932700.0,20,1,1702932700.0,1702932700.0,20,0,1702932700.0,0.0,20.0,0.0,1702932700.0,0.0,Attack,Attack-TCP-Flag-ACK-PSH
20,20.0,1.0,1702932700.0,20,20.0,0.0,1702932700.0,20,0,0.0,1702932700.0,20.0,0,0.0,1702932700.0,20.0,0.0,0.0,1702932700.0,20.0,0.0,0.0,1702932700.0,20,0.0,1702932700.0,1702932700.0,20,1,1702932700.0,1702932700.0,20,0,1702932700.0,0.0,20.0,0.0,1702932700.0,0.0,Attack,Attack-TCP-Flag-ACK-PSH
40,0.0,0.5,0.1109,20,0.0,0.0,0.1109,20,0,0.5,0.0,20.0,62592,0.0,0.0,20.0,18.040134,0.0,0.0,20.0,18.040134,0.0,0.0,0,0.0,0.1109,0.0,0,1,0.110863924,0.0,0,1,0.110863924,0.110863924,0.0,0.0,0.110863924,0.1109,Attack,Attack-TCP-Flag-ACK-PSH
32,0.0,0.0,1702932700.0,32,0.0,0.0,1702932700.0,32,0,0.0,0.0,32.0,8192,0.0,0.0,32.0,0.0,0.0,0.0,32.0,0.0,0.0,0.0,0,0.0,1702932700.0,0.0,0,0,1702932700.0,0.0,0,0,1702932700.0,1702932700.0,0.0,0.0,1702932700.0,1702932700.0,Attack,Attack-TCP-Flag-ACK-PSH
20,20.0,1.0,1702932700.0,20,20.0,0.0,1702932700.0,20,0,0.0,1702932700.0,20.0,0,0.0,1702932700.0,20.0,0.0,0.0,1702932700.0,20.0,0.0,0.0,1702932700.0,20,0.0,1702932700.0,1702932700.0,20,1,1702932700.0,1702932700.0,20,0,1702932700.0,0.0,20.0,0.0,1702932700.0,0.0,Attack,Attack-TCP-Flag-ACK-PSH
40,0.0,0.5,0.1077,20,0.0,0.0,0.1077,20,0,0.5,0.0,20.0,62592,0.0,0.0,20.0,18.570454,0.0,0.0,20.0,18.570454,0.0,0.0,0,0.0,0.1077,0.0,0,1,0.10769796,0.0,0,1,0.10769796,0.10769796,0.0,0.0,0.10769796,0.1077,Attack,Attack-TCP-Flag-ACK-PSH
40,0.0,0.5,0.1079,20,0.0,0.0,0.1079,20,0,0.5,0.0,20.0,62596,0.0,0.0,20.0,18.538607,0.0,0.0,20.0,18.538607,0.0,0.0,0,0.0,0.1079,0.0,0,1,0.10788298,0.0,0,1,0.10788298,0.10788298,0.0,0.0,0.10788298,0.1079,Attack,Attack-TCP-Flag-ACK-PSH
44,24.0,0.5,1e-04,24,24.0,0.5,1e-04,20,1024,0.5,1702932700.0,22.0,0,0.0,1702932700.0,22.0,17084.742,1.0,1702932700.0,20.0,8542.371,0.0,1702932700.0,24,8542.371,1e-04,1702932700.0,24,1,0.00011706352,1702932700.0,24,1,0.00011706352,1702932700.0,24.0,0.5,0.00011706352,1702932700.0,Attack,Attack-TCP-Flag-ACK-PSH
60,40.0,0.5,1e-04,40,40.0,0.5,1e-04,20,5040,0.5,1702932700.0,30.0,0,0.0,1702932700.0,30.0,19418.074,1.0,1702932700.0,20.0,9709.037,0.0,1702932700.0,40,9709.037,1e-04,1702932700.0,40,1,0.000102996826,1702932700.0,40,1,0.000102996826,1702932700.0,40.0,0.5,0.000102996826,1702932700.0,Attack,Attack-TCP-Flag-ACK-PSH
20,20.0,1.0,1702932700.0,20,20.0,0.0,1702932700.0,20,1200,0.0,1702932700.0,20.0,0,0.0,1702932700.0,20.0,0.0,0.0,1702932700.0,20.0,0.0,0.0,1702932700.0,20,0.0,1702932700.0,1702932700.0,20,1,1702932700.0,1702932700.0,20,0,1702932700.0,0.0,20.0,0.0,1702932700.0,0.0,Attack,Attack-TCP-Flag-ACK-PSH
40,0.0,0.5,0.1107,20,0.0,0.0,0.1107,20,0,0.5,0.0,20.0,62594,0.0,0.0,20.0,18.069122,0.0,0.0,20.0,18.069122,0.0,0.0,0,0.0,0.1107,0.0,0,1,0.110686064,0.0,0,1,0.110686064,0.110686064,0.0,0.0,0.110686064,0.1107,Attack,Attack-TCP-Flag-ACK-PSH
40,0.0,0.5,0.1069,20,0.0,0.0,0.1069,20,0,0.5,0.0,20.0,62605,0.0,0.0,20.0,18.709078,0.0,0.0,20.0,18.709078,0.0,0.0,0,0.0,0.1069,0.0,0,1,0.10689998,0.0,0,1,0.10689998,0.10689998,0.0,0.0,0.10689998,0.1069,Attack,Attack-TCP-Flag-ACK-PSH
20,20.0,1.0,1702932700.0,20,20.0,0.0,1702932700.0,20,0,0.0,1702932700.0,20.0,0,0.0,1702932700.0,20.0,0.0,0.0,1702932700.0,20.0,0.0,0.0,1702932700.0,20,0.0,1702932700.0,1702932700.0,20,1,1702932700.0,1702932700.0,20,0,1702932700.0,0.0,20.0,0.0,1702932700.0,0.0,Attack,Attack-TCP-Flag-ACK-PSH
24,24.0,0.0,1702932700.0,24,24.0,1.0,1702932700.0,24,1024,0.0,1702932700.0,24.0,0,0.0,1702932700.0,24.0,0.0,1.0,1702932700.0,24.0,0.0,0.0,1702932700.0,24,0.0,1702932700.0,1702932700.0,24,0,1702932700.0,1702932700.0,24,0,1702932700.0,0.0,24.0,1.0,1702932700.0,0.0,Attack,Attack-TCP-Flag-ACK-PSH
52,32.0,0.5,0.0113,32,32.0,0.5,0.0113,20,1024,0.5,1702932700.0,26.0,0,0.0,1702932700.0,26.0,177.0234,1.0,1702932700.0,20.0,88.5117,0.0,1702932700.0,32,88.5117,0.0113,1702932700.0,32,1,0.011297941,1702932700.0,32,1,0.011297941,1702932700.0,32.0,0.5,0.011297941,1702932700.0,Attack,Attack-TCP-Flag-ACK-PSH
40,0.0,0.5,0.1111,20,0.0,0.0,0.1111,20,0,0.5,0.0,20.0,62592,0.0,0.0,20.0,18.006329,0.0,0.0,20.0,18.006329,0.0,0.0,0,0.0,0.1111,0.0,0,1,0.11107206,0.0,0,1,0.11107206,0.11107206,0.0,0.0,0.11107206,0.1111,Attack,Attack-TCP-Flag-ACK-PSH
40,0.0,0.5,0.1111,20,0.0,0.0,0.1111,20,0,0.5,0.0,20.0,62592,0.0,0.0,20.0,17.99532,0.0,0.0,20.0,17.99532,0.0,0.0,0,0.0,0.1111,0.0,0,1,0.11114001,0.0,0,1,0.11114001,0.11114001,0.0,0.0,0.11114001,0.1111,Attack,Attack-TCP-Flag-ACK-PSH
20,20.0,1.0,1702932700.0,20,20.0,0.0,1702932700.0,20,0,0.0,1702932700.0,20.0,0,0.0,1702932700.0,20.0,0.0,0.0,1702932700.0,20.0,0.0,0.0,1702932700.0,20,0.0,1702932700.0,1702932700.0,20,1,1702932700.0,1702932700.0,20,0,1702932700.0,0.0,20.0,0.0,1702932700.0,0.0,Attack,Attack-TCP-Flag-ACK-PSH
40,0.0,0.5,0.111,20,0.0,0.0,0.111,20,0,0.5,0.0,20.0,62605,0.0,0.0,20.0,18.02095,0.0,0.0,20.0,18.02095,0.0,0.0,0,0.0,0.111,0.0,0,1,0.11098194,0.0,0,1,0.11098194,0.11098194,0.0,0.0,0.11098194,0.111,Attack,Attack-TCP-Flag-ACK-PSH
20,20.0,1.0,1702932700.0,20,20.0,0.0,1702932700.0,20,0,0.0,1702932700.0,20.0,0,0.0,1702932700.0,20.0,0.0,0.0,1702932700.0,20.0,0.0,0.0,1702932700.0,20,0.0,1702932700.0,1702932700.0,20,1,1702932700.0,1702932700.0,20,0,1702932700.0,0.0,20.0,0.0,1702932700.0,0.0,Attack,Attack-TCP-Flag-ACK-PSH
20,20.0,1.0,1702932700.0,20,20.0,0.0,1702932700.0,20,0,0.0,1702932700.0,20.0,0,0.0,1702932700.0,20.0,0.0,0.0,1702932700.0,20.0,0.0,0.0,1702932700.0,20,0.0,1702932700.0,1702932700.0,20,1,1702932700.0,1702932700.0,20,0,1702932700.0,0.0,20.0,0.0,1702932700.0,0.0,Attack,Attack-TCP-Flag-ACK-PSH
40,0.0,0.5,0.1111,20,0.0,0.0,0.1111,20,0,0.5,0.0,20.0,62592,0.0,0.0,20.0,18.006985,0.0,0.0,20.0,18.006985,0.0,0.0,0,0.0,0.1111,0.0,0,1,0.11106801,0.0,0,1,0.11106801,0.11106801,0.0,0.0,0.11106801,0.1111,Attack,Attack-TCP-Flag-ACK-PSH
24,24.0,0.0,1702932700.0,24,24.0,1.0,1702932700.0,24,65535,0.0,1702932700.0,24.0,0,0.0,1702932700.0,24.0,0.0,1.0,1702932700.0,24.0,0.0,0.0,1702932700.0,24,0.0,1702932700.0,1702932700.0,24,0,1702932700.0,1702932700.0,24,0,1702932700.0,0.0,24.0,1.0,1702932700.0,0.0,Attack,Attack-TCP-Flag-ACK-PSH
40,0.0,0.5,0.111,20,0.0,0.0,0.111,20,0,0.5,0.0,20.0,62602,0.0,0.0,20.0,18.013018,0.0,0.0,20.0,18.013018,0.0,0.0,0,0.0,0.111,0.0,0,1,0.11103082,0.0,0,1,0.11103082,0.11103082,0.0,0.0,0.11103082,0.111,Attack,Attack-TCP-Flag-ACK-PSH
20,20.0,0.0,1702932700.0,20,20.0,1.0,1702932700.0,20,1024,0.0,1702932700.0,20.0,0,0.0,1702932700.0,20.0,0.0,1.0,1702932700.0,20.0,0.0,0.0,1702932700.0,20,0.0,1702932700.0,1702932700.0,20,0,1702932700.0,1702932700.0,20,0,1702932700.0,0.0,20.0,1.0,1702932700.0,0.0,Attack,Attack-TCP-Flag-ACK-PSH
20,20.0,1.0,1702932700.0,20,20.0,0.0,1702932700.0,20,0,0.0,1702932700.0,20.0,0,0.0,1702932700.0,20.0,0.0,0.0,1702932700.0,20.0,0.0,0.0,1702932700.0,20,0.0,1702932700.0,1702932700.0,20,1,1702932700.0,1702932700.0,20,0,1702932700.0,0.0,20.0,0.0,1702932700.0,0.0,Attack,Attack-TCP-Flag-ACK-PSH
40,0.0,0.5,0.1109,20,0.0,0.0,0.1109,20,0,0.5,0.0,20.0,62594,0.0,0.0,20.0,18.040792,0.0,0.0,20.0,18.040792,0.0,0.0,0,0.0,0.1109,0.0,0,1,0.11085987,0.0,0,1,0.11085987,0.11085987,0.0,0.0,0.11085987,0.1109,Attack,Attack-TCP-Flag-ACK-PSH
20,20.0,1.0,1702932700.0,20,20.0,0.0,1702932700.0,20,0,0.0,1702932700.0,20.0,0,0.0,1702932700.0,20.0,0.0,0.0,1702932700.0,20.0,0.0,0.0,1702932700.0,20,0.0,1702932700.0,1702932700.0,20,1,1702932700.0,1702932700.0,20,0,1702932700.0,0.0,20.0,0.0,1702932700.0,0.0,Attack,Attack-TCP-Flag-ACK-PSH
40,0.0,0.5,0.1101,20,0.0,0.0,0.1101,20,0,0.5,0.0,20.0,62608,0.0,0.0,20.0,18.15889,0.0,0.0,20.0,18.15889,0.0,0.0,0,0.0,0.1101,0.0,0,1,0.11013889,0.0,0,1,0.11013889,0.11013889,0.0,0.0,0.11013889,0.1101,Attack,Attack-TCP-Flag-ACK-PSH
32,0.0,0.0,1702932700.0,32,0.0,0.0,1702932700.0,32,0,0.0,0.0,32.0,8193,0.0,0.0,32.0,0.0,0.0,0.0,32.0,0.0,0.0,0.0,0,0.0,1702932700.0,0.0,0,0,1702932700.0,0.0,0,0,1702932700.0,1702932700.0,0.0,0.0,1702932700.0,1702932700.0,Attack,Attack-TCP-Flag-ACK-PSH
60,40.0,0.5,1e-04,40,40.0,0.5,1e-04,20,29200,0.5,1702932700.0,30.0,0,0.0,1702932700.0,30.0,24745.156,1.0,1702932700.0,20.0,12372.578,0.0,1702932700.0,40,12372.578,1e-04,1702932700.0,40,1,8.08239e-05,1702932700.0,40,1,8.08239e-05,1702932700.0,40.0,0.5,8.08239e-05,1702932700.0,Attack,Attack-TCP-Flag-ACK-PSH
20,20.0,1.0,1702932700.0,20,20.0,0.0,1702932700.0,20,0,0.0,1702932700.0,20.0,0,0.0,1702932700.0,20.0,0.0,0.0,1702932700.0,20.0,0.0,0.0,1702932700.0,20,0.0,1702932700.0,1702932700.0,20,1,1702932700.0,1702932700.0,20,0,1702932700.0,0.0,20.0,0.0,1702932700.0,0.0,Attack,Attack-TCP-Flag-ACK-PSH
40,0.0,0.5,0.1108,20,0.0,0.0,0.1108,20,0,0.5,0.0,20.0,62605,0.0,0.0,20.0,18.050692,0.0,0.0,20.0,18.050692,0.0,0.0,0,0.0,0.1108,0.0,0,1,0.110799074,0.0,0,1,0.110799074,0.110799074,0.0,0.0,0.110799074,0.1108,Attack,Attack-TCP-Flag-ACK-PSH
24,24.0,0.0,1702932700.0,24,24.0,1.0,1702932700.0,24,1024,0.0,1702932700.0,24.0,0,0.0,1702932700.0,24.0,0.0,1.0,1702932700.0,24.0,0.0,0.0,1702932700.0,24,0.0,1702932700.0,1702932700.0,24,0,1702932700.0,1702932700.0,24,0,1702932700.0,0.0,24.0,1.0,1702932700.0,0.0,Attack,Attack-TCP-Flag-ACK-PSH
40,0.0,0.5,0.1112,20,0.0,0.0,0.1112,20,0,0.5,0.0,20.0,62602,0.0,0.0,20.0,17.980585,0.0,0.0,20.0,17.980585,0.0,0.0,0,0.0,0.1112,0.0,0,1,0.11123109,0.0,0,1,0.11123109,0.11123109,0.0,0.0,0.11123109,0.1112,Attack,Attack-TCP-Flag-ACK-PSH
20,20.0,0.0,1702932700.0,20,20.0,1.0,1702932700.0,20,1024,0.0,1702932700.0,20.0,0,0.0,1702932700.0,20.0,0.0,1.0,1702932700.0,20.0,0.0,0.0,1702932700.0,20,0.0,1702932700.0,1702932700.0,20,0,1702932700.0,1702932700.0,20,0,1702932700.0,0.0,20.0,1.0,1702932700.0,0.0,Attack,Attack-TCP-Flag-ACK-PSH
40,0.0,0.5,0.1092,20,0.0,0.0,0.1092,20,0,0.5,0.0,20.0,62599,0.0,0.0,20.0,18.31134,0.0,0.0,20.0,18.31134,0.0,0.0,0,0.0,0.1092,0.0,0,1,0.109221935,0.0,0,1,0.109221935,0.109221935,0.0,0.0,0.109221935,0.1092,Attack,Attack-TCP-Flag-ACK-PSH
40,20.0,0.5,1e-04,20,20.0,0.5,1e-04,20,1024,0.5,1702932700.0,20.0,0,0.0,1702932700.0,20.0,15252.015,1.0,1702932700.0,20.0,7626.0073,0.0,1702932700.0,20,7626.0073,1e-04,1702932700.0,20,1,0.00013113022,1702932700.0,20,1,0.00013113022,1702932700.0,20.0,0.5,0.00013113022,1702932700.0,Attack,Attack-TCP-Flag-ACK-PSH
20,20.0,1.0,1702932700.0,20,20.0,0.0,1702932700.0,20,0,0.0,1702932700.0,20.0,0,0.0,1702932700.0,20.0,0.0,0.0,1702932700.0,20.0,0.0,0.0,1702932700.0,20,0.0,1702932700.0,1702932700.0,20,1,1702932700.0,1702932700.0,20,0,1702932700.0,0.0,20.0,0.0,1702932700.0,0.0,Attack,Attack-TCP-Flag-ACK-PSH
20,20.0,1.0,1702932700.0,20,20.0,0.0,1702932700.0,20,0,0.0,1702932700.0,20.0,0,0.0,1702932700.0,20.0,0.0,0.0,1702932700.0,20.0,0.0,0.0,1702932700.0,20,0.0,1702932700.0,1702932700.0,20,1,1702932700.0,1702932700.0,20,0,1702932700.0,0.0,20.0,0.0,1702932700.0,0.0,Attack,Attack-TCP-Flag-ACK-PSH
20,20.0,0.0,1702932700.0,20,20.0,1.0,1702932700.0,20,1024,0.0,1702932700.0,20.0,0,0.0,1702932700.0,20.0,0.0,1.0,1702932700.0,20.0,0.0,0.0,1702932700.0,20,0.0,1702932700.0,1702932700.0,20,0,1702932700.0,1702932700.0,20,0,1702932700.0,0.0,20.0,1.0,1702932700.0,0.0,Attack,Attack-TCP-Flag-ACK-PSH
40,0.0,0.5,0.1109,20,0.0,0.0,0.1109,20,0,0.5,0.0,20.0,62596,0.0,0.0,20.0,18.02858,0.0,0.0,20.0,18.02858,0.0,0.0,0,0.0,0.1109,0.0,0,1,0.11093497,0.0,0,1,0.11093497,0.11093497,0.0,0.0,0.11093497,0.1109,Attack,Attack-TCP-Flag-ACK-PSH
24,24.0,0.0,1702932700.0,24,24.0,1.0,1702932700.0,24,65535,0.0,1702932700.0,24.0,0,0.0,1702932700.0,24.0,0.0,1.0,1702932700.0,24.0,0.0,0.0,1702932700.0,24,0.0,1702932700.0,1702932700.0,24,0,1702932700.0,1702932700.0,24,0,1702932700.0,0.0,24.0,1.0,1702932700.0,0.0,Attack,Attack-TCP-Flag-ACK-PSH
40,0.0,0.5,0.1099,20,0.0,0.0,0.1099,20,0,0.5,0.0,20.0,62596,0.0,0.0,20.0,18.190746,0.0,0.0,20.0,18.190746,0.0,0.0,0,0.0,0.1099,0.0,0,1,0.10994601,0.0,0,1,0.10994601,0.10994601,0.0,0.0,0.10994601,0.1099,Attack,Attack-TCP-Flag-ACK-PSH
40,0.0,0.5,0.1098,20,0.0,0.0,0.1098,20,0,0.5,0.0,20.0,62592,0.0,0.0,20.0,18.218916,0.0,0.0,20.0,18.218916,0.0,0.0,0,0.0,0.1098,0.0,0,1,0.10977602,0.0,0,1,0.10977602,0.10977602,0.0,0.0,0.10977602,0.1098,Attack,Attack-TCP-Flag-ACK-PSH
20,20.0,1.0,1702932700.0,20,20.0,0.0,1702932700.0,20,1200,0.0,1702932700.0,20.0,0,0.0,1702932700.0,20.0,0.0,0.0,1702932700.0,20.0,0.0,0.0,1702932700.0,20,0.0,1702932700.0,1702932700.0,20,1,1702932700.0,1702932700.0,20,0,1702932700.0,0.0,20.0,0.0,1702932700.0,0.0,Attack,Attack-TCP-Flag-ACK-PSH
40,0.0,0.5,0.1116,20,0.0,0.0,0.1116,20,0,0.5,0.0,20.0,62596,0.0,0.0,20.0,17.928246,0.0,0.0,20.0,17.928246,0.0,0.0,0,0.0,0.1116,0.0,0,1,0.111555815,0.0,0,1,0.111555815,0.111555815,0.0,0.0,0.111555815,0.1116,Attack,Attack-TCP-Flag-ACK-PSH
32,0.0,0.0,1702932700.0,32,0.0,0.0,1702932700.0,32,0,0.0,0.0,32.0,8193,0.0,0.0,32.0,0.0,0.0,0.0,32.0,0.0,0.0,0.0,0,0.0,1702932700.0,0.0,0,0,1702932700.0,0.0,0,0,1702932700.0,1702932700.0,0.0,0.0,1702932700.0,1702932700.0,Attack,Attack-TCP-Flag-ACK-PSH
40,0.0,0.5,0.1101,20,0.0,0.0,0.1101,20,0,0.5,0.0,20.0,62588,0.0,0.0,20.0,18.173407,0.0,0.0,20.0,18.173407,0.0,0.0,0,0.0,0.1101,0.0,0,1,0.11005092,0.0,0,1,0.11005092,0.11005092,0.0,0.0,0.11005092,0.1101,Attack,Attack-TCP-Flag-ACK-PSH
40,0.0,0.5,0.1108,20,0.0,0.0,0.1108,20,0,0.5,0.0,20.0,62590,0.0,0.0,20.0,18.046965,0.0,0.0,20.0,18.046965,0.0,0.0,0,0.0,0.1108,0.0,0,1,0.11082196,0.0,0,1,0.11082196,0.11082196,0.0,0.0,0.11082196,0.1108,Attack,Attack-TCP-Flag-ACK-PSH
40,0.0,0.5,0.1078,20,0.0,0.0,0.1078,20,0,0.5,0.0,20.0,62602,0.0,0.0,20.0,18.55665,0.0,0.0,20.0,18.55665,0.0,0.0,0,0.0,0.1078,0.0,0,1,0.10777807,0.0,0,1,0.10777807,0.10777807,0.0,0.0,0.10777807,0.1078,Attack,Attack-TCP-Flag-ACK-PSH
40,0.0,0.5,0.111,20,0.0,0.0,0.111,20,0,0.5,0.0,20.0,62588,0.0,0.0,20.0,18.024822,0.0,0.0,20.0,18.024822,0.0,0.0,0,0.0,0.111,0.0,0,1,0.1109581,0.0,0,1,0.1109581,0.1109581,0.0,0.0,0.1109581,0.111,Attack,Attack-TCP-Flag-ACK-PSH
20,20.0,1.0,1702932700.0,20,20.0,0.0,1702932700.0,20,0,0.0,1702932700.0,20.0,0,0.0,1702932700.0,20.0,0.0,0.0,1702932700.0,20.0,0.0,0.0,1702932700.0,20,0.0,1702932700.0,1702932700.0,20,1,1702932700.0,1702932700.0,20,0,1702932700.0,0.0,20.0,0.0,1702932700.0,0.0,Attack,Attack-TCP-Flag-ACK-PSH
20,20.0,1.0,1702932700.0,20,20.0,0.0,1702932700.0,20,0,0.0,1702932700.0,20.0,0,0.0,1702932700.0,20.0,0.0,0.0,1702932700.0,20.0,0.0,0.0,1702932700.0,20,0.0,1702932700.0,1702932700.0,20,1,1702932700.0,1702932700.0,20,0,1702932700.0,0.0,20.0,0.0,1702932700.0,0.0,Attack,Attack-TCP-Flag-ACK-PSH
20,20.0,1.0,1702932700.0,20,20.0,0.0,1702932700.0,20,0,0.0,1702932700.0,20.0,0,0.0,1702932700.0,20.0,0.0,0.0,1702932700.0,20.0,0.0,0.0,1702932700.0,20,0.0,1702932700.0,1702932700.0,20,1,1702932700.0,1702932700.0,20,0,1702932700.0,0.0,20.0,0.0,1702932700.0,0.0,Attack,Attack-TCP-Flag-ACK-PSH
40,0.0,0.5,0.1094,20,0.0,0.0,0.1094,20,0,0.5,0.0,20.0,62599,0.0,0.0,20.0,18.276512,0.0,0.0,20.0,18.276512,0.0,0.0,0,0.0,0.1094,0.0,0,1,0.109430075,0.0,0,1,0.109430075,0.109430075,0.0,0.0,0.109430075,0.1094,Attack,Attack-TCP-Flag-ACK-PSH
40,0.0,0.5,0.11,20,0.0,0.0,0.11,20,0,0.5,0.0,20.0,62592,0.0,0.0,20.0,18.18018,0.0,0.0,20.0,18.18018,0.0,0.0,0,0.0,0.11,0.0,0,1,0.11000991,0.0,0,1,0.11000991,0.11000991,0.0,0.0,0.11000991,0.11,Attack,Attack-TCP-Flag-ACK-PSH
20,20.0,1.0,1702932700.0,20,20.0,0.0,1702932700.0,20,0,0.0,1702932700.0,20.0,0,0.0,1702932700.0,20.0,0.0,0.0,1702932700.0,20.0,0.0,0.0,1702932700.0,20,0.0,1702932700.0,1702932700.0,20,1,1702932700.0,1702932700.0,20,0,1702932700.0,0.0,20.0,0.0,1702932700.0,0.0,Attack,Attack-TCP-Flag-ACK-PSH
20,20.0,1.0,1702932700.0,20,20.0,0.0,1702932700.0,20,0,0.0,1702932700.0,20.0,0,0.0,1702932700.0,20.0,0.0,0.0,1702932700.0,20.0,0.0,0.0,1702932700.0,20,0.0,1702932700.0,1702932700.0,20,1,1702932700.0,1702932700.0,20,0,1702932700.0,0.0,20.0,0.0,1702932700.0,0.0,Attack,Attack-TCP-Flag-ACK-PSH
20,20.0,1.0,1702932700.0,20,20.0,0.0,1702932700.0,20,0,0.0,1702932700.0,20.0,0,0.0,1702932700.0,20.0,0.0,0.0,1702932700.0,20.0,0.0,0.0,1702932700.0,20,0.0,1702932700.0,1702932700.0,20,1,1702932700.0,1702932700.0,20,0,1702932700.0,0.0,20.0,0.0,1702932700.0,0.0,Attack,Attack-TCP-Flag-ACK-PSH
24,24.0,0.0,1702932700.0,24,24.0,1.0,1702932700.0,24,1025,0.0,1702932700.0,24.0,0,0.0,1702932700.0,24.0,0.0,1.0,1702932700.0,24.0,0.0,0.0,1702932700.0,24,0.0,1702932700.0,1702932700.0,24,0,1702932700.0,1702932700.0,24,0,1702932700.0,0.0,24.0,1.0,1702932700.0,0.0,Attack,Attack-TCP-Flag-ACK-PSH
60,40.0,0.5,0.0002,40,40.0,0.5,0.0002,20,29200,0.5,1702932700.0,30.0,0,0.0,1702932700.0,30.0,13066.367,1.0,1702932700.0,20.0,6533.1836,0.0,1702932700.0,40,6533.1836,0.0002,1702932700.0,40,1,0.00015306473,1702932700.0,40,1,0.00015306473,1702932700.0,40.0,0.5,0.00015306473,1702932700.0,Attack,Attack-TCP-Flag-ACK-PSH
60,40.0,0.5,1e-04,40,40.0,0.5,1e-04,20,64240,0.5,1702932700.0,30.0,0,0.0,1702932700.0,30.0,16545.578,1.0,1702932700.0,20.0,8272.789,0.0,1702932700.0,40,8272.789,1e-04,1702932700.0,40,1,0.00012087822,1702932700.0,40,1,0.00012087822,1702932700.0,40.0,0.5,0.00012087822,1702932700.0,Attack,Attack-TCP-Flag-ACK-PSH
40,0.0,0.5,0.1108,20,0.0,0.0,0.1108,20,0,0.5,0.0,20.0,62605,0.0,0.0,20.0,18.045023,0.0,0.0,20.0,18.045023,0.0,0.0,0,0.0,0.1108,0.0,0,1,0.11083388,0.0,0,1,0.11083388,0.11083388,0.0,0.0,0.11083388,0.1108,Attack,Attack-TCP-Flag-ACK-PSH
40,0.0,0.5,0.1081,20,0.0,0.0,0.1081,20,0,0.5,0.0,20.0,62605,0.0,0.0,20.0,18.497808,0.0,0.0,20.0,18.497808,0.0,0.0,0,0.0,0.1081,0.0,0,1,0.10812092,0.0,0,1,0.10812092,0.10812092,0.0,0.0,0.10812092,0.1081,Attack,Attack-TCP-Flag-ACK-PSH
24,24.0,0.0,1702932700.0,24,24.0,1.0,1702932700.0,24,1025,0.0,1702932700.0,24.0,0,0.0,1702932700.0,24.0,0.0,1.0,1702932700.0,24.0,0.0,0.0,1702932700.0,24,0.0,1702932700.0,1702932700.0,24,0,1702932700.0,1702932700.0,24,0,1702932700.0,0.0,24.0,1.0,1702932700.0,0.0,Attack,Attack-TCP-Flag-ACK-PSH
40,0.0,0.5,0.1061,20,0.0,0.0,0.1061,20,0,0.5,0.0,20.0,62588,0.0,0.0,20.0,18.849237,0.0,0.0,20.0,18.849237,0.0,0.0,0,0.0,0.1061,0.0,0,1,0.10610509,0.0,0,1,0.10610509,0.10610509,0.0,0.0,0.10610509,0.1061,Attack,Attack-TCP-Flag-ACK-PSH
40,0.0,0.5,0.1111,20,0.0,0.0,0.1111,20,0,0.5,0.0,20.0,62599,0.0,0.0,20.0,17.997095,0.0,0.0,20.0,17.997095,0.0,0.0,0,0.0,0.1111,0.0,0,1,0.111129045,0.0,0,1,0.111129045,0.111129045,0.0,0.0,0.111129045,0.1111,Attack,Attack-TCP-Flag-ACK-PSH
32,32.0,0.0,1702932700.0,32,32.0,1.0,1702932700.0,32,65535,0.0,1702932700.0,32.0,0,0.0,1702932700.0,32.0,0.0,1.0,1702932700.0,32.0,0.0,0.0,1702932700.0,32,0.0,1702932700.0,1702932700.0,32,0,1702932700.0,1702932700.0,32,0,1702932700.0,0.0,32.0,1.0,1702932700.0,0.0,Attack,Attack-TCP-Flag-ACK-PSH
24,24.0,0.0,1702932700.0,24,24.0,1.0,1702932700.0,24,1025,0.0,1702932700.0,24.0,0,0.0,1702932700.0,24.0,0.0,1.0,1702932700.0,24.0,0.0,0.0,1702932700.0,24,0.0,1702932700.0,1702932700.0,24,0,1702932700.0,1702932700.0,24,0,1702932700.0,0.0,24.0,1.0,1702932700.0,0.0,Attack,Attack-TCP-Flag-ACK-PSH
32,0.0,0.0,1702932700.0,32,0.0,0.0,1702932700.0,32,0,0.0,0.0,32.0,8193,0.0,0.0,32.0,0.0,0.0,0.0,32.0,0.0,0.0,0.0,0,0.0,1702932700.0,0.0,0,0,1702932700.0,0.0,0,0,1702932700.0,1702932700.0,0.0,0.0,1702932700.0,1702932700.0,Attack,Attack-TCP-Flag-ACK-PSH
40,0.0,0.5,0.1112,20,0.0,0.0,0.1112,20,0,0.5,0.0,20.0,62599,0.0,0.0,20.0,17.979313,0.0,0.0,20.0,17.979313,0.0,0.0,0,0.0,0.1112,0.0,0,1,0.11123896,0.0,0,1,0.11123896,0.11123896,0.0,0.0,0.11123896,0.1112,Attack,Attack-TCP-Flag-ACK-PSH
20,20.0,0.0,1702932700.0,20,20.0,1.0,1702932700.0,20,1024,0.0,1702932700.0,20.0,0,0.0,1702932700.0,20.0,0.0,1.0,1702932700.0,20.0,0.0,0.0,1702932700.0,20,0.0,1702932700.0,1702932700.0,20,0,1702932700.0,1702932700.0,20,0,1702932700.0,0.0,20.0,1.0,1702932700.0,0.0,Attack,Attack-TCP-Flag-ACK-PSH
20,20.0,1.0,1702932700.0,20,20.0,0.0,1702932700.0,20,0,0.0,1702932700.0,20.0,0,0.0,1702932700.0,20.0,0.0,0.0,1702932700.0,20.0,0.0,0.0,1702932700.0,20,0.0,1702932700.0,1702932700.0,20,1,1702932700.0,1702932700.0,20,0,1702932700.0,0.0,20.0,0.0,1702932700.0,0.0,Attack,Attack-TCP-Flag-ACK-PSH
40,0.0,0.5,0.1081,20,0.0,0.0,0.1081,20,0,0.5,0.0,20.0,62594,0.0,0.0,20.0,18.503603,0.0,0.0,20.0,18.503603,0.0,0.0,0,0.0,0.1081,0.0,0,1,0.10808706,0.0,0,1,0.10808706,0.10808706,0.0,0.0,0.10808706,0.1081,Attack,Attack-TCP-Flag-ACK-PSH
40,0.0,0.5,0.1077,20,0.0,0.0,0.1077,20,0,0.5,0.0,20.0,62588,0.0,0.0,20.0,18.5677,0.0,0.0,20.0,18.5677,0.0,0.0,0,0.0,0.1077,0.0,0,1,0.10771394,0.0,0,1,0.10771394,0.10771394,0.0,0.0,0.10771394,0.1077,Attack,Attack-TCP-Flag-ACK-PSH
40,0.0,0.5,0.1112,20,0.0,0.0,0.1112,20,0,0.5,0.0,20.0,62596,0.0,0.0,20.0,17.990108,0.0,0.0,20.0,17.990108,0.0,0.0,0,0.0,0.1112,0.0,0,1,0.1111722,0.0,0,1,0.1111722,0.1111722,0.0,0.0,0.1111722,0.1112,Attack,Attack-TCP-Flag-ACK-PSH
40,0.0,0.5,0.1079,20,0.0,0.0,0.1079,20,0,0.5,0.0,20.0,62608,0.0,0.0,20.0,18.530375,0.0,0.0,20.0,18.530375,0.0,0.0,0,0.0,0.1079,0.0,0,1,0.1079309,0.0,0,1,0.1079309,0.1079309,0.0,0.0,0.1079309,0.1079,Attack,Attack-TCP-Flag-ACK-PSH
40,0.0,0.5,0.1108,20,0.0,0.0,0.1108,20,0,0.5,0.0,20.0,62611,0.0,0.0,20.0,18.052013,0.0,0.0,20.0,18.052013,0.0,0.0,0,0.0,0.1108,0.0,0,1,0.11079097,0.0,0,1,0.11079097,0.11079097,0.0,0.0,0.11079097,0.1108,Attack,Attack-TCP-Flag-ACK-PSH
20,20.0,1.0,1702932700.0,20,20.0,0.0,1702932700.0,20,1200,0.0,1702932700.0,20.0,0,0.0,1702932700.0,20.0,0.0,0.0,1702932700.0,20.0,0.0,0.0,1702932700.0,20,0.0,1702932700.0,1702932700.0,20,1,1702932700.0,1702932700.0,20,0,1702932700.0,0.0,20.0,0.0,1702932700.0,0.0,Attack,Attack-TCP-Flag-ACK-PSH
40,0.0,0.5,0.1099,20,0.0,0.0,0.1099,20,0,0.5,0.0,20.0,62605,0.0,0.0,20.0,18.203497,0.0,0.0,20.0,18.203497,0.0,0.0,0,0.0,0.1099,0.0,0,1,0.109869,0.0,0,1,0.109869,0.109869,0.0,0.0,0.109869,0.1099,Attack,Attack-TCP-Flag-ACK-PSH
20,20.0,1.0,1702932700.0,20,20.0,0.0,1702932700.0,20,0,0.0,1702932700.0,20.0,0,0.0,1702932700.0,20.0,0.0,0.0,1702932700.0,20.0,0.0,0.0,1702932700.0,20,0.0,1702932700.0,1702932700.0,20,1,1702932700.0,1702932700.0,20,0,1702932700.0,0.0,20.0,0.0,1702932700.0,0.0,Attack,Attack-TCP-Flag-ACK-PSH
40,0.0,0.5,0.1095,20,0.0,0.0,0.1095,20,0,0.5,0.0,20.0,62592,0.0,0.0,20.0,18.266005,0.0,0.0,20.0,18.266005,0.0,0.0,0,0.0,0.1095,0.0,0,1,0.10949302,0.0,0,1,0.10949302,0.10949302,0.0,0.0,0.10949302,0.1095,Attack,Attack-TCP-Flag-ACK-PSH
40,0.0,0.5,0.1068,20,0.0,0.0,0.1068,20,0,0.5,0.0,20.0,62599,0.0,0.0,20.0,18.722565,0.0,0.0,20.0,18.722565,0.0,0.0,0,0.0,0.1068,0.0,0,1,0.10682297,0.0,0,1,0.10682297,0.10682297,0.0,0.0,0.10682297,0.1068,Attack,Attack-TCP-Flag-ACK-PSH
40,0.0,0.5,0.1109,20,0.0,0.0,0.1109,20,0,0.5,0.0,20.0,62594,0.0,0.0,20.0,18.026953,0.0,0.0,20.0,18.026953,0.0,0.0,0,0.0,0.1109,0.0,0,1,0.11094499,0.0,0,1,0.11094499,0.11094499,0.0,0.0,0.11094499,0.1109,Attack,Attack-TCP-Flag-ACK-PSH
52,32.0,0.5,0.0061,32,32.0,0.5,0.0061,20,1024,0.5,1702932700.0,26.0,0,0.0,1702932700.0,26.0,325.61945,1.0,1702932700.0,20.0,162.80972,0.0,1702932700.0,32,162.80972,0.0061,1702932700.0,32,1,0.0061421394,1702932700.0,32,1,0.0061421394,1702932700.0,32.0,0.5,0.0061421394,1702932700.0,Attack,Attack-TCP-Flag-ACK-PSH
24,24.0,0.0,1702932700.0,24,24.0,1.0,1702932700.0,24,65535,0.0,1702932700.0,24.0,0,0.0,1702932700.0,24.0,0.0,1.0,1702932700.0,24.0,0.0,0.0,1702932700.0,24,0.0,1702932700.0,1702932700.0,24,0,1702932700.0,1702932700.0,24,0,1702932700.0,0.0,24.0,1.0,1702932700.0,0.0,Attack,Attack-TCP-Flag-ACK-PSH
40,0.0,0.5,0.1078,20,0.0,0.0,0.1078,20,0,0.5,0.0,20.0,62599,0.0,0.0,20.0,18.547215,0.0,0.0,20.0,18.547215,0.0,0.0,0,0.0,0.1078,0.0,0,1,0.10783291,0.0,0,1,0.10783291,0.10783291,0.0,0.0,0.10783291,0.1078,Attack,Attack-TCP-Flag-ACK-PSH
20,20.0,1.0,1702932700.0,20,20.0,0.0,1702932700.0,20,0,0.0,1702932700.0,20.0,0,0.0,1702932700.0,20.0,0.0,0.0,1702932700.0,20.0,0.0,0.0,1702932700.0,20,0.0,1702932700.0,1702932700.0,20,1,1702932700.0,1702932700.0,20,0,1702932700.0,0.0,20.0,0.0,1702932700.0,0.0,Attack,Attack-TCP-Flag-ACK-PSH
40,0.0,0.5,0.1077,20,0.0,0.0,0.1077,20,0,0.5,0.0,20.0,62594,0.0,0.0,20.0,18.574236,0.0,0.0,20.0,18.574236,0.0,0.0,0,0.0,0.1077,0.0,0,1,0.10767603,0.0,0,1,0.10767603,0.10767603,0.0,0.0,0.10767603,0.1077,Attack,Attack-TCP-Flag-ACK-PSH
24,24.0,0.0,1702932700.0,24,24.0,1.0,1702932700.0,24,1025,0.0,1702932700.0,24.0,0,0.0,1702932700.0,24.0,0.0,1.0,1702932700.0,24.0,0.0,0.0,1702932700.0,24,0.0,1702932700.0,1702932700.0,24,0,1702932700.0,1702932700.0,24,0,1702932700.0,0.0,24.0,1.0,1702932700.0,0.0,Attack,Attack-TCP-Flag-ACK-PSH
40,40.0,0.0,1702932700.0,40,40.0,1.0,1702932700.0,40,29200,0.0,1702932700.0,40.0,0,0.0,1702932700.0,40.0,0.0,1.0,1702932700.0,40.0,0.0,0.0,1702932700.0,40,0.0,1702932700.0,1702932700.0,40,0,1702932700.0,1702932700.0,40,0,1702932700.0,0.0,40.0,1.0,1702932700.0,0.0,Attack,Attack-TCP-Flag-ACK-PSH
40,0.0,0.5,0.1107,20,0.0,0.0,0.1107,20,0,0.5,0.0,20.0,62605,0.0,0.0,20.0,18.061148,0.0,0.0,20.0,18.061148,0.0,0.0,0,0.0,0.1107,0.0,0,1,0.11073494,0.0,0,1,0.11073494,0.11073494,0.0,0.0,0.11073494,0.1107,Attack,Attack-TCP-Flag-ACK-PSH
20,20.0,1.0,1702932700.0,20,20.0,0.0,1702932700.0,20,1200,0.0,1702932700.0,20.0,0,0.0,1702932700.0,20.0,0.0,0.0,1702932700.0,20.0,0.0,0.0,1702932700.0,20,0.0,1702932700.0,1702932700.0,20,1,1702932700.0,1702932700.0,20,0,1702932700.0,0.0,20.0,0.0,1702932700.0,0.0,Attack,Attack-TCP-Flag-ACK-PSH
40,0.0,0.5,0.1078,20,0.0,0.0,0.1078,20,0,0.5,0.0,20.0,62602,0.0,0.0,20.0,18.557184,0.0,0.0,20.0,18.557184,0.0,0.0,0,0.0,0.1078,0.0,0,1,0.10777497,0.0,0,1,0.10777497,0.10777497,0.0,0.0,0.10777497,0.1078,Attack,Attack-TCP-Flag-ACK-PSH
20,20.0,1.0,1702932700.0,20,20.0,0.0,1702932700.0,20,0,0.0,1702932700.0,20.0,0,0.0,1702932700.0,20.0,0.0,0.0,1702932700.0,20.0,0.0,0.0,1702932700.0,20,0.0,1702932700.0,1702932700.0,20,1,1702932700.0,1702932700.0,20,0,1702932700.0,0.0,20.0,0.0,1702932700.0,0.0,Attack,Attack-TCP-Flag-ACK-PSH
32,0.0,0.0,1702932700.0,32,0.0,0.0,1702932700.0,32,0,0.0,0.0,32.0,8193,0.0,0.0,32.0,0.0,0.0,0.0,32.0,0.0,0.0,0.0,0,0.0,1702932700.0,0.0,0,0,1702932700.0,0.0,0,0,1702932700.0,1702932700.0,0.0,0.0,1702932700.0,1702932700.0,Attack,Attack-TCP-Flag-ACK-PSH
40,0.0,0.5,0.1079,20,0.0,0.0,0.1079,20,0,0.5,0.0,20.0,62602,0.0,0.0,20.0,18.54377,0.0,0.0,20.0,18.54377,0.0,0.0,0,0.0,0.1079,0.0,0,1,0.107852936,0.0,0,1,0.107852936,0.107852936,0.0,0.0,0.107852936,0.1079,Attack,Attack-TCP-Flag-ACK-PSH
40,0.0,0.5,0.1111,20,0.0,0.0,0.1111,20,0,0.5,0.0,20.0,62605,0.0,0.0,20.0,18.006521,0.0,0.0,20.0,18.006521,0.0,0.0,0,0.0,0.1111,0.0,0,1,0.11107087,0.0,0,1,0.11107087,0.11107087,0.0,0.0,0.11107087,0.1111,Attack,Attack-TCP-Flag-ACK-PSH
40,20.0,0.5,1e-04,20,20.0,0.5,1e-04,20,65535,0.5,1702932700.0,20.0,0,0.0,1702932700.0,20.0,25040.621,1.0,1702932700.0,20.0,12520.311,0.0,1702932700.0,20,12520.311,1e-04,1702932700.0,20,1,7.9870224e-05,1702932700.0,20,1,7.9870224e-05,1702932700.0,20.0,0.5,7.9870224e-05,1702932700.0,Attack,Attack-TCP-Flag-ACK-PSH
40,0.0,0.5,0.1111,20,0.0,0.0,0.1111,20,0,0.5,0.0,20.0,62608,0.0,0.0,20.0,18.00683,0.0,0.0,20.0,18.00683,0.0,0.0,0,0.0,0.1111,0.0,0,1,0.111068964,0.0,0,1,0.111068964,0.111068964,0.0,0.0,0.111068964,0.1111,Attack,Attack-TCP-Flag-ACK-PSH
24,24.0,0.0,1702932700.0,24,24.0,1.0,1702932700.0,24,65535,0.0,1702932700.0,24.0,0,0.0,1702932700.0,24.0,0.0,1.0,1702932700.0,24.0,0.0,0.0,1702932700.0,24,0.0,1702932700.0,1702932700.0,24,0,1702932700.0,1702932700.0,24,0,1702932700.0,0.0,24.0,1.0,1702932700.0,0.0,Attack,Attack-TCP-Flag-ACK-PSH
20,20.0,1.0,1702932700.0,20,20.0,0.0,1702932700.0,20,0,0.0,1702932700.0,20.0,0,0.0,1702932700.0,20.0,0.0,0.0,1702932700.0,20.0,0.0,0.0,1702932700.0,20,0.0,1702932700.0,1702932700.0,20,1,1702932700.0,1702932700.0,20,0,1702932700.0,0.0,20.0,0.0,1702932700.0,0.0,Attack,Attack-TCP-Flag-ACK-PSH
40,0.0,0.5,0.11,20,0.0,0.0,0.11,20,0,0.5,0.0,20.0,62605,0.0,0.0,20.0,18.186447,0.0,0.0,20.0,18.186447,0.0,0.0,0,0.0,0.11,0.0,0,1,0.109972,0.0,0,1,0.109972,0.109972,0.0,0.0,0.109972,0.11,Attack,Attack-TCP-Flag-ACK-PSH
40,0.0,0.5,0.1099,20,0.0,0.0,0.1099,20,0,0.5,0.0,20.0,62592,0.0,0.0,20.0,18.204168,0.0,0.0,20.0,18.204168,0.0,0.0,0,0.0,0.1099,0.0,0,1,0.10986495,0.0,0,1,0.10986495,0.10986495,0.0,0.0,0.10986495,0.1099,Attack,Attack-TCP-Flag-ACK-PSH
20,20.0,1.0,1702932700.0,20,20.0,0.0,1702932700.0,20,0,0.0,1702932700.0,20.0,0,0.0,1702932700.0,20.0,0.0,0.0,1702932700.0,20.0,0.0,0.0,1702932700.0,20,0.0,1702932700.0,1702932700.0,20,1,1702932700.0,1702932700.0,20,0,1702932700.0,0.0,20.0,0.0,1702932700.0,0.0,Attack,Attack-TCP-Flag-ACK-PSH
24,24.0,0.0,1702932700.0,24,24.0,1.0,1702932700.0,24,1024,0.0,1702932700.0,24.0,0,0.0,1702932700.0,24.0,0.0,1.0,1702932700.0,24.0,0.0,0.0,1702932700.0,24,0.0,1702932700.0,1702932700.0,24,0,1702932700.0,1702932700.0,24,0,1702932700.0,0.0,24.0,1.0,1702932700.0,0.0,Attack,Attack-TCP-Flag-ACK-PSH
40,0.0,0.5,0.1069,20,0.0,0.0,0.1069,20,0,0.5,0.0,20.0,62599,0.0,0.0,20.0,18.714504,0.0,0.0,20.0,18.714504,0.0,0.0,0,0.0,0.1069,0.0,0,1,0.10686898,0.0,0,1,0.10686898,0.10686898,0.0,0.0,0.10686898,0.1069,Attack,Attack-TCP-Flag-ACK-PSH
40,0.0,0.5,0.1109,20,0.0,0.0,0.1109,20,0,0.5,0.0,20.0,62594,0.0,0.0,20.0,18.02858,0.0,0.0,20.0,18.02858,0.0,0.0,0,0.0,0.1109,0.0,0,1,0.11093497,0.0,0,1,0.11093497,0.11093497,0.0,0.0,0.11093497,0.1109,Attack,Attack-TCP-Flag-ACK-PSH
24,24.0,0.0,1702932700.0,24,24.0,1.0,1702932700.0,24,65535,0.0,1702932700.0,24.0,0,0.0,1702932700.0,24.0,0.0,1.0,1702932700.0,24.0,0.0,0.0,1702932700.0,24,0.0,1702932700.0,1702932700.0,24,0,1702932700.0,1702932700.0,24,0,1702932700.0,0.0,24.0,1.0,1702932700.0,0.0,Attack,Attack-TCP-Flag-ACK-PSH
40,0.0,0.5,0.1109,20,0.0,0.0,0.1109,20,0,0.5,0.0,20.0,62599,0.0,0.0,20.0,18.036566,0.0,0.0,20.0,18.036566,0.0,0.0,0,0.0,0.1109,0.0,0,1,0.11088586,0.0,0,1,0.11088586,0.11088586,0.0,0.0,0.11088586,0.1109,Attack,Attack-TCP-Flag-ACK-PSH
40,0.0,0.5,0.1111,20,0.0,0.0,0.1111,20,0,0.5,0.0,20.0,62596,0.0,0.0,20.0,17.998215,0.0,0.0,20.0,17.998215,0.0,0.0,0,0.0,0.1111,0.0,0,1,0.11112213,0.0,0,1,0.11112213,0.11112213,0.0,0.0,0.11112213,0.1111,Attack,Attack-TCP-Flag-ACK-PSH
40,0.0,0.5,0.1068,20,0.0,0.0,0.1068,20,0,0.5,0.0,20.0,62596,0.0,0.0,20.0,18.726076,0.0,0.0,20.0,18.726076,0.0,0.0,0,0.0,0.1068,0.0,0,1,0.10680294,0.0,0,1,0.10680294,0.10680294,0.0,0.0,0.10680294,0.1068,Attack,Attack-TCP-Flag-ACK-PSH
40,0.0,0.5,0.1077,20,0.0,0.0,0.1077,20,0,0.5,0.0,20.0,62596,0.0,0.0,20.0,18.566507,0.0,0.0,20.0,18.566507,0.0,0.0,0,0.0,0.1077,0.0,0,1,0.10772085,0.0,0,1,0.10772085,0.10772085,0.0,0.0,0.10772085,0.1077,Attack,Attack-TCP-Flag-ACK-PSH
40,0.0,0.5,0.1094,20,0.0,0.0,0.1094,20,0,0.5,0.0,20.0,62599,0.0,0.0,20.0,18.281012,0.0,0.0,20.0,18.281012,0.0,0.0,0,0.0,0.1094,0.0,0,1,0.10940313,0.0,0,1,0.10940313,0.10940313,0.0,0.0,0.10940313,0.1094,Attack,Attack-TCP-Flag-ACK-PSH
20,20.0,1.0,1702932700.0,20,20.0,0.0,1702932700.0,20,0,0.0,1702932700.0,20.0,0,0.0,1702932700.0,20.0,0.0,0.0,1702932700.0,20.0,0.0,0.0,1702932700.0,20,0.0,1702932700.0,1702932700.0,20,1,1702932700.0,1702932700.0,20,0,1702932700.0,0.0,20.0,0.0,1702932700.0,0.0,Attack,Attack-TCP-Flag-ACK-PSH
40,0.0,0.5,0.1109,20,0.0,0.0,0.1109,20,0,0.5,0.0,20.0,62611,0.0,0.0,20.0,18.036526,0.0,0.0,20.0,18.036526,0.0,0.0,0,0.0,0.1109,0.0,0,1,0.1108861,0.0,0,1,0.1108861,0.1108861,0.0,0.0,0.1108861,0.1109,Attack,Attack-TCP-Flag-ACK-PSH
40,0.0,0.5,0.1109,20,0.0,0.0,0.1109,20,0,0.5,0.0,20.0,62592,0.0,0.0,20.0,18.02823,0.0,0.0,20.0,18.02823,0.0,0.0,0,0.0,0.1109,0.0,0,1,0.11093712,0.0,0,1,0.11093712,0.11093712,0.0,0.0,0.11093712,0.1109,Attack,Attack-TCP-Flag-ACK-PSH
20,20.0,1.0,1702932700.0,20,20.0,0.0,1702932700.0,20,0,0.0,1702932700.0,20.0,0,0.0,1702932700.0,20.0,0.0,0.0,1702932700.0,20.0,0.0,0.0,1702932700.0,20,0.0,1702932700.0,1702932700.0,20,1,1702932700.0,1702932700.0,20,0,1702932700.0,0.0,20.0,0.0,1702932700.0,0.0,Attack,Attack-TCP-Flag-ACK-PSH
60,40.0,0.5,1e-04,40,40.0,0.5,1e-04,20,64240,0.5,1702932700.0,30.0,0,0.0,1702932700.0,30.0,22489.566,1.0,1702932700.0,20.0,11244.783,0.0,1702932700.0,40,11244.783,1e-04,1702932700.0,40,1,8.893013e-05,1702932700.0,40,1,8.893013e-05,1702932700.0,40.0,0.5,8.893013e-05,1702932700.0,Attack,Attack-TCP-Flag-ACK-PSH
40,0.0,0.5,0.1111,20,0.0,0.0,0.1111,20,0,0.5,0.0,20.0,62611,0.0,0.0,20.0,18.002773,0.0,0.0,20.0,18.002773,0.0,0.0,0,0.0,0.1111,0.0,0,1,0.111094,0.0,0,1,0.111094,0.111094,0.0,0.0,0.111094,0.1111,Attack,Attack-TCP-Flag-ACK-PSH
24,24.0,0.0,1702932700.0,24,24.0,1.0,1702932700.0,24,1024,0.0,1702932700.0,24.0,0,0.0,1702932700.0,24.0,0.0,1.0,1702932700.0,24.0,0.0,0.0,1702932700.0,24,0.0,1702932700.0,1702932700.0,24,0,1702932700.0,1702932700.0,24,0,1702932700.0,0.0,24.0,1.0,1702932700.0,0.0,Attack,Attack-TCP-Flag-ACK-PSH
20,20.0,1.0,1702932700.0,20,20.0,0.0,1702932700.0,20,0,0.0,1702932700.0,20.0,0,0.0,1702932700.0,20.0,0.0,0.0,1702932700.0,20.0,0.0,0.0,1702932700.0,20,0.0,1702932700.0,1702932700.0,20,1,1702932700.0,1702932700.0,20,0,1702932700.0,0.0,20.0,0.0,1702932700.0,0.0,Attack,Attack-TCP-Flag-ACK-PSH
40,0.0,0.5,0.1107,20,0.0,0.0,0.1107,20,0,0.5,0.0,20.0,62602,0.0,0.0,20.0,18.067682,0.0,0.0,20.0,18.067682,0.0,0.0,0,0.0,0.1107,0.0,0,1,0.110694885,0.0,0,1,0.110694885,0.110694885,0.0,0.0,0.110694885,0.1107,Attack,Attack-TCP-Flag-ACK-PSH
40,0.0,0.5,0.1097,20,0.0,0.0,0.1097,20,0,0.5,0.0,20.0,62605,0.0,0.0,20.0,18.224932,0.0,0.0,20.0,18.224932,0.0,0.0,0,0.0,0.1097,0.0,0,1,0.10973978,0.0,0,1,0.10973978,0.10973978,0.0,0.0,0.10973978,0.1097,Attack,Attack-TCP-Flag-ACK-PSH
32,0.0,0.0,1702932700.0,32,0.0,0.0,1702932700.0,32,0,0.0,0.0,32.0,8193,0.0,0.0,32.0,0.0,0.0,0.0,32.0,0.0,0.0,0.0,0,0.0,1702932700.0,0.0,0,0,1702932700.0,0.0,0,0,1702932700.0,1702932700.0,0.0,0.0,1702932700.0,1702932700.0,Attack,Attack-TCP-Flag-ACK-PSH
40,0.0,0.5,0.1079,20,0.0,0.0,0.1079,20,0,0.5,0.0,20.0,62599,0.0,0.0,20.0,18.53619,0.0,0.0,20.0,18.53619,0.0,0.0,0,0.0,0.1079,0.0,0,1,0.10789704,0.0,0,1,0.10789704,0.10789704,0.0,0.0,0.10789704,0.1079,Attack,Attack-TCP-Flag-ACK-PSH
24,24.0,0.0,1702932700.0,24,24.0,1.0,1702932700.0,24,65535,0.0,1702932700.0,24.0,0,0.0,1702932700.0,24.0,0.0,1.0,1702932700.0,24.0,0.0,0.0,1702932700.0,24,0.0,1702932700.0,1702932700.0,24,0,1702932700.0,1702932700.0,24,0,1702932700.0,0.0,24.0,1.0,1702932700.0,0.0,Attack,Attack-TCP-Flag-ACK-PSH
40,0.0,0.5,0.1076,20,0.0,0.0,0.1076,20,0,0.5,0.0,20.0,62592,0.0,0.0,20.0,18.582342,0.0,0.0,20.0,18.582342,0.0,0.0,0,0.0,0.1076,0.0,0,1,0.10762906,0.0,0,1,0.10762906,0.10762906,0.0,0.0,0.10762906,0.1076,Attack,Attack-TCP-Flag-ACK-PSH
20,0.0,0.0,1702932700.0,20,0.0,0.0,1702932700.0,20,0,0.0,0.0,20.0,62599,0.0,0.0,20.0,0.0,0.0,0.0,20.0,0.0,0.0,0.0,0,0.0,1702932700.0,0.0,0,0,1702932700.0,0.0,0,0,1702932700.0,1702932700.0,0.0,0.0,1702932700.0,1702932700.0,Attack,Attack-TCP-Flag-ACK-PSH
20,20.0,1.0,1702932700.0,20,20.0,0.0,1702932700.0,20,0,0.0,1702932700.0,20.0,0,0.0,1702932700.0,20.0,0.0,0.0,1702932700.0,20.0,0.0,0.0,1702932700.0,20,0.0,1702932700.0,1702932700.0,20,1,1702932700.0,1702932700.0,20,0,1702932700.0,0.0,20.0,0.0,1702932700.0,0.0,Attack,Attack-TCP-Flag-ACK-PSH
20,20.0,1.0,1702932700.0,20,20.0,0.0,1702932700.0,20,0,0.0,1702932700.0,20.0,0,0.0,1702932700.0,20.0,0.0,0.0,1702932700.0,20.0,0.0,0.0,1702932700.0,20,0.0,1702932700.0,1702932700.0,20,1,1702932700.0,1702932700.0,20,0,1702932700.0,0.0,20.0,0.0,1702932700.0,0.0,Attack,Attack-TCP-Flag-ACK-PSH
40,0.0,0.5,0.1108,20,0.0,0.0,0.1108,20,0,0.5,0.0,20.0,62594,0.0,0.0,20.0,18.047276,0.0,0.0,20.0,18.047276,0.0,0.0,0,0.0,0.1108,0.0,0,1,0.110820055,0.0,0,1,0.110820055,0.110820055,0.0,0.0,0.110820055,0.1108,Attack,Attack-TCP-Flag-ACK-PSH
40,0.0,0.5,0.1101,20,0.0,0.0,0.1101,20,0,0.5,0.0,20.0,62605,0.0,0.0,20.0,18.166597,0.0,0.0,20.0,18.166597,0.0,0.0,0,0.0,0.1101,0.0,0,1,0.11009216,0.0,0,1,0.11009216,0.11009216,0.0,0.0,0.11009216,0.1101,Attack,Attack-TCP-Flag-ACK-PSH
24,24.0,0.0,1702932700.0,24,24.0,1.0,1702932700.0,24,1024,0.0,1702932700.0,24.0,0,0.0,1702932700.0,24.0,0.0,1.0,1702932700.0,24.0,0.0,0.0,1702932700.0,24,0.0,1702932700.0,1702932700.0,24,0,1702932700.0,1702932700.0,24,0,1702932700.0,0.0,24.0,1.0,1702932700.0,0.0,Attack,Attack-TCP-Flag-ACK-PSH
40,0.0,0.5,0.1101,20,0.0,0.0,0.1101,20,0,0.5,0.0,20.0,62602,0.0,0.0,20.0,18.171753,0.0,0.0,20.0,18.171753,0.0,0.0,0,0.0,0.1101,0.0,0,1,0.11006093,0.0,0,1,0.11006093,0.11006093,0.0,0.0,0.11006093,0.1101,Attack,Attack-TCP-Flag-ACK-PSH
20,20.0,1.0,1702932700.0,20,20.0,0.0,1702932700.0,20,0,0.0,1702932700.0,20.0,0,0.0,1702932700.0,20.0,0.0,0.0,1702932700.0,20.0,0.0,0.0,1702932700.0,20,0.0,1702932700.0,1702932700.0,20,1,1702932700.0,1702932700.0,20,0,1702932700.0,0.0,20.0,0.0,1702932700.0,0.0,Attack,Attack-TCP-Flag-ACK-PSH
40,0.0,0.5,0.111,20,0.0,0.0,0.111,20,0,0.5,0.0,20.0,62594,0.0,0.0,20.0,18.019323,0.0,0.0,20.0,18.019323,0.0,0.0,0,0.0,0.111,0.0,0,1,0.110991955,0.0,0,1,0.110991955,0.110991955,0.0,0.0,0.110991955,0.111,Attack,Attack-TCP-Flag-ACK-PSH
40,0.0,0.5,0.1112,20,0.0,0.0,0.1112,20,0,0.5,0.0,20.0,62608,0.0,0.0,20.0,17.992231,0.0,0.0,20.0,17.992231,0.0,0.0,0,0.0,0.1112,0.0,0,1,0.111159086,0.0,0,1,0.111159086,0.111159086,0.0,0.0,0.111159086,0.1112,Attack,Attack-TCP-Flag-ACK-PSH
20,20.0,1.0,1702932700.0,20,20.0,0.0,1702932700.0,20,0,0.0,1702932700.0,20.0,0,0.0,1702932700.0,20.0,0.0,0.0,1702932700.0,20.0,0.0,0.0,1702932700.0,20,0.0,1702932700.0,1702932700.0,20,1,1702932700.0,1702932700.0,20,0,1702932700.0,0.0,20.0,0.0,1702932700.0,0.0,Attack,Attack-TCP-Flag-ACK-PSH
40,0.0,0.5,0.111,20,0.0,0.0,0.111,20,0,0.5,0.0,20.0,62590,0.0,0.0,20.0,18.01557,0.0,0.0,20.0,18.01557,0.0,0.0,0,0.0,0.111,0.0,0,1,0.11101508,0.0,0,1,0.11101508,0.11101508,0.0,0.0,0.11101508,0.111,Attack,Attack-TCP-Flag-ACK-PSH
40,20.0,0.5,1e-04,20,20.0,0.5,1e-04,20,1024,0.5,1702932700.0,20.0,0,0.0,1702932700.0,20.0,25343.227,1.0,1702932700.0,20.0,12671.613,0.0,1702932700.0,20,12671.613,1e-04,1702932700.0,20,1,7.891655e-05,1702932700.0,20,1,7.891655e-05,1702932700.0,20.0,0.5,7.891655e-05,1702932700.0,Attack,Attack-TCP-Flag-ACK-PSH
40,0.0,0.5,0.1109,20,0.0,0.0,0.1109,20,0,0.5,0.0,20.0,62592,0.0,0.0,20.0,18.042074,0.0,0.0,20.0,18.042074,0.0,0.0,0,0.0,0.1109,0.0,0,1,0.110852,0.0,0,1,0.110852,0.110852,0.0,0.0,0.110852,0.1109,Attack,Attack-TCP-Flag-ACK-PSH
40,0.0,0.5,0.1076,20,0.0,0.0,0.1076,20,0,0.5,0.0,20.0,62599,0.0,0.0,20.0,18.578884,0.0,0.0,20.0,18.578884,0.0,0.0,0,0.0,0.1076,0.0,0,1,0.10764909,0.0,0,1,0.10764909,0.10764909,0.0,0.0,0.10764909,0.1076,Attack,Attack-TCP-Flag-ACK-PSH
20,20.0,0.0,1702932700.0,20,20.0,0.0,1702932700.0,20,1025,0.0,1702932700.0,20.0,0,0.0,1702932700.0,20.0,0.0,0.0,1702932700.0,20.0,0.0,0.0,1702932700.0,20,0.0,1702932700.0,1702932700.0,20,0,1702932700.0,1702932700.0,20,0,1702932700.0,0.0,20.0,0.0,1702932700.0,0.0,Attack,Attack-TCP-Flag-ACK-PSH
40,0.0,0.5,0.1085,20,0.0,0.0,0.1085,20,0,0.5,0.0,20.0,62590,0.0,0.0,20.0,18.432693,0.0,0.0,20.0,18.432693,0.0,0.0,0,0.0,0.1085,0.0,0,1,0.108502865,0.0,0,1,0.108502865,0.108502865,0.0,0.0,0.108502865,0.1085,Attack,Attack-TCP-Flag-ACK-PSH
52,32.0,0.5,1e-04,32,32.0,0.5,1e-04,20,1024,0.5,1702932700.0,26.0,0,0.0,1702932700.0,26.0,16384.0,1.0,1702932700.0,20.0,8192.0,0.0,1702932700.0,32,8192.0,1e-04,1702932700.0,32,1,0.00012207031,1702932700.0,32,1,0.00012207031,1702932700.0,32.0,0.5,0.00012207031,1702932700.0,Attack,Attack-TCP-Flag-ACK-PSH
40,0.0,0.5,0.1111,20,0.0,0.0,0.1111,20,0,0.5,0.0,20.0,62608,0.0,0.0,20.0,18.00312,0.0,0.0,20.0,18.00312,0.0,0.0,0,0.0,0.1111,0.0,0,1,0.11109185,0.0,0,1,0.11109185,0.11109185,0.0,0.0,0.11109185,0.1111,Attack,Attack-TCP-Flag-ACK-PSH
40,0.0,0.5,0.1102,20,0.0,0.0,0.1102,20,0,0.5,0.0,20.0,62590,0.0,0.0,20.0,18.150127,0.0,0.0,20.0,18.150127,0.0,0.0,0,0.0,0.1102,0.0,0,1,0.11019206,0.0,0,1,0.11019206,0.11019206,0.0,0.0,0.11019206,0.1102,Attack,Attack-TCP-Flag-ACK-PSH
40,0.0,0.5,0.111,20,0.0,0.0,0.111,20,0,0.5,0.0,20.0,62594,0.0,0.0,20.0,18.014603,0.0,0.0,20.0,18.014603,0.0,0.0,0,0.0,0.111,0.0,0,1,0.11102104,0.0,0,1,0.11102104,0.11102104,0.0,0.0,0.11102104,0.111,Attack,Attack-TCP-Flag-ACK-PSH
32,0.0,0.0,1702932700.0,32,0.0,0.0,1702932700.0,32,0,0.0,0.0,32.0,8193,0.0,0.0,32.0,0.0,0.0,0.0,32.0,0.0,0.0,0.0,0,0.0,1702932700.0,0.0,0,0,1702932700.0,0.0,0,0,1702932700.0,1702932700.0,0.0,0.0,1702932700.0,1702932700.0,Attack,Attack-TCP-Flag-ACK-PSH
40,0.0,0.5,0.1114,20,0.0,0.0,0.1114,20,0,0.5,0.0,20.0,62594,0.0,0.0,20.0,17.950727,0.0,0.0,20.0,17.950727,0.0,0.0,0,0.0,0.1114,0.0,0,1,0.1114161,0.0,0,1,0.1114161,0.1114161,0.0,0.0,0.1114161,0.1114,Attack,Attack-TCP-Flag-ACK-PSH
40,0.0,0.5,0.111,20,0.0,0.0,0.111,20,0,0.5,0.0,20.0,62594,0.0,0.0,20.0,18.02401,0.0,0.0,20.0,18.02401,0.0,0.0,0,0.0,0.111,0.0,0,1,0.110963106,0.0,0,1,0.110963106,0.110963106,0.0,0.0,0.110963106,0.111,Attack,Attack-TCP-Flag-ACK-PSH
24,24.0,0.0,1702932700.0,24,24.0,1.0,1702932700.0,24,1024,0.0,1702932700.0,24.0,0,0.0,1702932700.0,24.0,0.0,1.0,1702932700.0,24.0,0.0,0.0,1702932700.0,24,0.0,1702932700.0,1702932700.0,24,0,1702932700.0,1702932700.0,24,0,1702932700.0,0.0,24.0,1.0,1702932700.0,0.0,Attack,Attack-TCP-Flag-ACK-PSH
40,0.0,0.5,0.1079,20,0.0,0.0,0.1079,20,0,0.5,0.0,20.0,62594,0.0,0.0,20.0,18.53361,0.0,0.0,20.0,18.53361,0.0,0.0,0,0.0,0.1079,0.0,0,1,0.10791206,0.0,0,1,0.10791206,0.10791206,0.0,0.0,0.10791206,0.1079,Attack,Attack-TCP-Flag-ACK-PSH
24,24.0,0.0,1702932700.0,24,24.0,1.0,1702932700.0,24,65535,0.0,1702932700.0,24.0,0,0.0,1702932700.0,24.0,0.0,1.0,1702932700.0,24.0,0.0,0.0,1702932700.0,24,0.0,1702932700.0,1702932700.0,24,0,1702932700.0,1702932700.0,24,0,1702932700.0,0.0,24.0,1.0,1702932700.0,0.0,Attack,Attack-TCP-Flag-ACK-PSH
40,0.0,0.5,0.1079,20,0.0,0.0,0.1079,20,0,0.5,0.0,20.0,62605,0.0,0.0,20.0,18.542007,0.0,0.0,20.0,18.542007,0.0,0.0,0,0.0,0.1079,0.0,0,1,0.10786319,0.0,0,1,0.10786319,0.10786319,0.0,0.0,0.10786319,0.1079,Attack,Attack-TCP-Flag-ACK-PSH
40,0.0,0.5,0.1111,20,0.0,0.0,0.1111,20,0,0.5,0.0,20.0,62602,0.0,0.0,20.0,17.994663,0.0,0.0,20.0,17.994663,0.0,0.0,0,0.0,0.1111,0.0,0,1,0.111144066,0.0,0,1,0.111144066,0.111144066,0.0,0.0,0.111144066,0.1111,Attack,Attack-TCP-Flag-ACK-PSH
24,24.0,0.0,1702932700.0,24,24.0,1.0,1702932700.0,24,65535,0.0,1702932700.0,24.0,0,0.0,1702932700.0,24.0,0.0,1.0,1702932700.0,24.0,0.0,0.0,1702932700.0,24,0.0,1702932700.0,1702932700.0,24,0,1702932700.0,1702932700.0,24,0,1702932700.0,0.0,24.0,1.0,1702932700.0,0.0,Attack,Attack-TCP-Flag-ACK-PSH
40,0.0,0.5,0.108,20,0.0,0.0,0.108,20,0,0.5,0.0,20.0,62594,0.0,0.0,20.0,18.51373,0.0,0.0,20.0,18.51373,0.0,0.0,0,0.0,0.108,0.0,0,1,0.108027935,0.0,0,1,0.108027935,0.108027935,0.0,0.0,0.108027935,0.108,Attack,Attack-TCP-Flag-ACK-PSH
24,24.0,0.0,1702932700.0,24,24.0,1.0,1702932700.0,24,1025,0.0,1702932700.0,24.0,0,0.0,1702932700.0,24.0,0.0,1.0,1702932700.0,24.0,0.0,0.0,1702932700.0,24,0.0,1702932700.0,1702932700.0,24,0,1702932700.0,1702932700.0,24,0,1702932700.0,0.0,24.0,1.0,1702932700.0,0.0,Attack,Attack-TCP-Flag-ACK-PSH
20,20.0,1.0,1702932700.0,20,20.0,0.0,1702932700.0,20,0,0.0,1702932700.0,20.0,0,0.0,1702932700.0,20.0,0.0,0.0,1702932700.0,20.0,0.0,0.0,1702932700.0,20,0.0,1702932700.0,1702932700.0,20,1,1702932700.0,1702932700.0,20,0,1702932700.0,0.0,20.0,0.0,1702932700.0,0.0,Attack,Attack-TCP-Flag-ACK-PSH
24,24.0,0.0,1702932700.0,24,24.0,1.0,1702932700.0,24,65535,0.0,1702932700.0,24.0,0,0.0,1702932700.0,24.0,0.0,1.0,1702932700.0,24.0,0.0,0.0,1702932700.0,24,0.0,1702932700.0,1702932700.0,24,0,1702932700.0,1702932700.0,24,0,1702932700.0,0.0,24.0,1.0,1702932700.0,0.0,Attack,Attack-TCP-Flag-ACK-PSH
40,20.0,0.5,0.0003,20,20.0,0.5,0.0003,20,1024,0.5,1702932700.0,20.0,0,0.0,1702932700.0,20.0,6083.1094,1.0,1702932700.0,20.0,3041.5547,0.0,1702932700.0,20,3041.5547,0.0003,1702932700.0,20,1,0.00032877922,1702932700.0,20,1,0.00032877922,1702932700.0,20.0,0.5,0.00032877922,1702932700.0,Attack,Attack-TCP-Flag-ACK-PSH
24,24.0,0.0,1702932700.0,24,24.0,1.0,1702932700.0,24,65535,0.0,1702932700.0,24.0,0,0.0,1702932700.0,24.0,0.0,1.0,1702932700.0,24.0,0.0,0.0,1702932700.0,24,0.0,1702932700.0,1702932700.0,24,0,1702932700.0,1702932700.0,24,0,1702932700.0,0.0,24.0,1.0,1702932700.0,0.0,Attack,Attack-TCP-Flag-ACK-PSH
40,0.0,0.5,0.1109,20,0.0,0.0,0.1109,20,0,0.5,0.0,20.0,62608,0.0,0.0,20.0,18.038504,0.0,0.0,20.0,18.038504,0.0,0.0,0,0.0,0.1109,0.0,0,1,0.11087394,0.0,0,1,0.11087394,0.11087394,0.0,0.0,0.11087394,0.1109,Attack,Attack-TCP-Flag-ACK-PSH
40,0.0,0.5,0.111,20,0.0,0.0,0.111,20,0,0.5,0.0,20.0,62594,0.0,0.0,20.0,18.010233,0.0,0.0,20.0,18.010233,0.0,0.0,0,0.0,0.111,0.0,0,1,0.11104798,0.0,0,1,0.11104798,0.11104798,0.0,0.0,0.11104798,0.111,Attack,Attack-TCP-Flag-ACK-PSH
40,0.0,0.5,0.1078,20,0.0,0.0,0.1078,20,0,0.5,0.0,20.0,62599,0.0,0.0,20.0,18.56096,0.0,0.0,20.0,18.56096,0.0,0.0,0,0.0,0.1078,0.0,0,1,0.10775304,0.0,0,1,0.10775304,0.10775304,0.0,0.0,0.10775304,0.1078,Attack,Attack-TCP-Flag-ACK-PSH
20,20.0,1.0,1702932700.0,20,20.0,0.0,1702932700.0,20,0,0.0,1702932700.0,20.0,0,0.0,1702932700.0,20.0,0.0,0.0,1702932700.0,20.0,0.0,0.0,1702932700.0,20,0.0,1702932700.0,1702932700.0,20,1,1702932700.0,1702932700.0,20,0,1702932700.0,0.0,20.0,0.0,1702932700.0,0.0,Attack,Attack-TCP-Flag-ACK-PSH
52,32.0,0.5,1e-04,32,32.0,0.5,1e-04,20,1024,0.5,1702932700.0,26.0,0,0.0,1702932700.0,26.0,15505.745,1.0,1702932700.0,20.0,7752.8726,0.0,1702932700.0,32,7752.8726,1e-04,1702932700.0,32,1,0.00012898445,1702932700.0,32,1,0.00012898445,1702932700.0,32.0,0.5,0.00012898445,1702932700.0,Attack,Attack-TCP-Flag-ACK-PSH
60,40.0,0.5,0.0002,40,40.0,0.5,0.0002,20,64240,0.5,1702932700.0,30.0,0,0.0,1702932700.0,30.0,13148.288,1.0,1702932700.0,20.0,6574.144,0.0,1702932700.0,40,6574.144,0.0002,1702932700.0,40,1,0.00015211105,1702932700.0,40,1,0.00015211105,1702932700.0,40.0,0.5,0.00015211105,1702932700.0,Attack,Attack-TCP-Flag-ACK-PSH
20,20.0,1.0,1702932700.0,20,20.0,0.0,1702932700.0,20,0,0.0,1702932700.0,20.0,0,0.0,1702932700.0,20.0,0.0,0.0,1702932700.0,20.0,0.0,0.0,1702932700.0,20,0.0,1702932700.0,1702932700.0,20,1,1702932700.0,1702932700.0,20,0,1702932700.0,0.0,20.0,0.0,1702932700.0,0.0,Attack,Attack-TCP-Flag-ACK-PSH
20,20.0,1.0,1702932700.0,20,20.0,0.0,1702932700.0,20,1200,0.0,1702932700.0,20.0,0,0.0,1702932700.0,20.0,0.0,0.0,1702932700.0,20.0,0.0,0.0,1702932700.0,20,0.0,1702932700.0,1702932700.0,20,1,1702932700.0,1702932700.0,20,0,1702932700.0,0.0,20.0,0.0,1702932700.0,0.0,Attack,Attack-TCP-Flag-ACK-PSH
20,20.0,0.0,1702932700.0,20,20.0,1.0,1702932700.0,20,1024,0.0,1702932700.0,20.0,0,0.0,1702932700.0,20.0,0.0,1.0,1702932700.0,20.0,0.0,0.0,1702932700.0,20,0.0,1702932700.0,1702932700.0,20,0,1702932700.0,1702932700.0,20,0,1702932700.0,0.0,20.0,1.0,1702932700.0,0.0,Attack,Attack-TCP-Flag-ACK-PSH
40,0.0,0.5,0.1076,20,0.0,0.0,0.1076,20,0,0.5,0.0,20.0,62602,0.0,0.0,20.0,18.58856,0.0,0.0,20.0,18.58856,0.0,0.0,0,0.0,0.1076,0.0,0,1,0.10759306,0.0,0,1,0.10759306,0.10759306,0.0,0.0,0.10759306,0.1076,Attack,Attack-TCP-Flag-ACK-PSH
20,20.0,1.0,1702932700.0,20,20.0,0.0,1702932700.0,20,0,0.0,1702932700.0,20.0,0,0.0,1702932700.0,20.0,0.0,0.0,1702932700.0,20.0,0.0,0.0,1702932700.0,20,0.0,1702932700.0,1702932700.0,20,1,1702932700.0,1702932700.0,20,0,1702932700.0,0.0,20.0,0.0,1702932700.0,0.0,Attack,Attack-TCP-Flag-ACK-PSH
40,0.0,0.5,0.1076,20,0.0,0.0,0.1076,20,0,0.5,0.0,20.0,62594,0.0,0.0,20.0,18.580448,0.0,0.0,20.0,18.580448,0.0,0.0,0,0.0,0.1076,0.0,0,1,0.10764003,0.0,0,1,0.10764003,0.10764003,0.0,0.0,0.10764003,0.1076,Attack,Attack-TCP-Flag-ACK-PSH
40,0.0,0.5,0.1107,20,0.0,0.0,0.1107,20,0,0.5,0.0,20.0,62605,0.0,0.0,20.0,18.059864,0.0,0.0,20.0,18.059864,0.0,0.0,0,0.0,0.1107,0.0,0,1,0.11074281,0.0,0,1,0.11074281,0.11074281,0.0,0.0,0.11074281,0.1107,Attack,Attack-TCP-Flag-ACK-PSH
40,0.0,0.5,0.108,20,0.0,0.0,0.108,20,0,0.5,0.0,20.0,62611,0.0,0.0,20.0,18.513199,0.0,0.0,20.0,18.513199,0.0,0.0,0,0.0,0.108,0.0,0,1,0.108031034,0.0,0,1,0.108031034,0.108031034,0.0,0.0,0.108031034,0.108,Attack,Attack-TCP-Flag-ACK-PSH
32,0.0,0.0,1702932700.0,32,0.0,0.0,1702932700.0,32,0,0.0,0.0,32.0,8193,0.0,0.0,32.0,0.0,0.0,0.0,32.0,0.0,0.0,0.0,0,0.0,1702932700.0,0.0,0,0,1702932700.0,0.0,0,0,1702932700.0,1702932700.0,0.0,0.0,1702932700.0,1702932700.0,Attack,Attack-TCP-Flag-ACK-PSH
40,0.0,0.5,0.1108,20,0.0,0.0,0.1108,20,0,0.5,0.0,20.0,62599,0.0,0.0,20.0,18.046148,0.0,0.0,20.0,18.046148,0.0,0.0,0,0.0,0.1108,0.0,0,1,0.11082697,0.0,0,1,0.11082697,0.11082697,0.0,0.0,0.11082697,0.1108,Attack,Attack-TCP-Flag-ACK-PSH
40,0.0,0.5,0.111,20,0.0,0.0,0.111,20,0,0.5,0.0,20.0,62602,0.0,0.0,20.0,18.018356,0.0,0.0,20.0,18.018356,0.0,0.0,0,0.0,0.111,0.0,0,1,0.110997915,0.0,0,1,0.110997915,0.110997915,0.0,0.0,0.110997915,0.111,Attack,Attack-TCP-Flag-ACK-PSH
24,24.0,0.0,1702932700.0,24,24.0,1.0,1702932700.0,24,65535,0.0,1702932700.0,24.0,0,0.0,1702932700.0,24.0,0.0,1.0,1702932700.0,24.0,0.0,0.0,1702932700.0,24,0.0,1702932700.0,1702932700.0,24,0,1702932700.0,1702932700.0,24,0,1702932700.0,0.0,24.0,1.0,1702932700.0,0.0,Attack,Attack-TCP-Flag-ACK-PSH
40,0.0,0.5,0.1063,20,0.0,0.0,0.1063,20,0,0.5,0.0,20.0,62608,0.0,0.0,20.0,18.814486,0.0,0.0,20.0,18.814486,0.0,0.0,0,0.0,0.1063,0.0,0,1,0.10630107,0.0,0,1,0.10630107,0.10630107,0.0,0.0,0.10630107,0.1063,Attack,Attack-TCP-Flag-ACK-PSH
24,24.0,0.0,1702932700.0,24,24.0,1.0,1702932700.0,24,1025,0.0,1702932700.0,24.0,0,0.0,1702932700.0,24.0,0.0,1.0,1702932700.0,24.0,0.0,0.0,1702932700.0,24,0.0,1702932700.0,1702932700.0,24,0,1702932700.0,1702932700.0,24,0,1702932700.0,0.0,24.0,1.0,1702932700.0,0.0,Attack,Attack-TCP-Flag-ACK-PSH
40,0.0,0.5,0.1112,20,0.0,0.0,0.1112,20,0,0.5,0.0,20.0,62599,0.0,0.0,20.0,17.987871,0.0,0.0,20.0,17.987871,0.0,0.0,0,0.0,0.1112,0.0,0,1,0.11118603,0.0,0,1,0.11118603,0.11118603,0.0,0.0,0.11118603,0.1112,Attack,Attack-TCP-Flag-ACK-PSH
20,20.0,1.0,1702932700.0,20,20.0,0.0,1702932700.0,20,0,0.0,1702932700.0,20.0,0,0.0,1702932700.0,20.0,0.0,0.0,1702932700.0,20.0,0.0,0.0,1702932700.0,20,0.0,1702932700.0,1702932700.0,20,1,1702932700.0,1702932700.0,20,0,1702932700.0,0.0,20.0,0.0,1702932700.0,0.0,Attack,Attack-TCP-Flag-ACK-PSH
40,0.0,0.5,0.1061,20,0.0,0.0,0.1061,20,0,0.5,0.0,20.0,62599,0.0,0.0,20.0,18.84678,0.0,0.0,20.0,18.84678,0.0,0.0,0,0.0,0.1061,0.0,0,1,0.10611892,0.0,0,1,0.10611892,0.10611892,0.0,0.0,0.10611892,0.1061,Attack,Attack-TCP-Flag-ACK-PSH
40,0.0,0.5,0.111,20,0.0,0.0,0.111,20,0,0.5,0.0,20.0,62605,0.0,0.0,20.0,18.02548,0.0,0.0,20.0,18.02548,0.0,0.0,0,0.0,0.111,0.0,0,1,0.110954046,0.0,0,1,0.110954046,0.110954046,0.0,0.0,0.110954046,0.111,Attack,Attack-TCP-Flag-ACK-PSH
40,0.0,0.5,0.1093,20,0.0,0.0,0.1093,20,0,0.5,0.0,20.0,62602,0.0,0.0,20.0,18.291098,0.0,0.0,20.0,18.291098,0.0,0.0,0,0.0,0.1093,0.0,0,1,0.10934281,0.0,0,1,0.10934281,0.10934281,0.0,0.0,0.10934281,0.1093,Attack,Attack-TCP-Flag-ACK-PSH
24,24.0,0.0,1702932700.0,24,24.0,1.0,1702932700.0,24,1024,0.0,1702932700.0,24.0,0,0.0,1702932700.0,24.0,0.0,1.0,1702932700.0,24.0,0.0,0.0,1702932700.0,24,0.0,1702932700.0,1702932700.0,24,0,1702932700.0,1702932700.0,24,0,1702932700.0,0.0,24.0,1.0,1702932700.0,0.0,Attack,Attack-TCP-Flag-ACK-PSH
24,24.0,0.0,1702932700.0,24,24.0,1.0,1702932700.0,24,1025,0.0,1702932700.0,24.0,0,0.0,1702932700.0,24.0,0.0,1.0,1702932700.0,24.0,0.0,0.0,1702932700.0,24,0.0,1702932700.0,1702932700.0,24,0,1702932700.0,1702932700.0,24,0,1702932700.0,0.0,24.0,1.0,1702932700.0,0.0,Attack,Attack-TCP-Flag-ACK-PSH
20,20.0,1.0,1702932700.0,20,20.0,0.0,1702932700.0,20,0,0.0,1702932700.0,20.0,0,0.0,1702932700.0,20.0,0.0,0.0,1702932700.0,20.0,0.0,0.0,1702932700.0,20,0.0,1702932700.0,1702932700.0,20,1,1702932700.0,1702932700.0,20,0,1702932700.0,0.0,20.0,0.0,1702932700.0,0.0,Attack,Attack-TCP-Flag-ACK-PSH
40,0.0,0.5,0.111,20,0.0,0.0,0.111,20,0,0.5,0.0,20.0,62588,0.0,0.0,20.0,18.013985,0.0,0.0,20.0,18.013985,0.0,0.0,0,0.0,0.111,0.0,0,1,0.11102486,0.0,0,1,0.11102486,0.11102486,0.0,0.0,0.11102486,0.111,Attack,Attack-TCP-Flag-ACK-PSH
40,20.0,0.5,1e-04,20,20.0,0.5,1e-04,20,1024,0.5,1702932700.0,20.0,0,0.0,1702932700.0,20.0,29330.797,1.0,1702932700.0,20.0,14665.398,0.0,1702932700.0,20,14665.398,1e-04,1702932700.0,20,1,6.818771e-05,1702932700.0,20,1,6.818771e-05,1702932700.0,20.0,0.5,6.818771e-05,1702932700.0,Attack,Attack-TCP-Flag-ACK-PSH
40,0.0,0.5,0.1078,20,0.0,0.0,0.1078,20,0,0.5,0.0,20.0,62594,0.0,0.0,20.0,18.55066,0.0,0.0,20.0,18.55066,0.0,0.0,0,0.0,0.1078,0.0,0,1,0.10781288,0.0,0,1,0.10781288,0.10781288,0.0,0.0,0.10781288,0.1078,Attack,Attack-TCP-Flag-ACK-PSH
40,0.0,0.5,0.1111,20,0.0,0.0,0.1111,20,0,0.5,0.0,20.0,62602,0.0,0.0,20.0,18.004047,0.0,0.0,20.0,18.004047,0.0,0.0,0,0.0,0.1111,0.0,0,1,0.11108613,0.0,0,1,0.11108613,0.11108613,0.0,0.0,0.11108613,0.1111,Attack,Attack-TCP-Flag-ACK-PSH
20,20.0,1.0,1702932700.0,20,20.0,0.0,1702932700.0,20,0,0.0,1702932700.0,20.0,0,0.0,1702932700.0,20.0,0.0,0.0,1702932700.0,20.0,0.0,0.0,1702932700.0,20,0.0,1702932700.0,1702932700.0,20,1,1702932700.0,1702932700.0,20,0,1702932700.0,0.0,20.0,0.0,1702932700.0,0.0,Attack,Attack-TCP-Flag-ACK-PSH
20,20.0,1.0,1702932700.0,20,20.0,0.0,1702932700.0,20,0,0.0,1702932700.0,20.0,0,0.0,1702932700.0,20.0,0.0,0.0,1702932700.0,20.0,0.0,0.0,1702932700.0,20,0.0,1702932700.0,1702932700.0,20,1,1702932700.0,1702932700.0,20,0,1702932700.0,0.0,20.0,0.0,1702932700.0,0.0,Attack,Attack-TCP-Flag-ACK-PSH
20,20.0,1.0,1702932700.0,20,20.0,0.0,1702932700.0,20,0,0.0,1702932700.0,20.0,0,0.0,1702932700.0,20.0,0.0,0.0,1702932700.0,20.0,0.0,0.0,1702932700.0,20,0.0,1702932700.0,1702932700.0,20,1,1702932700.0,1702932700.0,20,0,1702932700.0,0.0,20.0,0.0,1702932700.0,0.0,Attack,Attack-TCP-Flag-ACK-PSH
40,0.0,0.5,0.107,20,0.0,0.0,0.107,20,0,0.5,0.0,20.0,62611,0.0,0.0,20.0,18.698027,0.0,0.0,20.0,18.698027,0.0,0.0,0,0.0,0.107,0.0,0,1,0.10696316,0.0,0,1,0.10696316,0.10696316,0.0,0.0,0.10696316,0.107,Attack,Attack-TCP-Flag-ACK-PSH
24,24.0,0.0,1702932700.0,24,24.0,1.0,1702932700.0,24,65535,0.0,1702932700.0,24.0,0,0.0,1702932700.0,24.0,0.0,1.0,1702932700.0,24.0,0.0,0.0,1702932700.0,24,0.0,1702932700.0,1702932700.0,24,0,1702932700.0,1702932700.0,24,0,1702932700.0,0.0,24.0,1.0,1702932700.0,0.0,Attack,Attack-TCP-Flag-ACK-PSH
24,24.0,0.0,1702932700.0,24,24.0,1.0,1702932700.0,24,65535,0.0,1702932700.0,24.0,0,0.0,1702932700.0,24.0,0.0,1.0,1702932700.0,24.0,0.0,0.0,1702932700.0,24,0.0,1702932700.0,1702932700.0,24,0,1702932700.0,1702932700.0,24,0,1702932700.0,0.0,24.0,1.0,1702932700.0,0.0,Attack,Attack-TCP-Flag-ACK-PSH
40,20.0,0.5,0.0002,20,20.0,0.5,0.0002,20,1024,0.5,1702932700.0,20.0,0,0.0,1702932700.0,20.0,11491.244,1.0,1702932700.0,20.0,5745.622,0.0,1702932700.0,20,5745.622,0.0002,1702932700.0,20,1,0.00017404556,1702932700.0,20,1,0.00017404556,1702932700.0,20.0,0.5,0.00017404556,1702932700.0,Attack,Attack-TCP-Flag-ACK-PSH
40,0.0,0.5,0.1109,20,0.0,0.0,0.1109,20,0,0.5,0.0,20.0,62602,0.0,0.0,20.0,18.035906,0.0,0.0,20.0,18.035906,0.0,0.0,0,0.0,0.1109,0.0,0,1,0.11088991,0.0,0,1,0.11088991,0.11088991,0.0,0.0,0.11088991,0.1109,Attack,Attack-TCP-Flag-ACK-PSH
32,0.0,0.0,1702932700.0,32,0.0,0.0,1702932700.0,32,0,0.0,0.0,32.0,8193,0.0,0.0,32.0,0.0,0.0,0.0,32.0,0.0,0.0,0.0,0,0.0,1702932700.0,0.0,0,0,1702932700.0,0.0,0,0,1702932700.0,1702932700.0,0.0,0.0,1702932700.0,1702932700.0,Attack,Attack-TCP-Flag-ACK-PSH
20,20.0,0.0,1702932700.0,20,20.0,1.0,1702932700.0,20,1024,0.0,1702932700.0,20.0,0,0.0,1702932700.0,20.0,0.0,1.0,1702932700.0,20.0,0.0,0.0,1702932700.0,20,0.0,1702932700.0,1702932700.0,20,0,1702932700.0,1702932700.0,20,0,1702932700.0,0.0,20.0,1.0,1702932700.0,0.0,Attack,Attack-TCP-Flag-ACK-PSH
20,20.0,1.0,1702932700.0,20,20.0,0.0,1702932700.0,20,0,0.0,1702932700.0,20.0,0,0.0,1702932700.0,20.0,0.0,0.0,1702932700.0,20.0,0.0,0.0,1702932700.0,20,0.0,1702932700.0,1702932700.0,20,1,1702932700.0,1702932700.0,20,0,1702932700.0,0.0,20.0,0.0,1702932700.0,0.0,Attack,Attack-TCP-Flag-ACK-PSH
20,20.0,1.0,1702932700.0,20,20.0,0.0,1702932700.0,20,0,0.0,1702932700.0,20.0,0,0.0,1702932700.0,20.0,0.0,0.0,1702932700.0,20.0,0.0,0.0,1702932700.0,20,0.0,1702932700.0,1702932700.0,20,1,1702932700.0,1702932700.0,20,0,1702932700.0,0.0,20.0,0.0,1702932700.0,0.0,Attack,Attack-TCP-Flag-ACK-PSH
40,0.0,0.5,0.1108,20,0.0,0.0,0.1108,20,0,0.5,0.0,20.0,62605,0.0,0.0,20.0,18.055277,0.0,0.0,20.0,18.055277,0.0,0.0,0,0.0,0.1108,0.0,0,1,0.11077094,0.0,0,1,0.11077094,0.11077094,0.0,0.0,0.11077094,0.1108,Attack,Attack-TCP-Flag-ACK-PSH
40,0.0,0.5,0.111,20,0.0,0.0,0.111,20,0,0.5,0.0,20.0,62590,0.0,0.0,20.0,18.019634,0.0,0.0,20.0,18.019634,0.0,0.0,0,0.0,0.111,0.0,0,1,0.11099005,0.0,0,1,0.11099005,0.11099005,0.0,0.0,0.11099005,0.111,Attack,Attack-TCP-Flag-ACK-PSH
40,0.0,0.5,0.1108,20,0.0,0.0,0.1108,20,0,0.5,0.0,20.0,62594,0.0,0.0,20.0,18.042734,0.0,0.0,20.0,18.042734,0.0,0.0,0,0.0,0.1108,0.0,0,1,0.11084795,0.0,0,1,0.11084795,0.11084795,0.0,0.0,0.11084795,0.1108,Attack,Attack-TCP-Flag-ACK-PSH
20,20.0,1.0,1702932700.0,20,20.0,0.0,1702932700.0,20,1200,0.0,1702932700.0,20.0,0,0.0,1702932700.0,20.0,0.0,0.0,1702932700.0,20.0,0.0,0.0,1702932700.0,20,0.0,1702932700.0,1702932700.0,20,1,1702932700.0,1702932700.0,20,0,1702932700.0,0.0,20.0,0.0,1702932700.0,0.0,Attack,Attack-TCP-Flag-ACK-PSH
40,0.0,0.5,0.1078,20,0.0,0.0,0.1078,20,0,0.5,0.0,20.0,62599,0.0,0.0,20.0,18.545984,0.0,0.0,20.0,18.545984,0.0,0.0,0,0.0,0.1078,0.0,0,1,0.10784006,0.0,0,1,0.10784006,0.10784006,0.0,0.0,0.10784006,0.1078,Attack,Attack-TCP-Flag-ACK-PSH
40,0.0,0.5,0.1109,20,0.0,0.0,0.1109,20,0,0.5,0.0,20.0,62594,0.0,0.0,20.0,18.031525,0.0,0.0,20.0,18.031525,0.0,0.0,0,0.0,0.1109,0.0,0,1,0.11091685,0.0,0,1,0.11091685,0.11091685,0.0,0.0,0.11091685,0.1109,Attack,Attack-TCP-Flag-ACK-PSH
40,0.0,0.5,0.111,20,0.0,0.0,0.111,20,0,0.5,0.0,20.0,62599,0.0,0.0,20.0,18.011856,0.0,0.0,20.0,18.011856,0.0,0.0,0,0.0,0.111,0.0,0,1,0.11103797,0.0,0,1,0.11103797,0.11103797,0.0,0.0,0.11103797,0.111,Attack,Attack-TCP-Flag-ACK-PSH
60,40.0,0.5,1e-04,40,40.0,0.5,1e-04,20,64240,0.5,1702932700.0,30.0,0,0.0,1702932700.0,30.0,20410.238,1.0,1702932700.0,20.0,10205.119,0.0,1702932700.0,40,10205.119,1e-04,1702932700.0,40,1,9.7990036e-05,1702932700.0,40,1,9.7990036e-05,1702932700.0,40.0,0.5,9.7990036e-05,1702932700.0,Attack,Attack-TCP-Flag-ACK-PSH
40,0.0,0.5,0.1111,20,0.0,0.0,0.1111,20,0,0.5,0.0,20.0,62605,0.0,0.0,20.0,18.003931,0.0,0.0,20.0,18.003931,0.0,0.0,0,0.0,0.1111,0.0,0,1,0.111086845,0.0,0,1,0.111086845,0.111086845,0.0,0.0,0.111086845,0.1111,Attack,Attack-TCP-Flag-ACK-PSH
20,20.0,1.0,1702932900.0,20,20.0,0.0,1702932900.0,20,1200,0.0,1702932900.0,20.0,0,0.0,1702932900.0,20.0,0.0,0.0,1702932900.0,20.0,0.0,0.0,1702932900.0,20,0.0,1702932900.0,1702932900.0,20,1,1702932900.0,1702932900.0,20,0,1702932900.0,0.0,20.0,0.0,1702932900.0,0.0,Attack,Attack-TCP-Flag-ACK-PSH
24,24.0,0.0,1702932900.0,24,24.0,1.0,1702932900.0,24,65535,0.0,1702932900.0,24.0,0,0.0,1702932900.0,24.0,0.0,1.0,1702932900.0,24.0,0.0,0.0,1702932900.0,24,0.0,1702932900.0,1702932900.0,24,0,1702932900.0,1702932900.0,24,0,1702932900.0,0.0,24.0,1.0,1702932900.0,0.0,Attack,Attack-TCP-Flag-ACK-PSH
20,20.0,1.0,1702932900.0,20,20.0,0.0,1702932900.0,20,0,0.0,1702932900.0,20.0,0,0.0,1702932900.0,20.0,0.0,0.0,1702932900.0,20.0,0.0,0.0,1702932900.0,20,0.0,1702932900.0,1702932900.0,20,1,1702932900.0,1702932900.0,20,0,1702932900.0,0.0,20.0,0.0,1702932900.0,0.0,Attack,Attack-TCP-Flag-ACK-PSH
40,0.0,0.5,0.1109,20,0.0,0.0,0.1109,20,0,0.5,0.0,20.0,62592,0.0,0.0,20.0,18.034937,0.0,0.0,20.0,18.034937,0.0,0.0,0,0.0,0.1109,0.0,0,1,0.11089587,0.0,0,1,0.11089587,0.11089587,0.0,0.0,0.11089587,0.1109,Attack,Attack-TCP-Flag-ACK-PSH
40,0.0,0.5,0.1104,20,0.0,0.0,0.1104,20,0,0.5,0.0,20.0,62596,0.0,0.0,20.0,18.11857,0.0,0.0,20.0,18.11857,0.0,0.0,0,0.0,0.1104,0.0,0,1,0.11038399,0.0,0,1,0.11038399,0.11038399,0.0,0.0,0.11038399,0.1104,Attack,Attack-TCP-Flag-ACK-PSH
40,0.0,0.5,0.1112,20,0.0,0.0,0.1112,20,0,0.5,0.0,20.0,62599,0.0,0.0,20.0,17.986599,0.0,0.0,20.0,17.986599,0.0,0.0,0,0.0,0.1112,0.0,0,1,0.111193895,0.0,0,1,0.111193895,0.111193895,0.0,0.0,0.111193895,0.1112,Attack,Attack-TCP-Flag-ACK-PSH
40,0.0,0.5,0.1112,20,0.0,0.0,0.1112,20,0,0.5,0.0,20.0,62608,0.0,0.0,20.0,17.990149,0.0,0.0,20.0,17.990149,0.0,0.0,0,0.0,0.1112,0.0,0,1,0.11117196,0.0,0,1,0.11117196,0.11117196,0.0,0.0,0.11117196,0.1112,Attack,Attack-TCP-Flag-ACK-PSH
24,24.0,0.0,1702932900.0,24,24.0,1.0,1702932900.0,24,65535,0.0,1702932900.0,24.0,0,0.0,1702932900.0,24.0,0.0,1.0,1702932900.0,24.0,0.0,0.0,1702932900.0,24,0.0,1702932900.0,1702932900.0,24,0,1702932900.0,1702932900.0,24,0,1702932900.0,0.0,24.0,1.0,1702932900.0,0.0,Attack,Attack-TCP-Flag-ACK-PSH
20,20.0,1.0,1702932900.0,20,20.0,0.0,1702932900.0,20,0,0.0,1702932900.0,20.0,0,0.0,1702932900.0,20.0,0.0,0.0,1702932900.0,20.0,0.0,0.0,1702932900.0,20,0.0,1702932900.0,1702932900.0,20,1,1702932900.0,1702932900.0,20,0,1702932900.0,0.0,20.0,0.0,1702932900.0,0.0,Attack,Attack-TCP-Flag-ACK-PSH
24,24.0,0.0,1702932900.0,24,24.0,1.0,1702932900.0,24,65535,0.0,1702932900.0,24.0,0,0.0,1702932900.0,24.0,0.0,1.0,1702932900.0,24.0,0.0,0.0,1702932900.0,24,0.0,1702932900.0,1702932900.0,24,0,1702932900.0,1702932900.0,24,0,1702932900.0,0.0,24.0,1.0,1702932900.0,0.0,Attack,Attack-TCP-Flag-ACK-PSH
20,20.0,1.0,1702932900.0,20,20.0,0.0,1702932900.0,20,0,0.0,1702932900.0,20.0,0,0.0,1702932900.0,20.0,0.0,0.0,1702932900.0,20.0,0.0,0.0,1702932900.0,20,0.0,1702932900.0,1702932900.0,20,1,1702932900.0,1702932900.0,20,0,1702932900.0,0.0,20.0,0.0,1702932900.0,0.0,Attack,Attack-TCP-Flag-ACK-PSH
20,20.0,1.0,1702932900.0,20,20.0,0.0,1702932900.0,20,0,0.0,1702932900.0,20.0,0,0.0,1702932900.0,20.0,0.0,0.0,1702932900.0,20.0,0.0,0.0,1702932900.0,20,0.0,1702932900.0,1702932900.0,20,1,1702932900.0,1702932900.0,20,0,1702932900.0,0.0,20.0,0.0,1702932900.0,0.0,Attack,Attack-TCP-Flag-ACK-PSH
40,0.0,0.5,0.1107,20,0.0,0.0,0.1107,20,0,0.5,0.0,20.0,62596,0.0,0.0,20.0,18.071068,0.0,0.0,20.0,18.071068,0.0,0.0,0,0.0,0.1107,0.0,0,1,0.11067414,0.0,0,1,0.11067414,0.11067414,0.0,0.0,0.11067414,0.1107,Attack,Attack-TCP-Flag-ACK-PSH
32,0.0,0.0,1702932900.0,32,0.0,0.0,1702932900.0,32,0,0.0,0.0,32.0,8193,0.0,0.0,32.0,0.0,0.0,0.0,32.0,0.0,0.0,0.0,0,0.0,1702932900.0,0.0,0,0,1702932900.0,0.0,0,0,1702932900.0,1702932900.0,0.0,0.0,1702932900.0,1702932900.0,Attack,Attack-TCP-Flag-ACK-PSH
40,0.0,0.5,0.1079,20,0.0,0.0,0.1079,20,0,0.5,0.0,20.0,62614,0.0,0.0,20.0,18.52882,0.0,0.0,20.0,18.52882,0.0,0.0,0,0.0,0.1079,0.0,0,1,0.10793996,0.0,0,1,0.10793996,0.10793996,0.0,0.0,0.10793996,0.1079,Attack,Attack-TCP-Flag-ACK-PSH
40,0.0,0.5,0.1109,20,0.0,0.0,0.1109,20,0,0.5,0.0,20.0,62596,0.0,0.0,20.0,18.038969,0.0,0.0,20.0,18.038969,0.0,0.0,0,0.0,0.1109,0.0,0,1,0.11087108,0.0,0,1,0.11087108,0.11087108,0.0,0.0,0.11087108,0.1109,Attack,Attack-TCP-Flag-ACK-PSH
40,0.0,0.5,0.1109,20,0.0,0.0,0.1109,20,0,0.5,0.0,20.0,62605,0.0,0.0,20.0,18.038815,0.0,0.0,20.0,18.038815,0.0,0.0,0,0.0,0.1109,0.0,0,1,0.11087203,0.0,0,1,0.11087203,0.11087203,0.0,0.0,0.11087203,0.1109,Attack,Attack-TCP-Flag-ACK-PSH
40,0.0,0.5,0.111,20,0.0,0.0,0.111,20,0,0.5,0.0,20.0,62602,0.0,0.0,20.0,18.02304,0.0,0.0,20.0,18.02304,0.0,0.0,0,0.0,0.111,0.0,0,1,0.11096907,0.0,0,1,0.11096907,0.11096907,0.0,0.0,0.11096907,0.111,Attack,Attack-TCP-Flag-ACK-PSH
24,24.0,0.0,1702932900.0,24,24.0,1.0,1702932900.0,24,65535,0.0,1702932900.0,24.0,0,0.0,1702932900.0,24.0,0.0,1.0,1702932900.0,24.0,0.0,0.0,1702932900.0,24,0.0,1702932900.0,1702932900.0,24,0,1702932900.0,1702932900.0,24,0,1702932900.0,0.0,24.0,1.0,1702932900.0,0.0,Attack,Attack-TCP-Flag-ACK-PSH
40,20.0,0.5,1e-04,20,20.0,0.5,1e-04,20,1024,0.5,1702933100.0,20.0,0,0.0,1702933100.0,20.0,20410.238,1.0,1702933100.0,20.0,10205.119,0.0,1702933100.0,20,10205.119,1e-04,1702933100.0,20,1,9.7990036e-05,1702933100.0,20,1,9.7990036e-05,1702933100.0,20.0,0.5,9.7990036e-05,1702933100.0,Attack,Attack-TCP-Flag-ACK-PSH
40,20.0,0.5,1e-04,20,20.0,0.5,1e-04,20,1024,0.5,1702933100.0,20.0,0,0.0,1702933100.0,20.0,18157.16,1.0,1702933100.0,20.0,9078.58,0.0,1702933100.0,20,9078.58,1e-04,1702933100.0,20,1,0.00011014938,1702933100.0,20,1,0.00011014938,1702933100.0,20.0,0.5,0.00011014938,1702933100.0,Attack,Attack-TCP-Flag-ACK-PSH
160,20.0,0.125,0.0438,20,20.0,0.0,0.0,20,253,0.0,0.3064,20.0,63390,0.8,1.1135609,20.0,6.5276117,0.0,2.5987625e-05,20.0,2.4478545,0.6666667,1.225563,100,4.0797577,0.1751,0.056,20,1,0.958575,0.0,20,0,2.5987625e-05,1.1135931,20.0,0.0,1.225563,0.155,Attack,Attack-TCP-Flag-ACK-PSH
260,20.0,0.07692308,0.0409,20,20.0,0.0,1e-04,20,253,0.0,0.2299,20.0,63477,0.625,1.1814141,20.0,8.078629,0.0,0.0035099983,20.0,3.1071649,0.6,1.609184,160,4.9714637,0.1341,0.1007,20,1,0.9593129,0.0035,20,0,9.894371e-05,1.589582,20.0,0.0,1.609184,0.1669,Attack,Attack-TCP-Flag-ACK-PSH
40,20.0,0.5,1e-04,20,20.0,0.5,1e-04,20,1024,0.5,1702933100.0,20.0,0,0.0,1702933100.0,20.0,29026.326,1.0,1702933100.0,20.0,14513.163,0.0,1702933100.0,20,14513.163,1e-04,1702933100.0,20,1,6.890297e-05,1702933100.0,20,1,6.890297e-05,1702933100.0,20.0,0.5,6.890297e-05,1702933100.0,Attack,Attack-TCP-Flag-ACK-PSH
40,20.0,0.5,1e-04,20,20.0,0.5,1e-04,20,1024,0.5,1702933200.0,20.0,0,0.0,1702933200.0,20.0,21732.145,1.0,1702933200.0,20.0,10866.072,0.0,1702933200.0,20,10866.072,1e-04,1702933200.0,20,1,9.202957e-05,1702933200.0,20,1,9.202957e-05,1702933200.0,20.0,0.5,9.202957e-05,1702933200.0,Attack,Attack-TCP-Flag-ACK-PSH
52,32.0,0.5,1e-04,32,32.0,0.5,1e-04,20,8192,0.5,1702933200.0,26.0,0,0.0,1702933200.0,26.0,22733.355,1.0,1702933200.0,20.0,11366.678,0.0,1702933200.0,32,11366.678,1e-04,1702933200.0,32,1,8.7976456e-05,1702933200.0,32,1,8.7976456e-05,1702933200.0,32.0,0.5,8.7976456e-05,1702933200.0,Attack,Attack-TCP-Flag-ACK-PSH
20,20.0,1.0,1702932900.0,20,20.0,0.0,1702932900.0,20,0,0.0,1702932900.0,20.0,0,0.0,1702932900.0,20.0,0.0,0.0,1702932900.0,20.0,0.0,0.0,1702932900.0,20,0.0,1702932900.0,1702932900.0,20,1,1702932900.0,1702932900.0,20,0,1702932900.0,0.0,20.0,0.0,1702932900.0,0.0,Attack,Attack-TCP-Flag-ACK-PSH
20,20.0,1.0,1702932900.0,20,20.0,0.0,1702932900.0,20,0,0.0,1702932900.0,20.0,0,0.0,1702932900.0,20.0,0.0,0.0,1702932900.0,20.0,0.0,0.0,1702932900.0,20,0.0,1702932900.0,1702932900.0,20,1,1702932900.0,1702932900.0,20,0,1702932900.0,0.0,20.0,0.0,1702932900.0,0.0,Attack,Attack-TCP-Flag-ACK-PSH
40,0.0,0.5,0.1061,20,0.0,0.0,0.1061,20,0,0.5,0.0,20.0,62605,0.0,0.0,20.0,18.852287,0.0,0.0,20.0,18.852287,0.0,0.0,0,0.0,0.1061,0.0,0,1,0.10608792,0.0,0,1,0.10608792,0.10608792,0.0,0.0,0.10608792,0.1061,Attack,Attack-TCP-Flag-ACK-PSH
24,24.0,0.0,1702932900.0,24,24.0,1.0,1702932900.0,24,1024,0.0,1702932900.0,24.0,0,0.0,1702932900.0,24.0,0.0,1.0,1702932900.0,24.0,0.0,0.0,1702932900.0,24,0.0,1702932900.0,1702932900.0,24,0,1702932900.0,1702932900.0,24,0,1702932900.0,0.0,24.0,1.0,1702932900.0,0.0,Attack,Attack-TCP-Flag-ACK-PSH
40,0.0,0.5,0.1109,20,0.0,0.0,0.1109,20,0,0.5,0.0,20.0,62602,0.0,0.0,20.0,18.030867,0.0,0.0,20.0,18.030867,0.0,0.0,0,0.0,0.1109,0.0,0,1,0.110920906,0.0,0,1,0.110920906,0.110920906,0.0,0.0,0.110920906,0.1109,Attack,Attack-TCP-Flag-ACK-PSH
20,20.0,1.0,1702932900.0,20,20.0,0.0,1702932900.0,20,0,0.0,1702932900.0,20.0,0,0.0,1702932900.0,20.0,0.0,0.0,1702932900.0,20.0,0.0,0.0,1702932900.0,20,0.0,1702932900.0,1702932900.0,20,1,1702932900.0,1702932900.0,20,0,1702932900.0,0.0,20.0,0.0,1702932900.0,0.0,Attack,Attack-TCP-Flag-ACK-PSH
40,0.0,0.5,0.1112,20,0.0,0.0,0.1112,20,0,0.5,0.0,20.0,62599,0.0,0.0,20.0,17.986599,0.0,0.0,20.0,17.986599,0.0,0.0,0,0.0,0.1112,0.0,0,1,0.111193895,0.0,0,1,0.111193895,0.111193895,0.0,0.0,0.111193895,0.1112,Attack,Attack-TCP-Flag-ACK-PSH
40,0.0,0.5,0.1111,20,0.0,0.0,0.1111,20,0,0.5,0.0,20.0,62584,0.0,0.0,20.0,17.99891,0.0,0.0,20.0,17.99891,0.0,0.0,0,0.0,0.1111,0.0,0,1,0.11111784,0.0,0,1,0.11111784,0.11111784,0.0,0.0,0.11111784,0.1111,Attack,Attack-TCP-Flag-ACK-PSH
40,20.0,0.5,1e-04,20,20.0,0.5,1e-04,20,1024,0.5,1702932900.0,20.0,0,0.0,1702932900.0,20.0,24966.096,1.0,1702932900.0,20.0,12483.048,0.0,1702932900.0,20,12483.048,1e-04,1702932900.0,20,1,8.010864e-05,1702932900.0,20,1,8.010864e-05,1702932900.0,20.0,0.5,8.010864e-05,1702932900.0,Attack,Attack-TCP-Flag-ACK-PSH
40,0.0,0.5,0.109,20,0.0,0.0,0.109,20,0,0.5,0.0,20.0,62596,0.0,0.0,20.0,18.349152,0.0,0.0,20.0,18.349152,0.0,0.0,0,0.0,0.109,0.0,0,1,0.10899687,0.0,0,1,0.10899687,0.10899687,0.0,0.0,0.10899687,0.109,Attack,Attack-TCP-Flag-ACK-PSH
40,0.0,0.5,0.1081,20,0.0,0.0,0.1081,20,0,0.5,0.0,20.0,62605,0.0,0.0,20.0,18.508053,0.0,0.0,20.0,18.508053,0.0,0.0,0,0.0,0.1081,0.0,0,1,0.108061075,0.0,0,1,0.108061075,0.108061075,0.0,0.0,0.108061075,0.1081,Attack,Attack-TCP-Flag-ACK-PSH
40,0.0,0.5,0.1111,20,0.0,0.0,0.1111,20,0,0.5,0.0,20.0,62596,0.0,0.0,20.0,18.005207,0.0,0.0,20.0,18.005207,0.0,0.0,0,0.0,0.1111,0.0,0,1,0.11107898,0.0,0,1,0.11107898,0.11107898,0.0,0.0,0.11107898,0.1111,Attack,Attack-TCP-Flag-ACK-PSH
40,0.0,0.5,0.1109,20,0.0,0.0,0.1109,20,0,0.5,0.0,20.0,62599,0.0,0.0,20.0,18.027262,0.0,0.0,20.0,18.027262,0.0,0.0,0,0.0,0.1109,0.0,0,1,0.11094308,0.0,0,1,0.11094308,0.11094308,0.0,0.0,0.11094308,0.1109,Attack,Attack-TCP-Flag-ACK-PSH
24,24.0,0.0,1702932900.0,24,24.0,1.0,1702932900.0,24,1025,0.0,1702932900.0,24.0,0,0.0,1702932900.0,24.0,0.0,1.0,1702932900.0,24.0,0.0,0.0,1702932900.0,24,0.0,1702932900.0,1702932900.0,24,0,1702932900.0,1702932900.0,24,0,1702932900.0,0.0,24.0,1.0,1702932900.0,0.0,Attack,Attack-TCP-Flag-ACK-PSH
20,20.0,1.0,1702932900.0,20,20.0,0.0,1702932900.0,20,0,0.0,1702932900.0,20.0,0,0.0,1702932900.0,20.0,0.0,0.0,1702932900.0,20.0,0.0,0.0,1702932900.0,20,0.0,1702932900.0,1702932900.0,20,1,1702932900.0,1702932900.0,20,0,1702932900.0,0.0,20.0,0.0,1702932900.0,0.0,Attack,Attack-TCP-Flag-ACK-PSH
40,0.0,0.5,0.111,20,0.0,0.0,0.111,20,0,0.5,0.0,20.0,62586,0.0,0.0,20.0,18.018976,0.0,0.0,20.0,18.018976,0.0,0.0,0,0.0,0.111,0.0,0,1,0.1109941,0.0,0,1,0.1109941,0.1109941,0.0,0.0,0.1109941,0.111,Attack,Attack-TCP-Flag-ACK-PSH
32,0.0,0.0,1702932900.0,32,0.0,0.0,1702932900.0,32,0,0.0,0.0,32.0,8193,0.0,0.0,32.0,0.0,0.0,0.0,32.0,0.0,0.0,0.0,0,0.0,1702932900.0,0.0,0,0,1702932900.0,0.0,0,0,1702932900.0,1702932900.0,0.0,0.0,1702932900.0,1702932900.0,Attack,Attack-TCP-Flag-ACK-PSH
20,20.0,1.0,1702932900.0,20,20.0,0.0,1702932900.0,20,1200,0.0,1702932900.0,20.0,0,0.0,1702932900.0,20.0,0.0,0.0,1702932900.0,20.0,0.0,0.0,1702932900.0,20,0.0,1702932900.0,1702932900.0,20,1,1702932900.0,1702932900.0,20,0,1702932900.0,0.0,20.0,0.0,1702932900.0,0.0,Attack,Attack-TCP-Flag-ACK-PSH
24,24.0,0.0,1702932900.0,24,24.0,1.0,1702932900.0,24,65535,0.0,1702932900.0,24.0,0,0.0,1702932900.0,24.0,0.0,1.0,1702932900.0,24.0,0.0,0.0,1702932900.0,24,0.0,1702932900.0,1702932900.0,24,0,1702932900.0,1702932900.0,24,0,1702932900.0,0.0,24.0,1.0,1702932900.0,0.0,Attack,Attack-TCP-Flag-ACK-PSH
40,0.0,0.5,0.106,20,0.0,0.0,0.106,20,0,0.5,0.0,20.0,62608,0.0,0.0,20.0,18.87239,0.0,0.0,20.0,18.87239,0.0,0.0,0,0.0,0.106,0.0,0,1,0.10597491,0.0,0,1,0.10597491,0.10597491,0.0,0.0,0.10597491,0.106,Attack,Attack-TCP-Flag-ACK-PSH
40,0.0,0.5,0.1067,20,0.0,0.0,0.1067,20,0,0.5,0.0,20.0,62596,0.0,0.0,20.0,18.736952,0.0,0.0,20.0,18.736952,0.0,0.0,0,0.0,0.1067,0.0,0,1,0.10674095,0.0,0,1,0.10674095,0.10674095,0.0,0.0,0.10674095,0.1067,Attack,Attack-TCP-Flag-ACK-PSH
20,20.0,1.0,1702932900.0,20,20.0,0.0,1702932900.0,20,1200,0.0,1702932900.0,20.0,0,0.0,1702932900.0,20.0,0.0,0.0,1702932900.0,20.0,0.0,0.0,1702932900.0,20,0.0,1702932900.0,1702932900.0,20,1,1702932900.0,1702932900.0,20,0,1702932900.0,0.0,20.0,0.0,1702932900.0,0.0,Attack,Attack-TCP-Flag-ACK-PSH
40,20.0,0.5,0.0004,20,20.0,0.5,0.0004,20,65535,0.5,1702932900.0,20.0,0,0.0,1702932900.0,20.0,5614.8647,1.0,1702932900.0,20.0,2807.4324,0.0,1702932900.0,20,2807.4324,0.0004,1702932900.0,20,1,0.00035619736,1702932900.0,20,1,0.00035619736,1702932900.0,20.0,0.5,0.00035619736,1702932900.0,Attack,Attack-TCP-Flag-ACK-PSH
40,0.0,0.5,0.1059,20,0.0,0.0,0.1059,20,0,0.5,0.0,20.0,62611,0.0,0.0,20.0,18.886456,0.0,0.0,20.0,18.886456,0.0,0.0,0,0.0,0.1059,0.0,0,1,0.105895996,0.0,0,1,0.105895996,0.105895996,0.0,0.0,0.105895996,0.1059,Attack,Attack-TCP-Flag-ACK-PSH
20,20.0,1.0,1702932900.0,20,20.0,0.0,1702932900.0,20,0,0.0,1702932900.0,20.0,0,0.0,1702932900.0,20.0,0.0,0.0,1702932900.0,20.0,0.0,0.0,1702932900.0,20,0.0,1702932900.0,1702932900.0,20,1,1702932900.0,1702932900.0,20,0,1702932900.0,0.0,20.0,0.0,1702932900.0,0.0,Attack,Attack-TCP-Flag-ACK-PSH
40,0.0,0.5,0.1093,20,0.0,0.0,0.1093,20,0,0.5,0.0,20.0,62599,0.0,0.0,20.0,18.30279,0.0,0.0,20.0,18.30279,0.0,0.0,0,0.0,0.1093,0.0,0,1,0.10927296,0.0,0,1,0.10927296,0.10927296,0.0,0.0,0.10927296,0.1093,Attack,Attack-TCP-Flag-ACK-PSH
40,0.0,0.5,0.1108,20,0.0,0.0,0.1108,20,0,0.5,0.0,20.0,62599,0.0,0.0,20.0,18.053295,0.0,0.0,20.0,18.053295,0.0,0.0,0,0.0,0.1108,0.0,0,1,0.1107831,0.0,0,1,0.1107831,0.1107831,0.0,0.0,0.1107831,0.1108,Attack,Attack-TCP-Flag-ACK-PSH
24,24.0,0.0,1702932900.0,24,24.0,1.0,1702932900.0,24,65535,0.0,1702932900.0,24.0,0,0.0,1702932900.0,24.0,0.0,1.0,1702932900.0,24.0,0.0,0.0,1702932900.0,24,0.0,1702932900.0,1702932900.0,24,0,1702932900.0,1702932900.0,24,0,1702932900.0,0.0,24.0,1.0,1702932900.0,0.0,Attack,Attack-TCP-Flag-ACK-PSH
20,20.0,1.0,1702932900.0,20,20.0,0.0,1702932900.0,20,0,0.0,1702932900.0,20.0,0,0.0,1702932900.0,20.0,0.0,0.0,1702932900.0,20.0,0.0,0.0,1702932900.0,20,0.0,1702932900.0,1702932900.0,20,1,1702932900.0,1702932900.0,20,0,1702932900.0,0.0,20.0,0.0,1702932900.0,0.0,Attack,Attack-TCP-Flag-ACK-PSH
24,24.0,0.0,1702932900.0,24,24.0,1.0,1702932900.0,24,1025,0.0,1702932900.0,24.0,0,0.0,1702932900.0,24.0,0.0,1.0,1702932900.0,24.0,0.0,0.0,1702932900.0,24,0.0,1702932900.0,1702932900.0,24,0,1702932900.0,1702932900.0,24,0,1702932900.0,0.0,24.0,1.0,1702932900.0,0.0,Attack,Attack-TCP-Flag-ACK-PSH
40,0.0,0.5,0.1079,20,0.0,0.0,0.1079,20,0,0.5,0.0,20.0,62599,0.0,0.0,20.0,18.539795,0.0,0.0,20.0,18.539795,0.0,0.0,0,0.0,0.1079,0.0,0,1,0.10787606,0.0,0,1,0.10787606,0.10787606,0.0,0.0,0.10787606,0.1079,Attack,Attack-TCP-Flag-ACK-PSH
40,0.0,0.5,0.1112,20,0.0,0.0,0.1112,20,0,0.5,0.0,20.0,62605,0.0,0.0,20.0,17.978504,0.0,0.0,20.0,17.978504,0.0,0.0,0,0.0,0.1112,0.0,0,1,0.11124396,0.0,0,1,0.11124396,0.11124396,0.0,0.0,0.11124396,0.1112,Attack,Attack-TCP-Flag-ACK-PSH
112,36.0,0.0,0.038,40,32.0,0.33333334,0.0002,32,64240,0.0,0.076,37.3333,8192,0.0,0.07596111,40.0,39.493893,0.5,0.07596111,40.0,13.164631,0.0,0.07596111,72,26.329262,0.038,0.076,40,0,0.07574296,0.076,32,0,0.000218153,1702932900.0,36.0,0.6666667,0.07596111,1702932900.0,Attack,Attack-TCP-Flag-ACK-PSH
40,0.0,0.5,0.1109,20,0.0,0.0,0.1109,20,0,0.5,0.0,20.0,62586,0.0,0.0,20.0,18.027922,0.0,0.0,20.0,18.027922,0.0,0.0,0,0.0,0.1109,0.0,0,1,0.110939026,0.0,0,1,0.110939026,0.110939026,0.0,0.0,0.110939026,0.1109,Attack,Attack-TCP-Flag-ACK-PSH
20,20.0,1.0,1702932900.0,20,20.0,0.0,1702932900.0,20,0,0.0,1702932900.0,20.0,0,0.0,1702932900.0,20.0,0.0,0.0,1702932900.0,20.0,0.0,0.0,1702932900.0,20,0.0,1702932900.0,1702932900.0,20,1,1702932900.0,1702932900.0,20,0,1702932900.0,0.0,20.0,0.0,1702932900.0,0.0,Attack,Attack-TCP-Flag-ACK-PSH
40,0.0,0.5,0.1112,20,0.0,0.0,0.1112,20,0,0.5,0.0,20.0,62614,0.0,0.0,20.0,17.993235,0.0,0.0,20.0,17.993235,0.0,0.0,0,0.0,0.1112,0.0,0,1,0.11115289,0.0,0,1,0.11115289,0.11115289,0.0,0.0,0.11115289,0.1112,Attack,Attack-TCP-Flag-ACK-PSH
40,0.0,0.5,0.1078,20,0.0,0.0,0.1078,20,0,0.5,0.0,20.0,62599,0.0,0.0,20.0,18.56096,0.0,0.0,20.0,18.56096,0.0,0.0,0,0.0,0.1078,0.0,0,1,0.10775304,0.0,0,1,0.10775304,0.10775304,0.0,0.0,0.10775304,0.1078,Attack,Attack-TCP-Flag-ACK-PSH
20,0.0,0.0,1702932900.0,20,0.0,0.0,1702932900.0,20,0,0.0,0.0,20.0,62611,0.0,0.0,20.0,0.0,0.0,0.0,20.0,0.0,0.0,0.0,0,0.0,1702932900.0,0.0,0,0,1702932900.0,0.0,0,0,1702932900.0,1702932900.0,0.0,0.0,1702932900.0,1702932900.0,Attack,Attack-TCP-Flag-ACK-PSH
40,0.0,0.5,0.108,20,0.0,0.0,0.108,20,0,0.5,0.0,20.0,62605,0.0,0.0,20.0,18.5161,0.0,0.0,20.0,18.5161,0.0,0.0,0,0.0,0.108,0.0,0,1,0.10801411,0.0,0,1,0.10801411,0.10801411,0.0,0.0,0.10801411,0.108,Attack,Attack-TCP-Flag-ACK-PSH
24,24.0,0.0,1702932900.0,24,24.0,1.0,1702932900.0,24,65535,0.0,1702932900.0,24.0,0,0.0,1702932900.0,24.0,0.0,1.0,1702932900.0,24.0,0.0,0.0,1702932900.0,24,0.0,1702932900.0,1702932900.0,24,0,1702932900.0,1702932900.0,24,0,1702932900.0,0.0,24.0,1.0,1702932900.0,0.0,Attack,Attack-TCP-Flag-ACK-PSH
40,0.0,0.5,0.1112,20,0.0,0.0,0.1112,20,0,0.5,0.0,20.0,62599,0.0,0.0,20.0,17.986406,0.0,0.0,20.0,17.986406,0.0,0.0,0,0.0,0.1112,0.0,0,1,0.11119509,0.0,0,1,0.11119509,0.11119509,0.0,0.0,0.11119509,0.1112,Attack,Attack-TCP-Flag-ACK-PSH
20,20.0,1.0,1702932900.0,20,20.0,0.0,1702932900.0,20,0,0.0,1702932900.0,20.0,0,0.0,1702932900.0,20.0,0.0,0.0,1702932900.0,20.0,0.0,0.0,1702932900.0,20,0.0,1702932900.0,1702932900.0,20,1,1702932900.0,1702932900.0,20,0,1702932900.0,0.0,20.0,0.0,1702932900.0,0.0,Attack,Attack-TCP-Flag-ACK-PSH
20,20.0,1.0,1702932900.0,20,20.0,0.0,1702932900.0,20,0,0.0,1702932900.0,20.0,0,0.0,1702932900.0,20.0,0.0,0.0,1702932900.0,20.0,0.0,0.0,1702932900.0,20,0.0,1702932900.0,1702932900.0,20,1,1702932900.0,1702932900.0,20,0,1702932900.0,0.0,20.0,0.0,1702932900.0,0.0,Attack,Attack-TCP-Flag-ACK-PSH
24,24.0,0.0,1702932900.0,24,24.0,1.0,1702932900.0,24,65535,0.0,1702932900.0,24.0,0,0.0,1702932900.0,24.0,0.0,1.0,1702932900.0,24.0,0.0,0.0,1702932900.0,24,0.0,1702932900.0,1702932900.0,24,0,1702932900.0,1702932900.0,24,0,1702932900.0,0.0,24.0,1.0,1702932900.0,0.0,Attack,Attack-TCP-Flag-ACK-PSH
144,20.0,0.16666667,0.0002,32,20.0,0.16666667,0.0,20,8192,0.16666667,0.0716,24.0,65535,0.0,0.14309597,20.0,41.79002,0.33333334,0.000119924545,20.0,20.89501,0.0,0.1432159,72,20.89501,0.0287,0.0716,32,1,0.1429019,1e-04,20,1,1.7881393e-05,0.14338088,24.0,0.33333334,0.14357495,0.0,Attack,Attack-TCP-Flag-ACK-PSH
40,0.0,0.5,0.1108,20,0.0,0.0,0.1108,20,0,0.5,0.0,20.0,62590,0.0,0.0,20.0,18.05283,0.0,0.0,20.0,18.05283,0.0,0.0,0,0.0,0.1108,0.0,0,1,0.11078596,0.0,0,1,0.11078596,0.11078596,0.0,0.0,0.11078596,0.1108,Attack,Attack-TCP-Flag-ACK-PSH
40,0.0,0.5,0.1076,20,0.0,0.0,0.1076,20,0,0.5,0.0,20.0,62588,0.0,0.0,20.0,18.58617,0.0,0.0,20.0,18.58617,0.0,0.0,0,0.0,0.1076,0.0,0,1,0.10760689,0.0,0,1,0.10760689,0.10760689,0.0,0.0,0.10760689,0.1076,Attack,Attack-TCP-Flag-ACK-PSH
20,20.0,1.0,1702932900.0,20,20.0,0.0,1702932900.0,20,0,0.0,1702932900.0,20.0,0,0.0,1702932900.0,20.0,0.0,0.0,1702932900.0,20.0,0.0,0.0,1702932900.0,20,0.0,1702932900.0,1702932900.0,20,1,1702932900.0,1702932900.0,20,0,1702932900.0,0.0,20.0,0.0,1702932900.0,0.0,Attack,Attack-TCP-Flag-ACK-PSH
52,32.0,0.5,1e-04,32,32.0,0.5,1e-04,20,8192,0.5,1702932900.0,26.0,0,0.0,1702932900.0,26.0,21290.883,1.0,1702932900.0,20.0,10645.441,0.0,1702932900.0,32,10645.441,1e-04,1702932900.0,32,1,9.393692e-05,1702932900.0,32,1,9.393692e-05,1702932900.0,32.0,0.5,9.393692e-05,1702932900.0,Attack,Attack-TCP-Flag-ACK-PSH
40,0.0,0.5,0.111,20,0.0,0.0,0.111,20,0,0.5,0.0,20.0,62599,0.0,0.0,20.0,18.023079,0.0,0.0,20.0,18.023079,0.0,0.0,0,0.0,0.111,0.0,0,1,0.11096883,0.0,0,1,0.11096883,0.11096883,0.0,0.0,0.11096883,0.111,Attack,Attack-TCP-Flag-ACK-PSH
40,0.0,0.5,0.1111,20,0.0,0.0,0.1111,20,0,0.5,0.0,20.0,62605,0.0,0.0,20.0,17.994663,0.0,0.0,20.0,17.994663,0.0,0.0,0,0.0,0.1111,0.0,0,1,0.111144066,0.0,0,1,0.111144066,0.111144066,0.0,0.0,0.111144066,0.1111,Attack,Attack-TCP-Flag-ACK-PSH
20,20.0,0.0,1702932900.0,20,20.0,1.0,1702932900.0,20,1024,0.0,1702932900.0,20.0,0,0.0,1702932900.0,20.0,0.0,1.0,1702932900.0,20.0,0.0,0.0,1702932900.0,20,0.0,1702932900.0,1702932900.0,20,0,1702932900.0,1702932900.0,20,0,1702932900.0,0.0,20.0,1.0,1702932900.0,0.0,Attack,Attack-TCP-Flag-ACK-PSH
20,20.0,1.0,1702932900.0,20,20.0,0.0,1702932900.0,20,1200,0.0,1702932900.0,20.0,0,0.0,1702932900.0,20.0,0.0,0.0,1702932900.0,20.0,0.0,0.0,1702932900.0,20,0.0,1702932900.0,1702932900.0,20,1,1702932900.0,1702932900.0,20,0,1702932900.0,0.0,20.0,0.0,1702932900.0,0.0,Attack,Attack-TCP-Flag-ACK-PSH
40,0.0,0.5,0.11,20,0.0,0.0,0.11,20,0,0.5,0.0,20.0,62596,0.0,0.0,20.0,18.18976,0.0,0.0,20.0,18.18976,0.0,0.0,0,0.0,0.11,0.0,0,1,0.10995197,0.0,0,1,0.10995197,0.10995197,0.0,0.0,0.10995197,0.11,Attack,Attack-TCP-Flag-ACK-PSH
40,20.0,0.5,1e-04,20,20.0,0.5,1e-04,20,18052,0.5,1702932900.0,20.0,0,0.0,1702932900.0,20.0,33825.03,1.0,1702932900.0,20.0,16912.516,0.0,1702932900.0,20,16912.516,1e-04,1702932900.0,20,1,5.9127808e-05,1702932900.0,20,1,5.9127808e-05,1702932900.0,20.0,0.5,5.9127808e-05,1702932900.0,Attack,Attack-TCP-Flag-ACK-PSH
40,0.0,0.5,0.1108,20,0.0,0.0,0.1108,20,0,0.5,0.0,20.0,62596,0.0,0.0,20.0,18.046965,0.0,0.0,20.0,18.046965,0.0,0.0,0,0.0,0.1108,0.0,0,1,0.11082196,0.0,0,1,0.11082196,0.11082196,0.0,0.0,0.11082196,0.1108,Attack,Attack-TCP-Flag-ACK-PSH
20,20.0,1.0,1702932900.0,20,20.0,0.0,1702932900.0,20,1200,0.0,1702932900.0,20.0,0,0.0,1702932900.0,20.0,0.0,0.0,1702932900.0,20.0,0.0,0.0,1702932900.0,20,0.0,1702932900.0,1702932900.0,20,1,1702932900.0,1702932900.0,20,0,1702932900.0,0.0,20.0,0.0,1702932900.0,0.0,Attack,Attack-TCP-Flag-ACK-PSH
40,0.0,0.5,0.1111,20,0.0,0.0,0.1111,20,0,0.5,0.0,20.0,62596,0.0,0.0,20.0,17.999374,0.0,0.0,20.0,17.999374,0.0,0.0,0,0.0,0.1111,0.0,0,1,0.11111498,0.0,0,1,0.11111498,0.11111498,0.0,0.0,0.11111498,0.1111,Attack,Attack-TCP-Flag-ACK-PSH
24,24.0,0.0,1702932900.0,24,24.0,1.0,1702932900.0,24,65535,0.0,1702932900.0,24.0,0,0.0,1702932900.0,24.0,0.0,1.0,1702932900.0,24.0,0.0,0.0,1702932900.0,24,0.0,1702932900.0,1702932900.0,24,0,1702932900.0,1702932900.0,24,0,1702932900.0,0.0,24.0,1.0,1702932900.0,0.0,Attack,Attack-TCP-Flag-ACK-PSH
20,20.0,1.0,1702932900.0,20,20.0,0.0,1702932900.0,20,1200,0.0,1702932900.0,20.0,0,0.0,1702932900.0,20.0,0.0,0.0,1702932900.0,20.0,0.0,0.0,1702932900.0,20,0.0,1702932900.0,1702932900.0,20,1,1702932900.0,1702932900.0,20,0,1702932900.0,0.0,20.0,0.0,1702932900.0,0.0,Attack,Attack-TCP-Flag-ACK-PSH
40,0.0,0.5,0.1077,20,0.0,0.0,0.1077,20,0,0.5,0.0,20.0,62602,0.0,0.0,20.0,18.57181,0.0,0.0,20.0,18.57181,0.0,0.0,0,0.0,0.1077,0.0,0,1,0.107690096,0.0,0,1,0.107690096,0.107690096,0.0,0.0,0.107690096,0.1077,Attack,Attack-TCP-Flag-ACK-PSH
40,0.0,0.5,0.111,20,0.0,0.0,0.111,20,0,0.5,0.0,20.0,62596,0.0,0.0,20.0,18.02126,0.0,0.0,20.0,18.02126,0.0,0.0,0,0.0,0.111,0.0,0,1,0.110980034,0.0,0,1,0.110980034,0.110980034,0.0,0.0,0.110980034,0.111,Attack,Attack-TCP-Flag-ACK-PSH
40,0.0,0.5,0.1109,20,0.0,0.0,0.1109,20,0,0.5,0.0,20.0,62592,0.0,0.0,20.0,18.032804,0.0,0.0,20.0,18.032804,0.0,0.0,0,0.0,0.1109,0.0,0,1,0.110908985,0.0,0,1,0.110908985,0.110908985,0.0,0.0,0.110908985,0.1109,Attack,Attack-TCP-Flag-ACK-PSH
40,0.0,0.5,0.111,20,0.0,0.0,0.111,20,0,0.5,0.0,20.0,62584,0.0,0.0,20.0,18.018164,0.0,0.0,20.0,18.018164,0.0,0.0,0,0.0,0.111,0.0,0,1,0.11099911,0.0,0,1,0.11099911,0.11099911,0.0,0.0,0.11099911,0.111,Attack,Attack-TCP-Flag-ACK-PSH
40,0.0,0.5,0.1076,20,0.0,0.0,0.1076,20,0,0.5,0.0,20.0,62611,0.0,0.0,20.0,18.582506,0.0,0.0,20.0,18.582506,0.0,0.0,0,0.0,0.1076,0.0,0,1,0.10762811,0.0,0,1,0.10762811,0.10762811,0.0,0.0,0.10762811,0.1076,Attack,Attack-TCP-Flag-ACK-PSH
40,0.0,0.5,0.1109,20,0.0,0.0,0.1109,20,0,0.5,0.0,20.0,62594,0.0,0.0,20.0,18.027302,0.0,0.0,20.0,18.027302,0.0,0.0,0,0.0,0.1109,0.0,0,1,0.11094284,0.0,0,1,0.11094284,0.11094284,0.0,0.0,0.11094284,0.1109,Attack,Attack-TCP-Flag-ACK-PSH
20,20.0,1.0,1702932900.0,20,20.0,0.0,1702932900.0,20,0,0.0,1702932900.0,20.0,0,0.0,1702932900.0,20.0,0.0,0.0,1702932900.0,20.0,0.0,0.0,1702932900.0,20,0.0,1702932900.0,1702932900.0,20,1,1702932900.0,1702932900.0,20,0,1702932900.0,0.0,20.0,0.0,1702932900.0,0.0,Attack,Attack-TCP-Flag-ACK-PSH
40,20.0,0.5,1e-04,20,20.0,0.5,1e-04,20,1024,0.5,1702932900.0,20.0,0,0.0,1702932900.0,20.0,24385.488,1.0,1702932900.0,20.0,12192.744,0.0,1702932900.0,20,12192.744,1e-04,1702932900.0,20,1,8.201599e-05,1702932900.0,20,1,8.201599e-05,1702932900.0,20.0,0.5,8.201599e-05,1702932900.0,Attack,Attack-TCP-Flag-ACK-PSH
20,20.0,1.0,1702932900.0,20,20.0,0.0,1702932900.0,20,0,0.0,1702932900.0,20.0,0,0.0,1702932900.0,20.0,0.0,0.0,1702932900.0,20.0,0.0,0.0,1702932900.0,20,0.0,1702932900.0,1702932900.0,20,1,1702932900.0,1702932900.0,20,0,1702932900.0,0.0,20.0,0.0,1702932900.0,0.0,Attack,Attack-TCP-Flag-ACK-PSH
40,0.0,0.5,0.1112,20,0.0,0.0,0.1112,20,0,0.5,0.0,20.0,62611,0.0,0.0,20.0,17.981895,0.0,0.0,20.0,17.981895,0.0,0.0,0,0.0,0.1112,0.0,0,1,0.11122298,0.0,0,1,0.11122298,0.11122298,0.0,0.0,0.11122298,0.1112,Attack,Attack-TCP-Flag-ACK-PSH
24,24.0,0.0,1702932900.0,24,24.0,1.0,1702932900.0,24,65535,0.0,1702932900.0,24.0,0,0.0,1702932900.0,24.0,0.0,1.0,1702932900.0,24.0,0.0,0.0,1702932900.0,24,0.0,1702932900.0,1702932900.0,24,0,1702932900.0,1702932900.0,24,0,1702932900.0,0.0,24.0,1.0,1702932900.0,0.0,Attack,Attack-TCP-Flag-ACK-PSH
52,32.0,0.5,1e-04,32,32.0,0.5,1e-04,20,1024,0.5,1702932900.0,26.0,0,0.0,1702932900.0,26.0,21732.145,1.0,1702932900.0,20.0,10866.072,0.0,1702932900.0,32,10866.072,1e-04,1702932900.0,32,1,9.202957e-05,1702932900.0,32,1,9.202957e-05,1702932900.0,32.0,0.5,9.202957e-05,1702932900.0,Attack,Attack-TCP-Flag-ACK-PSH
40,0.0,0.5,0.108,20,0.0,0.0,0.108,20,0,0.5,0.0,20.0,62605,0.0,0.0,20.0,18.525015,0.0,0.0,20.0,18.525015,0.0,0.0,0,0.0,0.108,0.0,0,1,0.10796213,0.0,0,1,0.10796213,0.10796213,0.0,0.0,0.10796213,0.108,Attack,Attack-TCP-Flag-ACK-PSH
20,20.0,1.0,1702932900.0,20,20.0,0.0,1702932900.0,20,0,0.0,1702932900.0,20.0,0,0.0,1702932900.0,20.0,0.0,0.0,1702932900.0,20.0,0.0,0.0,1702932900.0,20,0.0,1702932900.0,1702932900.0,20,1,1702932900.0,1702932900.0,20,0,1702932900.0,0.0,20.0,0.0,1702932900.0,0.0,Attack,Attack-TCP-Flag-ACK-PSH
364,20.0,0.05882353,0.0359,32,20.0,0.05882353,0.0,20,8192,0.0,0.1949,21.4118,64000,0.7,1.114573,20.0,9.692601,0.1,0.0,20.0,3.9910712,0.71428573,1.7539151,212,5.7015305,0.1096,0.1124,32,1,0.9590881,0.0,20,0,0.0,1.642792,21.2,0.11764706,1.7539151,0.1127,Attack,Attack-TCP-Flag-ACK-PSH
20,20.0,1.0,1702932900.0,20,20.0,0.0,1702932900.0,20,0,0.0,1702932900.0,20.0,0,0.0,1702932900.0,20.0,0.0,0.0,1702932900.0,20.0,0.0,0.0,1702932900.0,20,0.0,1702932900.0,1702932900.0,20,1,1702932900.0,1702932900.0,20,0,1702932900.0,0.0,20.0,0.0,1702932900.0,0.0,Attack,Attack-TCP-Flag-ACK-PSH
40,0.0,0.5,0.1069,20,0.0,0.0,0.1069,20,0,0.5,0.0,20.0,62602,0.0,0.0,20.0,18.703821,0.0,0.0,20.0,18.703821,0.0,0.0,0,0.0,0.1069,0.0,0,1,0.10693002,0.0,0,1,0.10693002,0.10693002,0.0,0.0,0.10693002,0.1069,Attack,Attack-TCP-Flag-ACK-PSH
20,20.0,1.0,1702932900.0,20,20.0,0.0,1702932900.0,20,0,0.0,1702932900.0,20.0,0,0.0,1702932900.0,20.0,0.0,0.0,1702932900.0,20.0,0.0,0.0,1702932900.0,20,0.0,1702932900.0,1702932900.0,20,1,1702932900.0,1702932900.0,20,0,1702932900.0,0.0,20.0,0.0,1702932900.0,0.0,Attack,Attack-TCP-Flag-ACK-PSH
60,40.0,0.5,1e-04,40,40.0,0.5,1e-04,20,64240,0.5,1702932900.0,30.0,0,0.0,1702932900.0,30.0,24966.096,1.0,1702932900.0,20.0,12483.048,0.0,1702932900.0,40,12483.048,1e-04,1702932900.0,40,1,8.010864e-05,1702932900.0,40,1,8.010864e-05,1702932900.0,40.0,0.5,8.010864e-05,1702932900.0,Attack,Attack-TCP-Flag-ACK-PSH
40,0.0,0.5,0.1101,20,0.0,0.0,0.1101,20,0,0.5,0.0,20.0,62592,0.0,0.0,20.0,18.167423,0.0,0.0,20.0,18.167423,0.0,0.0,0,0.0,0.1101,0.0,0,1,0.11008716,0.0,0,1,0.11008716,0.11008716,0.0,0.0,0.11008716,0.1101,Attack,Attack-TCP-Flag-ACK-PSH
40,0.0,0.5,0.1109,20,0.0,0.0,0.1109,20,0,0.5,0.0,20.0,62602,0.0,0.0,20.0,18.026295,0.0,0.0,20.0,18.026295,0.0,0.0,0,0.0,0.1109,0.0,0,1,0.11094904,0.0,0,1,0.11094904,0.11094904,0.0,0.0,0.11094904,0.1109,Attack,Attack-TCP-Flag-ACK-PSH
40,0.0,0.5,0.1079,20,0.0,0.0,0.1079,20,0,0.5,0.0,20.0,62605,0.0,0.0,20.0,18.530046,0.0,0.0,20.0,18.530046,0.0,0.0,0,0.0,0.1079,0.0,0,1,0.107932806,0.0,0,1,0.107932806,0.107932806,0.0,0.0,0.107932806,0.1079,Attack,Attack-TCP-Flag-ACK-PSH
24,24.0,0.0,1702932900.0,24,24.0,1.0,1702932900.0,24,65535,0.0,1702932900.0,24.0,0,0.0,1702932900.0,24.0,0.0,1.0,1702932900.0,24.0,0.0,0.0,1702932900.0,24,0.0,1702932900.0,1702932900.0,24,0,1702932900.0,1702932900.0,24,0,1702932900.0,0.0,24.0,1.0,1702932900.0,0.0,Attack,Attack-TCP-Flag-ACK-PSH
20,20.0,1.0,1702932900.0,20,20.0,0.0,1702932900.0,20,1200,0.0,1702932900.0,20.0,0,0.0,1702932900.0,20.0,0.0,0.0,1702932900.0,20.0,0.0,0.0,1702932900.0,20,0.0,1702932900.0,1702932900.0,20,1,1702932900.0,1702932900.0,20,0,1702932900.0,0.0,20.0,0.0,1702932900.0,0.0,Attack,Attack-TCP-Flag-ACK-PSH
40,0.0,0.5,0.1078,20,0.0,0.0,0.1078,20,0,0.5,0.0,20.0,62599,0.0,0.0,20.0,18.54668,0.0,0.0,20.0,18.54668,0.0,0.0,0,0.0,0.1078,0.0,0,1,0.10783601,0.0,0,1,0.10783601,0.10783601,0.0,0.0,0.10783601,0.1078,Attack,Attack-TCP-Flag-ACK-PSH
40,20.0,0.5,1e-04,20,20.0,0.5,1e-04,20,1024,0.5,1702932900.0,20.0,0,0.0,1702932900.0,20.0,22982.488,1.0,1702932900.0,20.0,11491.244,0.0,1702932900.0,20,11491.244,1e-04,1702932900.0,20,1,8.702278e-05,1702932900.0,20,1,8.702278e-05,1702932900.0,20.0,0.5,8.702278e-05,1702932900.0,Attack,Attack-TCP-Flag-ACK-PSH
40,0.0,0.5,0.109,20,0.0,0.0,0.109,20,0,0.5,0.0,20.0,62608,0.0,0.0,20.0,18.344416,0.0,0.0,20.0,18.344416,0.0,0.0,0,0.0,0.109,0.0,0,1,0.109025,0.0,0,1,0.109025,0.109025,0.0,0.0,0.109025,0.109,Attack,Attack-TCP-Flag-ACK-PSH
40,0.0,0.5,0.1092,20,0.0,0.0,0.1092,20,0,0.5,0.0,20.0,62596,0.0,0.0,20.0,18.307783,0.0,0.0,20.0,18.307783,0.0,0.0,0,0.0,0.1092,0.0,0,1,0.109243155,0.0,0,1,0.109243155,0.109243155,0.0,0.0,0.109243155,0.1092,Attack,Attack-TCP-Flag-ACK-PSH
20,20.0,0.0,1702932900.0,20,20.0,1.0,1702932900.0,20,1024,0.0,1702932900.0,20.0,0,0.0,1702932900.0,20.0,0.0,1.0,1702932900.0,20.0,0.0,0.0,1702932900.0,20,0.0,1702932900.0,1702932900.0,20,0,1702932900.0,1702932900.0,20,0,1702932900.0,0.0,20.0,1.0,1702932900.0,0.0,Attack,Attack-TCP-Flag-ACK-PSH
20,20.0,1.0,1702932900.0,20,20.0,0.0,1702932900.0,20,0,0.0,1702932900.0,20.0,0,0.0,1702932900.0,20.0,0.0,0.0,1702932900.0,20.0,0.0,0.0,1702932900.0,20,0.0,1702932900.0,1702932900.0,20,1,1702932900.0,1702932900.0,20,0,1702932900.0,0.0,20.0,0.0,1702932900.0,0.0,Attack,Attack-TCP-Flag-ACK-PSH
60,40.0,0.5,1e-04,40,40.0,0.5,1e-04,20,64240,0.5,1702932900.0,30.0,0,0.0,1702932900.0,30.0,21236.982,1.0,1702932900.0,20.0,10618.491,0.0,1702932900.0,40,10618.491,1e-04,1702932900.0,40,1,9.417534e-05,1702932900.0,40,1,9.417534e-05,1702932900.0,40.0,0.5,9.417534e-05,1702932900.0,Attack,Attack-TCP-Flag-ACK-PSH
40,0.0,0.5,0.1071,20,0.0,0.0,0.1071,20,0,0.5,0.0,20.0,62590,0.0,0.0,20.0,18.681787,0.0,0.0,20.0,18.681787,0.0,0.0,0,0.0,0.1071,0.0,0,1,0.10705614,0.0,0,1,0.10705614,0.10705614,0.0,0.0,0.10705614,0.1071,Attack,Attack-TCP-Flag-ACK-PSH
44,24.0,0.5,1e-04,24,24.0,0.5,1e-04,20,64240,0.5,1702932900.0,22.0,0,0.0,1702932900.0,22.0,22192.084,1.0,1702932900.0,20.0,11096.042,0.0,1702932900.0,24,11096.042,1e-04,1702932900.0,24,1,9.012222e-05,1702932900.0,24,1,9.012222e-05,1702932900.0,24.0,0.5,9.012222e-05,1702932900.0,Attack,Attack-TCP-Flag-ACK-PSH
40,0.0,0.5,0.1111,20,0.0,0.0,0.1111,20,0,0.5,0.0,20.0,62594,0.0,0.0,20.0,17.997906,0.0,0.0,20.0,17.997906,0.0,0.0,0,0.0,0.1111,0.0,0,1,0.11112404,0.0,0,1,0.11112404,0.11112404,0.0,0.0,0.11112404,0.1111,Attack,Attack-TCP-Flag-ACK-PSH
40,0.0,0.5,0.1101,20,0.0,0.0,0.1101,20,0,0.5,0.0,20.0,62608,0.0,0.0,20.0,18.17321,0.0,0.0,20.0,18.17321,0.0,0.0,0,0.0,0.1101,0.0,0,1,0.11005211,0.0,0,1,0.11005211,0.11005211,0.0,0.0,0.11005211,0.1101,Attack,Attack-TCP-Flag-ACK-PSH
40,0.0,0.5,0.1108,20,0.0,0.0,0.1108,20,0,0.5,0.0,20.0,62605,0.0,0.0,20.0,18.04743,0.0,0.0,20.0,18.04743,0.0,0.0,0,0.0,0.1108,0.0,0,1,0.1108191,0.0,0,1,0.1108191,0.1108191,0.0,0.0,0.1108191,0.1108,Attack,Attack-TCP-Flag-ACK-PSH
52,32.0,0.5,0.0002,32,32.0,0.5,0.0002,20,1024,0.5,1702932900.0,26.0,0,0.0,1702932900.0,26.0,13148.288,1.0,1702932900.0,20.0,6574.144,0.0,1702932900.0,32,6574.144,0.0002,1702932900.0,32,1,0.00015211105,1702932900.0,32,1,0.00015211105,1702932900.0,32.0,0.5,0.00015211105,1702932900.0,Attack,Attack-TCP-Flag-ACK-PSH
24,24.0,0.0,1702932900.0,24,24.0,1.0,1702932900.0,24,65535,0.0,1702932900.0,24.0,0,0.0,1702932900.0,24.0,0.0,1.0,1702932900.0,24.0,0.0,0.0,1702932900.0,24,0.0,1702932900.0,1702932900.0,24,0,1702932900.0,1702932900.0,24,0,1702932900.0,0.0,24.0,1.0,1702932900.0,0.0,Attack,Attack-TCP-Flag-ACK-PSH
40,0.0,0.5,0.111,20,0.0,0.0,0.111,20,0,0.5,0.0,20.0,62605,0.0,0.0,20.0,18.011045,0.0,0.0,20.0,18.011045,0.0,0.0,0,0.0,0.111,0.0,0,1,0.11104298,0.0,0,1,0.11104298,0.11104298,0.0,0.0,0.11104298,0.111,Attack,Attack-TCP-Flag-ACK-PSH
20,20.0,1.0,1702932900.0,20,20.0,0.0,1702932900.0,20,0,0.0,1702932900.0,20.0,0,0.0,1702932900.0,20.0,0.0,0.0,1702932900.0,20.0,0.0,0.0,1702932900.0,20,0.0,1702932900.0,1702932900.0,20,1,1702932900.0,1702932900.0,20,0,1702932900.0,0.0,20.0,0.0,1702932900.0,0.0,Attack,Attack-TCP-Flag-ACK-PSH
40,0.0,0.5,0.1069,20,0.0,0.0,0.1069,20,0,0.5,0.0,20.0,62602,0.0,0.0,20.0,18.70157,0.0,0.0,20.0,18.70157,0.0,0.0,0,0.0,0.1069,0.0,0,1,0.10694289,0.0,0,1,0.10694289,0.10694289,0.0,0.0,0.10694289,0.1069,Attack,Attack-TCP-Flag-ACK-PSH
20,20.0,1.0,1702932900.0,20,20.0,0.0,1702932900.0,20,0,0.0,1702932900.0,20.0,0,0.0,1702932900.0,20.0,0.0,0.0,1702932900.0,20.0,0.0,0.0,1702932900.0,20,0.0,1702932900.0,1702932900.0,20,1,1702932900.0,1702932900.0,20,0,1702932900.0,0.0,20.0,0.0,1702932900.0,0.0,Attack,Attack-TCP-Flag-ACK-PSH
20,20.0,1.0,1702932900.0,20,20.0,0.0,1702932900.0,20,0,0.0,1702932900.0,20.0,0,0.0,1702932900.0,20.0,0.0,0.0,1702932900.0,20.0,0.0,0.0,1702932900.0,20,0.0,1702932900.0,1702932900.0,20,1,1702932900.0,1702932900.0,20,0,1702932900.0,0.0,20.0,0.0,1702932900.0,0.0,Attack,Attack-TCP-Flag-ACK-PSH
40,0.0,0.5,0.11,20,0.0,0.0,0.11,20,0,0.5,0.0,20.0,62602,0.0,0.0,20.0,18.188932,0.0,0.0,20.0,18.188932,0.0,0.0,0,0.0,0.11,0.0,0,1,0.10995698,0.0,0,1,0.10995698,0.10995698,0.0,0.0,0.10995698,0.11,Attack,Attack-TCP-Flag-ACK-PSH
20,20.0,1.0,1702932900.0,20,20.0,0.0,1702932900.0,20,0,0.0,1702932900.0,20.0,0,0.0,1702932900.0,20.0,0.0,0.0,1702932900.0,20.0,0.0,0.0,1702932900.0,20,0.0,1702932900.0,1702932900.0,20,1,1702932900.0,1702932900.0,20,0,1702932900.0,0.0,20.0,0.0,1702932900.0,0.0,Attack,Attack-TCP-Flag-ACK-PSH
40,0.0,0.5,0.1109,20,0.0,0.0,0.1109,20,0,0.5,0.0,20.0,62592,0.0,0.0,20.0,18.029549,0.0,0.0,20.0,18.029549,0.0,0.0,0,0.0,0.1109,0.0,0,1,0.11092901,0.0,0,1,0.11092901,0.11092901,0.0,0.0,0.11092901,0.1109,Attack,Attack-TCP-Flag-ACK-PSH
40,0.0,0.5,0.111,20,0.0,0.0,0.111,20,0,0.5,0.0,20.0,62596,0.0,0.0,20.0,18.01201,0.0,0.0,20.0,18.01201,0.0,0.0,0,0.0,0.111,0.0,0,1,0.111037016,0.0,0,1,0.111037016,0.111037016,0.0,0.0,0.111037016,0.111,Attack,Attack-TCP-Flag-ACK-PSH
20,20.0,1.0,1702932900.0,20,20.0,0.0,1702932900.0,20,0,0.0,1702932900.0,20.0,0,0.0,1702932900.0,20.0,0.0,0.0,1702932900.0,20.0,0.0,0.0,1702932900.0,20,0.0,1702932900.0,1702932900.0,20,1,1702932900.0,1702932900.0,20,0,1702932900.0,0.0,20.0,0.0,1702932900.0,0.0,Attack,Attack-TCP-Flag-ACK-PSH
20,20.0,1.0,1702932900.0,20,20.0,0.0,1702932900.0,20,0,0.0,1702932900.0,20.0,0,0.0,1702932900.0,20.0,0.0,0.0,1702932900.0,20.0,0.0,0.0,1702932900.0,20,0.0,1702932900.0,1702932900.0,20,1,1702932900.0,1702932900.0,20,0,1702932900.0,0.0,20.0,0.0,1702932900.0,0.0,Attack,Attack-TCP-Flag-ACK-PSH
20,20.0,1.0,1702932900.0,20,20.0,0.0,1702932900.0,20,0,0.0,1702932900.0,20.0,0,0.0,1702932900.0,20.0,0.0,0.0,1702932900.0,20.0,0.0,0.0,1702932900.0,20,0.0,1702932900.0,1702932900.0,20,1,1702932900.0,1702932900.0,20,0,1702932900.0,0.0,20.0,0.0,1702932900.0,0.0,Attack,Attack-TCP-Flag-ACK-PSH
40,0.0,0.5,0.1109,20,0.0,0.0,0.1109,20,0,0.5,0.0,20.0,62608,0.0,0.0,20.0,18.031487,0.0,0.0,20.0,18.031487,0.0,0.0,0,0.0,0.1109,0.0,0,1,0.11091709,0.0,0,1,0.11091709,0.11091709,0.0,0.0,0.11091709,0.1109,Attack,Attack-TCP-Flag-ACK-PSH
24,24.0,0.0,1702932900.0,24,24.0,1.0,1702932900.0,24,65535,0.0,1702932900.0,24.0,0,0.0,1702932900.0,24.0,0.0,1.0,1702932900.0,24.0,0.0,0.0,1702932900.0,24,0.0,1702932900.0,1702932900.0,24,0,1702932900.0,1702932900.0,24,0,1702932900.0,0.0,24.0,1.0,1702932900.0,0.0,Attack,Attack-TCP-Flag-ACK-PSH
40,0.0,0.5,0.1076,20,0.0,0.0,0.1076,20,0,0.5,0.0,20.0,62590,0.0,0.0,20.0,18.58856,0.0,0.0,20.0,18.58856,0.0,0.0,0,0.0,0.1076,0.0,0,1,0.10759306,0.0,0,1,0.10759306,0.10759306,0.0,0.0,0.10759306,0.1076,Attack,Attack-TCP-Flag-ACK-PSH
20,20.0,1.0,1702932900.0,20,20.0,0.0,1702932900.0,20,0,0.0,1702932900.0,20.0,0,0.0,1702932900.0,20.0,0.0,0.0,1702932900.0,20.0,0.0,0.0,1702932900.0,20,0.0,1702932900.0,1702932900.0,20,1,1702932900.0,1702932900.0,20,0,1702932900.0,0.0,20.0,0.0,1702932900.0,0.0,Attack,Attack-TCP-Flag-ACK-PSH
20,20.0,1.0,1702932900.0,20,20.0,0.0,1702932900.0,20,0,0.0,1702932900.0,20.0,0,0.0,1702932900.0,20.0,0.0,0.0,1702932900.0,20.0,0.0,0.0,1702932900.0,20,0.0,1702932900.0,1702932900.0,20,1,1702932900.0,1702932900.0,20,0,1702932900.0,0.0,20.0,0.0,1702932900.0,0.0,Attack,Attack-TCP-Flag-ACK-PSH
40,0.0,0.5,0.1098,20,0.0,0.0,0.1098,20,0,0.5,0.0,20.0,62605,0.0,0.0,20.0,18.206657,0.0,0.0,20.0,18.206657,0.0,0.0,0,0.0,0.1098,0.0,0,1,0.10984993,0.0,0,1,0.10984993,0.10984993,0.0,0.0,0.10984993,0.1098,Attack,Attack-TCP-Flag-ACK-PSH
20,20.0,1.0,1702932900.0,20,20.0,0.0,1702932900.0,20,0,0.0,1702932900.0,20.0,0,0.0,1702932900.0,20.0,0.0,0.0,1702932900.0,20.0,0.0,0.0,1702932900.0,20,0.0,1702932900.0,1702932900.0,20,1,1702932900.0,1702932900.0,20,0,1702932900.0,0.0,20.0,0.0,1702932900.0,0.0,Attack,Attack-TCP-Flag-ACK-PSH
24,24.0,0.0,1702932900.0,24,24.0,1.0,1702932900.0,24,65535,0.0,1702932900.0,24.0,0,0.0,1702932900.0,24.0,0.0,1.0,1702932900.0,24.0,0.0,0.0,1702932900.0,24,0.0,1702932900.0,1702932900.0,24,0,1702932900.0,1702932900.0,24,0,1702932900.0,0.0,24.0,1.0,1702932900.0,0.0,Attack,Attack-TCP-Flag-ACK-PSH
40,0.0,0.5,0.1101,20,0.0,0.0,0.1101,20,0,0.5,0.0,20.0,62602,0.0,0.0,20.0,18.167267,0.0,0.0,20.0,18.167267,0.0,0.0,0,0.0,0.1101,0.0,0,1,0.11008811,0.0,0,1,0.11008811,0.11008811,0.0,0.0,0.11008811,0.1101,Attack,Attack-TCP-Flag-ACK-PSH
40,0.0,0.5,0.1109,20,0.0,0.0,0.1109,20,0,0.5,0.0,20.0,62605,0.0,0.0,20.0,18.035208,0.0,0.0,20.0,18.035208,0.0,0.0,0,0.0,0.1109,0.0,0,1,0.1108942,0.0,0,1,0.1108942,0.1108942,0.0,0.0,0.1108942,0.1109,Attack,Attack-TCP-Flag-ACK-PSH
40,0.0,0.5,0.1097,20,0.0,0.0,0.1097,20,0,0.5,0.0,20.0,62602,0.0,0.0,20.0,18.225565,0.0,0.0,20.0,18.225565,0.0,0.0,0,0.0,0.1097,0.0,0,1,0.109735966,0.0,0,1,0.109735966,0.109735966,0.0,0.0,0.109735966,0.1097,Attack,Attack-TCP-Flag-ACK-PSH
40,0.0,0.5,0.1081,20,0.0,0.0,0.1081,20,0,0.5,0.0,20.0,62596,0.0,0.0,20.0,18.507725,0.0,0.0,20.0,18.507725,0.0,0.0,0,0.0,0.1081,0.0,0,1,0.10806298,0.0,0,1,0.10806298,0.10806298,0.0,0.0,0.10806298,0.1081,Attack,Attack-TCP-Flag-ACK-PSH
40,0.0,0.5,0.1079,20,0.0,0.0,0.1079,20,0,0.5,0.0,20.0,62605,0.0,0.0,20.0,18.527796,0.0,0.0,20.0,18.527796,0.0,0.0,0,0.0,0.1079,0.0,0,1,0.10794592,0.0,0,1,0.10794592,0.10794592,0.0,0.0,0.10794592,0.1079,Attack,Attack-TCP-Flag-ACK-PSH
40,0.0,0.5,0.111,20,0.0,0.0,0.111,20,0,0.5,0.0,20.0,62602,0.0,0.0,20.0,18.024511,0.0,0.0,20.0,18.024511,0.0,0.0,0,0.0,0.111,0.0,0,1,0.11096001,0.0,0,1,0.11096001,0.11096001,0.0,0.0,0.11096001,0.111,Attack,Attack-TCP-Flag-ACK-PSH
60,40.0,0.5,1e-04,40,40.0,0.5,1e-04,20,5840,0.5,1702932900.0,30.0,0,0.0,1702932900.0,30.0,20815.404,1.0,1702932900.0,20.0,10407.702,0.0,1702932900.0,40,10407.702,1e-04,1702932900.0,40,1,9.608269e-05,1702932900.0,40,1,9.608269e-05,1702932900.0,40.0,0.5,9.608269e-05,1702932900.0,Attack,Attack-TCP-Flag-ACK-PSH
40,0.0,0.5,0.1108,20,0.0,0.0,0.1108,20,0,0.5,0.0,20.0,62599,0.0,0.0,20.0,18.057375,0.0,0.0,20.0,18.057375,0.0,0.0,0,0.0,0.1108,0.0,0,1,0.110758066,0.0,0,1,0.110758066,0.110758066,0.0,0.0,0.110758066,0.1108,Attack,Attack-TCP-Flag-ACK-PSH
20,20.0,1.0,1702932900.0,20,20.0,0.0,1702932900.0,20,1200,0.0,1702932900.0,20.0,0,0.0,1702932900.0,20.0,0.0,0.0,1702932900.0,20.0,0.0,0.0,1702932900.0,20,0.0,1702932900.0,1702932900.0,20,1,1702932900.0,1702932900.0,20,0,1702932900.0,0.0,20.0,0.0,1702932900.0,0.0,Attack,Attack-TCP-Flag-ACK-PSH
40,0.0,0.5,0.111,20,0.0,0.0,0.111,20,0,0.5,0.0,20.0,62608,0.0,0.0,20.0,18.01089,0.0,0.0,20.0,18.01089,0.0,0.0,0,0.0,0.111,0.0,0,1,0.11104393,0.0,0,1,0.11104393,0.11104393,0.0,0.0,0.11104393,0.111,Attack,Attack-TCP-Flag-ACK-PSH
20,20.0,1.0,1702932900.0,20,20.0,0.0,1702932900.0,20,0,0.0,1702932900.0,20.0,0,0.0,1702932900.0,20.0,0.0,0.0,1702932900.0,20.0,0.0,0.0,1702932900.0,20,0.0,1702932900.0,1702932900.0,20,1,1702932900.0,1702932900.0,20,0,1702932900.0,0.0,20.0,0.0,1702932900.0,0.0,Attack,Attack-TCP-Flag-ACK-PSH
60,40.0,0.5,1e-04,40,40.0,0.5,1e-04,20,64240,0.5,1702932900.0,30.0,0,0.0,1702932900.0,30.0,22671.914,1.0,1702932900.0,20.0,11335.957,0.0,1702932900.0,40,11335.957,1e-04,1702932900.0,40,1,8.8214874e-05,1702932900.0,40,1,8.8214874e-05,1702932900.0,40.0,0.5,8.8214874e-05,1702932900.0,Attack,Attack-TCP-Flag-ACK-PSH
20,20.0,1.0,1702932900.0,20,20.0,0.0,1702932900.0,20,0,0.0,1702932900.0,20.0,0,0.0,1702932900.0,20.0,0.0,0.0,1702932900.0,20.0,0.0,0.0,1702932900.0,20,0.0,1702932900.0,1702932900.0,20,1,1702932900.0,1702932900.0,20,0,1702932900.0,0.0,20.0,0.0,1702932900.0,0.0,Attack,Attack-TCP-Flag-ACK-PSH
40,0.0,0.5,0.1079,20,0.0,0.0,0.1079,20,0,0.5,0.0,20.0,62592,0.0,0.0,20.0,18.531889,0.0,0.0,20.0,18.531889,0.0,0.0,0,0.0,0.1079,0.0,0,1,0.10792208,0.0,0,1,0.10792208,0.10792208,0.0,0.0,0.10792208,0.1079,Attack,Attack-TCP-Flag-ACK-PSH
60,40.0,0.5,0.0002,40,40.0,0.5,0.0002,20,64240,0.5,1702932900.0,30.0,0,0.0,1702932900.0,30.0,10922.667,1.0,1702932900.0,20.0,5461.3335,0.0,1702932900.0,40,5461.3335,0.0002,1702932900.0,40,1,0.00018310547,1702932900.0,40,1,0.00018310547,1702932900.0,40.0,0.5,0.00018310547,1702932900.0,Attack,Attack-TCP-Flag-ACK-PSH
24,24.0,0.0,1702932900.0,24,24.0,1.0,1702932900.0,24,65535,0.0,1702932900.0,24.0,0,0.0,1702932900.0,24.0,0.0,1.0,1702932900.0,24.0,0.0,0.0,1702932900.0,24,0.0,1702932900.0,1702932900.0,24,0,1702932900.0,1702932900.0,24,0,1702932900.0,0.0,24.0,1.0,1702932900.0,0.0,Attack,Attack-TCP-Flag-ACK-PSH
40,0.0,0.5,0.111,20,0.0,0.0,0.111,20,0,0.5,0.0,20.0,62592,0.0,0.0,20.0,18.021917,0.0,0.0,20.0,18.021917,0.0,0.0,0,0.0,0.111,0.0,0,1,0.11097598,0.0,0,1,0.11097598,0.11097598,0.0,0.0,0.11097598,0.111,Attack,Attack-TCP-Flag-ACK-PSH
40,0.0,0.5,0.1079,20,0.0,0.0,0.1079,20,0,0.5,0.0,20.0,62599,0.0,0.0,20.0,18.530539,0.0,0.0,20.0,18.530539,0.0,0.0,0,0.0,0.1079,0.0,0,1,0.107929945,0.0,0,1,0.107929945,0.107929945,0.0,0.0,0.107929945,0.1079,Attack,Attack-TCP-Flag-ACK-PSH
40,0.0,0.5,0.1109,20,0.0,0.0,0.1109,20,0,0.5,0.0,20.0,62596,0.0,0.0,20.0,18.027262,0.0,0.0,20.0,18.027262,0.0,0.0,0,0.0,0.1109,0.0,0,1,0.11094308,0.0,0,1,0.11094308,0.11094308,0.0,0.0,0.11094308,0.1109,Attack,Attack-TCP-Flag-ACK-PSH
40,0.0,0.5,0.1099,20,0.0,0.0,0.1099,20,0,0.5,0.0,20.0,62602,0.0,0.0,20.0,18.201324,0.0,0.0,20.0,18.201324,0.0,0.0,0,0.0,0.1099,0.0,0,1,0.10988212,0.0,0,1,0.10988212,0.10988212,0.0,0.0,0.10988212,0.1099,Attack,Attack-TCP-Flag-ACK-PSH
20,20.0,1.0,1702932900.0,20,20.0,0.0,1702932900.0,20,0,0.0,1702932900.0,20.0,0,0.0,1702932900.0,20.0,0.0,0.0,1702932900.0,20.0,0.0,0.0,1702932900.0,20,0.0,1702932900.0,1702932900.0,20,1,1702932900.0,1702932900.0,20,0,1702932900.0,0.0,20.0,0.0,1702932900.0,0.0,Attack,Attack-TCP-Flag-ACK-PSH
20,20.0,1.0,1702932900.0,20,20.0,0.0,1702932900.0,20,0,0.0,1702932900.0,20.0,0,0.0,1702932900.0,20.0,0.0,0.0,1702932900.0,20.0,0.0,0.0,1702932900.0,20,0.0,1702932900.0,1702932900.0,20,1,1702932900.0,1702932900.0,20,0,1702932900.0,0.0,20.0,0.0,1702932900.0,0.0,Attack,Attack-TCP-Flag-ACK-PSH
40,0.0,0.5,0.11,20,0.0,0.0,0.11,20,0,0.5,0.0,20.0,62605,0.0,0.0,20.0,18.180338,0.0,0.0,20.0,18.180338,0.0,0.0,0,0.0,0.11,0.0,0,1,0.110008955,0.0,0,1,0.110008955,0.110008955,0.0,0.0,0.110008955,0.11,Attack,Attack-TCP-Flag-ACK-PSH
24,24.0,0.0,1702932900.0,24,24.0,1.0,1702932900.0,24,1025,0.0,1702932900.0,24.0,0,0.0,1702932900.0,24.0,0.0,1.0,1702932900.0,24.0,0.0,0.0,1702932900.0,24,0.0,1702932900.0,1702932900.0,24,0,1702932900.0,1702932900.0,24,0,1702932900.0,0.0,24.0,1.0,1702932900.0,0.0,Attack,Attack-TCP-Flag-ACK-PSH
20,20.0,1.0,1702932900.0,20,20.0,0.0,1702932900.0,20,0,0.0,1702932900.0,20.0,0,0.0,1702932900.0,20.0,0.0,0.0,1702932900.0,20.0,0.0,0.0,1702932900.0,20,0.0,1702932900.0,1702932900.0,20,1,1702932900.0,1702932900.0,20,0,1702932900.0,0.0,20.0,0.0,1702932900.0,0.0,Attack,Attack-TCP-Flag-ACK-PSH
20,20.0,1.0,1702932900.0,20,20.0,0.0,1702932900.0,20,1200,0.0,1702932900.0,20.0,0,0.0,1702932900.0,20.0,0.0,0.0,1702932900.0,20.0,0.0,0.0,1702932900.0,20,0.0,1702932900.0,1702932900.0,20,1,1702932900.0,1702932900.0,20,0,1702932900.0,0.0,20.0,0.0,1702932900.0,0.0,Attack,Attack-TCP-Flag-ACK-PSH
20,20.0,1.0,1702932900.0,20,20.0,0.0,1702932900.0,20,0,0.0,1702932900.0,20.0,0,0.0,1702932900.0,20.0,0.0,0.0,1702932900.0,20.0,0.0,0.0,1702932900.0,20,0.0,1702932900.0,1702932900.0,20,1,1702932900.0,1702932900.0,20,0,1702932900.0,0.0,20.0,0.0,1702932900.0,0.0,Attack,Attack-TCP-Flag-ACK-PSH
40,0.0,0.5,0.1062,20,0.0,0.0,0.1062,20,0,0.5,0.0,20.0,62605,0.0,0.0,20.0,18.83455,0.0,0.0,20.0,18.83455,0.0,0.0,0,0.0,0.1062,0.0,0,1,0.10618782,0.0,0,1,0.10618782,0.10618782,0.0,0.0,0.10618782,0.1062,Attack,Attack-TCP-Flag-ACK-PSH
24,24.0,0.0,1702932900.0,24,24.0,1.0,1702932900.0,24,65535,0.0,1702932900.0,24.0,0,0.0,1702932900.0,24.0,0.0,1.0,1702932900.0,24.0,0.0,0.0,1702932900.0,24,0.0,1702932900.0,1702932900.0,24,0,1702932900.0,1702932900.0,24,0,1702932900.0,0.0,24.0,1.0,1702932900.0,0.0,Attack,Attack-TCP-Flag-ACK-PSH
20,20.0,1.0,1702932900.0,20,20.0,0.0,1702932900.0,20,0,0.0,1702932900.0,20.0,0,0.0,1702932900.0,20.0,0.0,0.0,1702932900.0,20.0,0.0,0.0,1702932900.0,20,0.0,1702932900.0,1702932900.0,20,1,1702932900.0,1702932900.0,20,0,1702932900.0,0.0,20.0,0.0,1702932900.0,0.0,Attack,Attack-TCP-Flag-ACK-PSH
40,0.0,0.5,0.111,20,0.0,0.0,0.111,20,0,0.5,0.0,20.0,62602,0.0,0.0,20.0,18.021414,0.0,0.0,20.0,18.021414,0.0,0.0,0,0.0,0.111,0.0,0,1,0.11097908,0.0,0,1,0.11097908,0.11097908,0.0,0.0,0.11097908,0.111,Attack,Attack-TCP-Flag-ACK-PSH
40,0.0,0.5,0.1091,20,0.0,0.0,0.1091,20,0,0.5,0.0,20.0,62594,0.0,0.0,20.0,18.32374,0.0,0.0,20.0,18.32374,0.0,0.0,0,0.0,0.1091,0.0,0,1,0.109148026,0.0,0,1,0.109148026,0.109148026,0.0,0.0,0.109148026,0.1091,Attack,Attack-TCP-Flag-ACK-PSH
40,20.0,0.5,1e-04,20,20.0,0.5,1e-04,20,65535,0.5,1702932900.0,20.0,0,0.0,1702932900.0,20.0,25575.023,1.0,1702932900.0,20.0,12787.512,0.0,1702932900.0,20,12787.512,1e-04,1702932900.0,20,1,7.8201294e-05,1702932900.0,20,1,7.8201294e-05,1702932900.0,20.0,0.5,7.8201294e-05,1702932900.0,Attack,Attack-TCP-Flag-ACK-PSH
20,20.0,1.0,1702932900.0,20,20.0,0.0,1702932900.0,20,0,0.0,1702932900.0,20.0,0,0.0,1702932900.0,20.0,0.0,0.0,1702932900.0,20.0,0.0,0.0,1702932900.0,20,0.0,1702932900.0,1702932900.0,20,1,1702932900.0,1702932900.0,20,0,1702932900.0,0.0,20.0,0.0,1702932900.0,0.0,Attack,Attack-TCP-Flag-ACK-PSH
24,24.0,0.0,1702932900.0,24,24.0,1.0,1702932900.0,24,1024,0.0,1702932900.0,24.0,0,0.0,1702932900.0,24.0,0.0,1.0,1702932900.0,24.0,0.0,0.0,1702932900.0,24,0.0,1702932900.0,1702932900.0,24,0,1702932900.0,1702932900.0,24,0,1702932900.0,0.0,24.0,1.0,1702932900.0,0.0,Attack,Attack-TCP-Flag-ACK-PSH
20,20.0,1.0,1702932900.0,20,20.0,0.0,1702932900.0,20,0,0.0,1702932900.0,20.0,0,0.0,1702932900.0,20.0,0.0,0.0,1702932900.0,20.0,0.0,0.0,1702932900.0,20,0.0,1702932900.0,1702932900.0,20,1,1702932900.0,1702932900.0,20,0,1702932900.0,0.0,20.0,0.0,1702932900.0,0.0,Attack,Attack-TCP-Flag-ACK-PSH
24,24.0,0.0,1702932900.0,24,24.0,1.0,1702932900.0,24,65535,0.0,1702932900.0,24.0,0,0.0,1702932900.0,24.0,0.0,1.0,1702932900.0,24.0,0.0,0.0,1702932900.0,24,0.0,1702932900.0,1702932900.0,24,0,1702932900.0,1702932900.0,24,0,1702932900.0,0.0,24.0,1.0,1702932900.0,0.0,Attack,Attack-TCP-Flag-ACK-PSH
40,0.0,0.5,0.1109,20,0.0,0.0,0.1109,20,0,0.5,0.0,20.0,62596,0.0,0.0,20.0,18.034588,0.0,0.0,20.0,18.034588,0.0,0.0,0,0.0,0.1109,0.0,0,1,0.11089802,0.0,0,1,0.11089802,0.11089802,0.0,0.0,0.11089802,0.1109,Attack,Attack-TCP-Flag-ACK-PSH
20,20.0,1.0,1702932900.0,20,20.0,0.0,1702932900.0,20,0,0.0,1702932900.0,20.0,0,0.0,1702932900.0,20.0,0.0,0.0,1702932900.0,20.0,0.0,0.0,1702932900.0,20,0.0,1702932900.0,1702932900.0,20,1,1702932900.0,1702932900.0,20,0,1702932900.0,0.0,20.0,0.0,1702932900.0,0.0,Attack,Attack-TCP-Flag-ACK-PSH
40,0.0,0.5,0.1078,20,0.0,0.0,0.1078,20,0,0.5,0.0,20.0,62592,0.0,0.0,20.0,18.545122,0.0,0.0,20.0,18.545122,0.0,0.0,0,0.0,0.1078,0.0,0,1,0.10784507,0.0,0,1,0.10784507,0.10784507,0.0,0.0,0.10784507,0.1078,Attack,Attack-TCP-Flag-ACK-PSH
40,0.0,0.5,0.1112,20,0.0,0.0,0.1112,20,0,0.5,0.0,20.0,62590,0.0,0.0,20.0,17.991575,0.0,0.0,20.0,17.991575,0.0,0.0,0,0.0,0.1112,0.0,0,1,0.11116314,0.0,0,1,0.11116314,0.11116314,0.0,0.0,0.11116314,0.1112,Attack,Attack-TCP-Flag-ACK-PSH
24,24.0,0.0,1702932900.0,24,24.0,1.0,1702932900.0,24,65535,0.0,1702932900.0,24.0,0,0.0,1702932900.0,24.0,0.0,1.0,1702932900.0,24.0,0.0,0.0,1702932900.0,24,0.0,1702932900.0,1702932900.0,24,0,1702932900.0,1702932900.0,24,0,1702932900.0,0.0,24.0,1.0,1702932900.0,0.0,Attack,Attack-TCP-Flag-ACK-PSH
24,24.0,0.0,1702932900.0,24,24.0,1.0,1702932900.0,24,1025,0.0,1702932900.0,24.0,0,0.0,1702932900.0,24.0,0.0,1.0,1702932900.0,24.0,0.0,0.0,1702932900.0,24,0.0,1702932900.0,1702932900.0,24,0,1702932900.0,1702932900.0,24,0,1702932900.0,0.0,24.0,1.0,1702932900.0,0.0,Attack,Attack-TCP-Flag-ACK-PSH
24,24.0,0.0,1702932900.0,24,24.0,1.0,1702932900.0,24,65535,0.0,1702932900.0,24.0,0,0.0,1702932900.0,24.0,0.0,1.0,1702932900.0,24.0,0.0,0.0,1702932900.0,24,0.0,1702932900.0,1702932900.0,24,0,1702932900.0,1702932900.0,24,0,1702932900.0,0.0,24.0,1.0,1702932900.0,0.0,Attack,Attack-TCP-Flag-ACK-PSH
20,20.0,0.0,1702932900.0,20,20.0,0.0,1702932900.0,20,1025,0.0,1702932900.0,20.0,0,0.0,1702932900.0,20.0,0.0,0.0,1702932900.0,20.0,0.0,0.0,1702932900.0,20,0.0,1702932900.0,1702932900.0,20,0,1702932900.0,1702932900.0,20,0,1702932900.0,0.0,20.0,0.0,1702932900.0,0.0,Attack,Attack-TCP-Flag-ACK-PSH
40,0.0,0.5,0.1103,20,0.0,0.0,0.1103,20,0,0.5,0.0,20.0,62596,0.0,0.0,20.0,18.12644,0.0,0.0,20.0,18.12644,0.0,0.0,0,0.0,0.1103,0.0,0,1,0.110336065,0.0,0,1,0.110336065,0.110336065,0.0,0.0,0.110336065,0.1103,Attack,Attack-TCP-Flag-ACK-PSH
20,20.0,1.0,1702932900.0,20,20.0,0.0,1702932900.0,20,0,0.0,1702932900.0,20.0,0,0.0,1702932900.0,20.0,0.0,0.0,1702932900.0,20.0,0.0,0.0,1702932900.0,20,0.0,1702932900.0,1702932900.0,20,1,1702932900.0,1702932900.0,20,0,1702932900.0,0.0,20.0,0.0,1702932900.0,0.0,Attack,Attack-TCP-Flag-ACK-PSH
40,0.0,0.5,0.1077,20,0.0,0.0,0.1077,20,0,0.5,0.0,20.0,62596,0.0,0.0,20.0,18.576828,0.0,0.0,20.0,18.576828,0.0,0.0,0,0.0,0.1077,0.0,0,1,0.10766101,0.0,0,1,0.10766101,0.10766101,0.0,0.0,0.10766101,0.1077,Attack,Attack-TCP-Flag-ACK-PSH
20,20.0,1.0,1702932900.0,20,20.0,0.0,1702932900.0,20,0,0.0,1702932900.0,20.0,0,0.0,1702932900.0,20.0,0.0,0.0,1702932900.0,20.0,0.0,0.0,1702932900.0,20,0.0,1702932900.0,1702932900.0,20,1,1702932900.0,1702932900.0,20,0,1702932900.0,0.0,20.0,0.0,1702932900.0,0.0,Attack,Attack-TCP-Flag-ACK-PSH
40,20.0,0.5,1e-04,20,20.0,0.5,1e-04,20,65535,0.5,1702932900.0,20.0,0,0.0,1702932900.0,20.0,19645.451,1.0,1702932900.0,20.0,9822.726,0.0,1702932900.0,20,9822.726,1e-04,1702932900.0,20,1,0.00010180473,1702932900.0,20,1,0.00010180473,1702932900.0,20.0,0.5,0.00010180473,1702932900.0,Attack,Attack-TCP-Flag-ACK-PSH
40,0.0,0.5,0.1099,20,0.0,0.0,0.1099,20,0,0.5,0.0,20.0,62605,0.0,0.0,20.0,18.204327,0.0,0.0,20.0,18.204327,0.0,0.0,0,0.0,0.1099,0.0,0,1,0.109864,0.0,0,1,0.109864,0.109864,0.0,0.0,0.109864,0.1099,Attack,Attack-TCP-Flag-ACK-PSH
20,20.0,1.0,1702932900.0,20,20.0,0.0,1702932900.0,20,0,0.0,1702932900.0,20.0,0,0.0,1702932900.0,20.0,0.0,0.0,1702932900.0,20.0,0.0,0.0,1702932900.0,20,0.0,1702932900.0,1702932900.0,20,1,1702932900.0,1702932900.0,20,0,1702932900.0,0.0,20.0,0.0,1702932900.0,0.0,Attack,Attack-TCP-Flag-ACK-PSH
20,20.0,1.0,1702932900.0,20,20.0,0.0,1702932900.0,20,0,0.0,1702932900.0,20.0,0,0.0,1702932900.0,20.0,0.0,0.0,1702932900.0,20.0,0.0,0.0,1702932900.0,20,0.0,1702932900.0,1702932900.0,20,1,1702932900.0,1702932900.0,20,0,1702932900.0,0.0,20.0,0.0,1702932900.0,0.0,Attack,Attack-TCP-Flag-ACK-PSH
40,0.0,0.5,0.1079,20,0.0,0.0,0.1079,20,0,0.5,0.0,20.0,62599,0.0,0.0,20.0,18.542376,0.0,0.0,20.0,18.542376,0.0,0.0,0,0.0,0.1079,0.0,0,1,0.10786104,0.0,0,1,0.10786104,0.10786104,0.0,0.0,0.10786104,0.1079,Attack,Attack-TCP-Flag-ACK-PSH
40,0.0,0.5,0.1119,20,0.0,0.0,0.1119,20,0,0.5,0.0,20.0,62590,0.0,0.0,20.0,17.866386,0.0,0.0,20.0,17.866386,0.0,0.0,0,0.0,0.1119,0.0,0,1,0.11194205,0.0,0,1,0.11194205,0.11194205,0.0,0.0,0.11194205,0.1119,Attack,Attack-TCP-Flag-ACK-PSH
24,24.0,0.0,1702933000.0,24,24.0,1.0,1702933000.0,24,1024,0.0,1702933000.0,24.0,0,0.0,1702933000.0,24.0,0.0,1.0,1702933000.0,24.0,0.0,0.0,1702933000.0,24,0.0,1702933000.0,1702933000.0,24,0,1702933000.0,1702933000.0,24,0,1702933000.0,0.0,24.0,1.0,1702933000.0,0.0,Attack,Attack-TCP-Flag-ACK-PSH
40,40.0,0.0,1702933000.0,40,40.0,1.0,1702933000.0,40,29200,0.0,1702933000.0,40.0,0,0.0,1702933000.0,40.0,0.0,1.0,1702933000.0,40.0,0.0,0.0,1702933000.0,40,0.0,1702933000.0,1702933000.0,40,0,1702933000.0,1702933000.0,40,0,1702933000.0,0.0,40.0,1.0,1702933000.0,0.0,Attack,Attack-TCP-Flag-ACK-PSH
20,20.0,1.0,1702933000.0,20,20.0,0.0,1702933000.0,20,1200,0.0,1702933000.0,20.0,0,0.0,1702933000.0,20.0,0.0,0.0,1702933000.0,20.0,0.0,0.0,1702933000.0,20,0.0,1702933000.0,1702933000.0,20,1,1702933000.0,1702933000.0,20,0,1702933000.0,0.0,20.0,0.0,1702933000.0,0.0,Attack,Attack-TCP-Flag-ACK-PSH
40,0.0,0.5,0.1109,20,0.0,0.0,0.1109,20,0,0.5,0.0,20.0,62602,0.0,0.0,20.0,18.02858,0.0,0.0,20.0,18.02858,0.0,0.0,0,0.0,0.1109,0.0,0,1,0.11093497,0.0,0,1,0.11093497,0.11093497,0.0,0.0,0.11093497,0.1109,Attack,Attack-TCP-Flag-ACK-PSH
40,0.0,0.5,0.1111,20,0.0,0.0,0.1111,20,0,0.5,0.0,20.0,62605,0.0,0.0,20.0,18.009884,0.0,0.0,20.0,18.009884,0.0,0.0,0,0.0,0.1111,0.0,0,1,0.11105013,0.0,0,1,0.11105013,0.11105013,0.0,0.0,0.11105013,0.1111,Attack,Attack-TCP-Flag-ACK-PSH
40,0.0,0.5,0.1077,20,0.0,0.0,0.1077,20,0,0.5,0.0,20.0,62596,0.0,0.0,20.0,18.570782,0.0,0.0,20.0,18.570782,0.0,0.0,0,0.0,0.1077,0.0,0,1,0.10769606,0.0,0,1,0.10769606,0.10769606,0.0,0.0,0.10769606,0.1077,Attack,Attack-TCP-Flag-ACK-PSH
20,20.0,0.0,1702933000.0,20,20.0,1.0,1702933000.0,20,1024,0.0,1702933000.0,20.0,0,0.0,1702933000.0,20.0,0.0,1.0,1702933000.0,20.0,0.0,0.0,1702933000.0,20,0.0,1702933000.0,1702933000.0,20,0,1702933000.0,1702933000.0,20,0,1702933000.0,0.0,20.0,1.0,1702933000.0,0.0,Attack,Attack-TCP-Flag-ACK-PSH
80,40.0,0.0,0.9992,40,40.0,1.0,0.9992,40,29040,0.0,0.9992,40.0,0,0.0,0.9991541,40.0,2.0016932,1.0,0.9991541,40.0,0.0,0.0,0.9991541,80,2.0016932,0.9992,0.9992,40,0,0.9991541,0.9992,40,0,0.9991541,0.0,40.0,1.0,0.9991541,0.0,Attack,Attack-TCP-Flag-ACK-PSH
40,0.0,0.5,0.1068,20,0.0,0.0,0.1068,20,0,0.5,0.0,20.0,62596,0.0,0.0,20.0,18.719265,0.0,0.0,20.0,18.719265,0.0,0.0,0,0.0,0.1068,0.0,0,1,0.1068418,0.0,0,1,0.1068418,0.1068418,0.0,0.0,0.1068418,0.1068,Attack,Attack-TCP-Flag-ACK-PSH
40,0.0,0.5,0.11,20,0.0,0.0,0.11,20,0,0.5,0.0,20.0,62602,0.0,0.0,20.0,18.181639,0.0,0.0,20.0,18.181639,0.0,0.0,0,0.0,0.11,0.0,0,1,0.11000109,0.0,0,1,0.11000109,0.11000109,0.0,0.0,0.11000109,0.11,Attack,Attack-TCP-Flag-ACK-PSH
40,0.0,0.5,0.1079,20,0.0,0.0,0.1079,20,0,0.5,0.0,20.0,62608,0.0,0.0,20.0,18.537746,0.0,0.0,20.0,18.537746,0.0,0.0,0,0.0,0.1079,0.0,0,1,0.10788798,0.0,0,1,0.10788798,0.10788798,0.0,0.0,0.10788798,0.1079,Attack,Attack-TCP-Flag-ACK-PSH
24,24.0,0.0,1702933000.0,24,24.0,1.0,1702933000.0,24,65535,0.0,1702933000.0,24.0,0,0.0,1702933000.0,24.0,0.0,1.0,1702933000.0,24.0,0.0,0.0,1702933000.0,24,0.0,1702933000.0,1702933000.0,24,0,1702933000.0,1702933000.0,24,0,1702933000.0,0.0,24.0,1.0,1702933000.0,0.0,Attack,Attack-TCP-Flag-ACK-PSH
40,20.0,0.5,1e-04,20,20.0,0.5,1e-04,20,1024,0.5,1702933000.0,20.0,0,0.0,1702933000.0,20.0,25040.621,1.0,1702933000.0,20.0,12520.311,0.0,1702933000.0,20,12520.311,1e-04,1702933000.0,20,1,7.9870224e-05,1702933000.0,20,1,7.9870224e-05,1702933000.0,20.0,0.5,7.9870224e-05,1702933000.0,Attack,Attack-TCP-Flag-ACK-PSH
40,0.0,0.5,0.1109,20,0.0,0.0,0.1109,20,0,0.5,0.0,20.0,62596,0.0,0.0,20.0,18.027765,0.0,0.0,20.0,18.027765,0.0,0.0,0,0.0,0.1109,0.0,0,1,0.11093998,0.0,0,1,0.11093998,0.11093998,0.0,0.0,0.11093998,0.1109,Attack,Attack-TCP-Flag-ACK-PSH
40,0.0,0.5,0.1094,20,0.0,0.0,0.1094,20,0,0.5,0.0,20.0,62605,0.0,0.0,20.0,18.277508,0.0,0.0,20.0,18.277508,0.0,0.0,0,0.0,0.1094,0.0,0,1,0.109424114,0.0,0,1,0.109424114,0.109424114,0.0,0.0,0.109424114,0.1094,Attack,Attack-TCP-Flag-ACK-PSH
20,20.0,1.0,1702933000.0,20,20.0,0.0,1702933000.0,20,0,0.0,1702933000.0,20.0,0,0.0,1702933000.0,20.0,0.0,0.0,1702933000.0,20.0,0.0,0.0,1702933000.0,20,0.0,1702933000.0,1702933000.0,20,1,1702933000.0,1702933000.0,20,0,1702933000.0,0.0,20.0,0.0,1702933000.0,0.0,Attack,Attack-TCP-Flag-ACK-PSH
20,20.0,1.0,1702933000.0,20,20.0,0.0,1702933000.0,20,0,0.0,1702933000.0,20.0,0,0.0,1702933000.0,20.0,0.0,0.0,1702933000.0,20.0,0.0,0.0,1702933000.0,20,0.0,1702933000.0,1702933000.0,20,1,1702933000.0,1702933000.0,20,0,1702933000.0,0.0,20.0,0.0,1702933000.0,0.0,Attack,Attack-TCP-Flag-ACK-PSH
20,20.0,0.0,1702933000.0,20,20.0,1.0,1702933000.0,20,65535,0.0,1702933000.0,20.0,0,0.0,1702933000.0,20.0,0.0,1.0,1702933000.0,20.0,0.0,0.0,1702933000.0,20,0.0,1702933000.0,1702933000.0,20,0,1702933000.0,1702933000.0,20,0,1702933000.0,0.0,20.0,1.0,1702933000.0,0.0,Attack,Attack-TCP-Flag-ACK-PSH
20,20.0,1.0,1702933000.0,20,20.0,0.0,1702933000.0,20,0,0.0,1702933000.0,20.0,0,0.0,1702933000.0,20.0,0.0,0.0,1702933000.0,20.0,0.0,0.0,1702933000.0,20,0.0,1702933000.0,1702933000.0,20,1,1702933000.0,1702933000.0,20,0,1702933000.0,0.0,20.0,0.0,1702933000.0,0.0,Attack,Attack-TCP-Flag-ACK-PSH
40,0.0,0.5,0.1098,20,0.0,0.0,0.1098,20,0,0.5,0.0,20.0,62588,0.0,0.0,20.0,18.2131,0.0,0.0,20.0,18.2131,0.0,0.0,0,0.0,0.1098,0.0,0,1,0.10981107,0.0,0,1,0.10981107,0.10981107,0.0,0.0,0.10981107,0.1098,Attack,Attack-TCP-Flag-ACK-PSH
40,0.0,0.5,0.111,20,0.0,0.0,0.111,20,0,0.5,0.0,20.0,62602,0.0,0.0,20.0,18.01588,0.0,0.0,20.0,18.01588,0.0,0.0,0,0.0,0.111,0.0,0,1,0.111013174,0.0,0,1,0.111013174,0.111013174,0.0,0.0,0.111013174,0.111,Attack,Attack-TCP-Flag-ACK-PSH
24,24.0,0.0,1702933000.0,24,24.0,1.0,1702933000.0,24,1025,0.0,1702933000.0,24.0,0,0.0,1702933000.0,24.0,0.0,1.0,1702933000.0,24.0,0.0,0.0,1702933000.0,24,0.0,1702933000.0,1702933000.0,24,0,1702933000.0,1702933000.0,24,0,1702933000.0,0.0,24.0,1.0,1702933000.0,0.0,Attack,Attack-TCP-Flag-ACK-PSH
20,20.0,1.0,1702933000.0,20,20.0,0.0,1702933000.0,20,0,0.0,1702933000.0,20.0,0,0.0,1702933000.0,20.0,0.0,0.0,1702933000.0,20.0,0.0,0.0,1702933000.0,20,0.0,1702933000.0,1702933000.0,20,1,1702933000.0,1702933000.0,20,0,1702933000.0,0.0,20.0,0.0,1702933000.0,0.0,Attack,Attack-TCP-Flag-ACK-PSH
40,0.0,0.5,0.1112,20,0.0,0.0,0.1112,20,0,0.5,0.0,20.0,62614,0.0,0.0,20.0,17.983206,0.0,0.0,20.0,17.983206,0.0,0.0,0,0.0,0.1112,0.0,0,1,0.111214876,0.0,0,1,0.111214876,0.111214876,0.0,0.0,0.111214876,0.1112,Attack,Attack-TCP-Flag-ACK-PSH
40,0.0,0.5,0.1111,20,0.0,0.0,0.1111,20,0,0.5,0.0,20.0,62590,0.0,0.0,20.0,18.003893,0.0,0.0,20.0,18.003893,0.0,0.0,0,0.0,0.1111,0.0,0,1,0.111087084,0.0,0,1,0.111087084,0.111087084,0.0,0.0,0.111087084,0.1111,Attack,Attack-TCP-Flag-ACK-PSH
52,32.0,0.5,1e-04,32,32.0,0.5,1e-04,20,1024,0.5,1702933000.0,26.0,0,0.0,1702933000.0,26.0,14820.862,1.0,1702933000.0,20.0,7410.431,0.0,1702933000.0,32,7410.431,1e-04,1702933000.0,32,1,0.00013494492,1702933000.0,32,1,0.00013494492,1702933000.0,32.0,0.5,0.00013494492,1702933000.0,Attack,Attack-TCP-Flag-ACK-PSH
20,20.0,1.0,1702933000.0,20,20.0,0.0,1702933000.0,20,0,0.0,1702933000.0,20.0,0,0.0,1702933000.0,20.0,0.0,0.0,1702933000.0,20.0,0.0,0.0,1702933000.0,20,0.0,1702933000.0,1702933000.0,20,1,1702933000.0,1702933000.0,20,0,1702933000.0,0.0,20.0,0.0,1702933000.0,0.0,Attack,Attack-TCP-Flag-ACK-PSH
40,0.0,0.5,0.108,20,0.0,0.0,0.108,20,0,0.5,0.0,20.0,62602,0.0,0.0,20.0,18.514547,0.0,0.0,20.0,18.514547,0.0,0.0,0,0.0,0.108,0.0,0,1,0.10802317,0.0,0,1,0.10802317,0.10802317,0.0,0.0,0.10802317,0.108,Attack,Attack-TCP-Flag-ACK-PSH
20,20.0,0.0,1702933000.0,20,20.0,1.0,1702933000.0,20,65535,0.0,1702933000.0,20.0,0,0.0,1702933000.0,20.0,0.0,1.0,1702933000.0,20.0,0.0,0.0,1702933000.0,20,0.0,1702933000.0,1702933000.0,20,0,1702933000.0,1702933000.0,20,0,1702933000.0,0.0,20.0,1.0,1702933000.0,0.0,Attack,Attack-TCP-Flag-ACK-PSH
40,0.0,0.5,0.1108,20,0.0,0.0,0.1108,20,0,0.5,0.0,20.0,62596,0.0,0.0,20.0,18.048439,0.0,0.0,20.0,18.048439,0.0,0.0,0,0.0,0.1108,0.0,0,1,0.1108129,0.0,0,1,0.1108129,0.1108129,0.0,0.0,0.1108129,0.1108,Attack,Attack-TCP-Flag-ACK-PSH
20,20.0,1.0,1702933000.0,20,20.0,0.0,1702933000.0,20,0,0.0,1702933000.0,20.0,0,0.0,1702933000.0,20.0,0.0,0.0,1702933000.0,20.0,0.0,0.0,1702933000.0,20,0.0,1702933000.0,1702933000.0,20,1,1702933000.0,1702933000.0,20,0,1702933000.0,0.0,20.0,0.0,1702933000.0,0.0,Attack,Attack-TCP-Flag-ACK-PSH
40,0.0,0.5,0.1077,20,0.0,0.0,0.1077,20,0,0.5,0.0,20.0,62602,0.0,0.0,20.0,18.570084,0.0,0.0,20.0,18.570084,0.0,0.0,0,0.0,0.1077,0.0,0,1,0.10770011,0.0,0,1,0.10770011,0.10770011,0.0,0.0,0.10770011,0.1077,Attack,Attack-TCP-Flag-ACK-PSH
40,0.0,0.5,0.1082,20,0.0,0.0,0.1082,20,0,0.5,0.0,20.0,62596,0.0,0.0,20.0,18.483583,0.0,0.0,20.0,18.483583,0.0,0.0,0,0.0,0.1082,0.0,0,1,0.10820413,0.0,0,1,0.10820413,0.10820413,0.0,0.0,0.10820413,0.1082,Attack,Attack-TCP-Flag-ACK-PSH
44,24.0,0.5,0.0002,24,24.0,0.5,0.0002,20,49957,0.5,1702933000.0,22.0,0,0.0,1702933000.0,22.0,12052.598,1.0,1702933000.0,20.0,6026.299,0.0,1702933000.0,24,6026.299,0.0002,1702933000.0,24,1,0.00016593933,1702933000.0,24,1,0.00016593933,1702933000.0,24.0,0.5,0.00016593933,1702933000.0,Attack,Attack-TCP-Flag-ACK-PSH
40,0.0,0.5,0.1062,20,0.0,0.0,0.1062,20,0,0.5,0.0,20.0,62596,0.0,0.0,20.0,18.834341,0.0,0.0,20.0,18.834341,0.0,0.0,0,0.0,0.1062,0.0,0,1,0.10618901,0.0,0,1,0.10618901,0.10618901,0.0,0.0,0.10618901,0.1062,Attack,Attack-TCP-Flag-ACK-PSH
20,20.0,1.0,1702933000.0,20,20.0,0.0,1702933000.0,20,0,0.0,1702933000.0,20.0,0,0.0,1702933000.0,20.0,0.0,0.0,1702933000.0,20.0,0.0,0.0,1702933000.0,20,0.0,1702933000.0,1702933000.0,20,1,1702933000.0,1702933000.0,20,0,1702933000.0,0.0,20.0,0.0,1702933000.0,0.0,Attack,Attack-TCP-Flag-ACK-PSH
20,20.0,1.0,1702933000.0,20,20.0,0.0,1702933000.0,20,0,0.0,1702933000.0,20.0,0,0.0,1702933000.0,20.0,0.0,0.0,1702933000.0,20.0,0.0,0.0,1702933000.0,20,0.0,1702933000.0,1702933000.0,20,1,1702933000.0,1702933000.0,20,0,1702933000.0,0.0,20.0,0.0,1702933000.0,0.0,Attack,Attack-TCP-Flag-ACK-PSH
40,0.0,0.5,0.1111,20,0.0,0.0,0.1111,20,0,0.5,0.0,20.0,62596,0.0,0.0,20.0,18.00227,0.0,0.0,20.0,18.00227,0.0,0.0,0,0.0,0.1111,0.0,0,1,0.1110971,0.0,0,1,0.1110971,0.1110971,0.0,0.0,0.1110971,0.1111,Attack,Attack-TCP-Flag-ACK-PSH
20,20.0,1.0,1702933000.0,20,20.0,0.0,1702933000.0,20,0,0.0,1702933000.0,20.0,0,0.0,1702933000.0,20.0,0.0,0.0,1702933000.0,20.0,0.0,0.0,1702933000.0,20,0.0,1702933000.0,1702933000.0,20,1,1702933000.0,1702933000.0,20,0,1702933000.0,0.0,20.0,0.0,1702933000.0,0.0,Attack,Attack-TCP-Flag-ACK-PSH
40,0.0,0.5,0.1113,20,0.0,0.0,0.1113,20,0,0.5,0.0,20.0,62602,0.0,0.0,20.0,17.973495,0.0,0.0,20.0,17.973495,0.0,0.0,0,0.0,0.1113,0.0,0,1,0.11127496,0.0,0,1,0.11127496,0.11127496,0.0,0.0,0.11127496,0.1113,Attack,Attack-TCP-Flag-ACK-PSH
40,0.0,0.5,0.1107,20,0.0,0.0,0.1107,20,0,0.5,0.0,20.0,62608,0.0,0.0,20.0,18.071068,0.0,0.0,20.0,18.071068,0.0,0.0,0,0.0,0.1107,0.0,0,1,0.11067414,0.0,0,1,0.11067414,0.11067414,0.0,0.0,0.11067414,0.1107,Attack,Attack-TCP-Flag-ACK-PSH
40,0.0,0.5,0.1112,20,0.0,0.0,0.1112,20,0,0.5,0.0,20.0,62596,0.0,0.0,20.0,17.985441,0.0,0.0,20.0,17.985441,0.0,0.0,0,0.0,0.1112,0.0,0,1,0.11120105,0.0,0,1,0.11120105,0.11120105,0.0,0.0,0.11120105,0.1112,Attack,Attack-TCP-Flag-ACK-PSH
20,20.0,1.0,1702933000.0,20,20.0,0.0,1702933000.0,20,0,0.0,1702933000.0,20.0,0,0.0,1702933000.0,20.0,0.0,0.0,1702933000.0,20.0,0.0,0.0,1702933000.0,20,0.0,1702933000.0,1702933000.0,20,1,1702933000.0,1702933000.0,20,0,1702933000.0,0.0,20.0,0.0,1702933000.0,0.0,Attack,Attack-TCP-Flag-ACK-PSH
40,0.0,0.5,0.1103,20,0.0,0.0,0.1103,20,0,0.5,0.0,20.0,62596,0.0,0.0,20.0,18.12644,0.0,0.0,20.0,18.12644,0.0,0.0,0,0.0,0.1103,0.0,0,1,0.110336065,0.0,0,1,0.110336065,0.110336065,0.0,0.0,0.110336065,0.1103,Attack,Attack-TCP-Flag-ACK-PSH
40,0.0,0.5,0.111,20,0.0,0.0,0.111,20,0,0.5,0.0,20.0,62602,0.0,0.0,20.0,18.01948,0.0,0.0,20.0,18.01948,0.0,0.0,0,0.0,0.111,0.0,0,1,0.110991,0.0,0,1,0.110991,0.110991,0.0,0.0,0.110991,0.111,Attack,Attack-TCP-Flag-ACK-PSH
20,20.0,1.0,1702933000.0,20,20.0,0.0,1702933000.0,20,0,0.0,1702933000.0,20.0,0,0.0,1702933000.0,20.0,0.0,0.0,1702933000.0,20.0,0.0,0.0,1702933000.0,20,0.0,1702933000.0,1702933000.0,20,1,1702933000.0,1702933000.0,20,0,1702933000.0,0.0,20.0,0.0,1702933000.0,0.0,Attack,Attack-TCP-Flag-ACK-PSH
20,20.0,1.0,1702933000.0,20,20.0,0.0,1702933000.0,20,0,0.0,1702933000.0,20.0,0,0.0,1702933000.0,20.0,0.0,0.0,1702933000.0,20.0,0.0,0.0,1702933000.0,20,0.0,1702933000.0,1702933000.0,20,1,1702933000.0,1702933000.0,20,0,1702933000.0,0.0,20.0,0.0,1702933000.0,0.0,Attack,Attack-TCP-Flag-ACK-PSH
24,24.0,0.0,1702933000.0,24,24.0,1.0,1702933000.0,24,65535,0.0,1702933000.0,24.0,0,0.0,1702933000.0,24.0,0.0,1.0,1702933000.0,24.0,0.0,0.0,1702933000.0,24,0.0,1702933000.0,1702933000.0,24,0,1702933000.0,1702933000.0,24,0,1702933000.0,0.0,24.0,1.0,1702933000.0,0.0,Attack,Attack-TCP-Flag-ACK-PSH
40,0.0,0.5,0.1109,20,0.0,0.0,0.1109,20,0,0.5,0.0,20.0,62608,0.0,0.0,20.0,18.041103,0.0,0.0,20.0,18.041103,0.0,0.0,0,0.0,0.1109,0.0,0,1,0.11085796,0.0,0,1,0.11085796,0.11085796,0.0,0.0,0.11085796,0.1109,Attack,Attack-TCP-Flag-ACK-PSH
40,0.0,0.5,0.1107,20,0.0,0.0,0.1107,20,0,0.5,0.0,20.0,62596,0.0,0.0,20.0,18.062119,0.0,0.0,20.0,18.062119,0.0,0.0,0,0.0,0.1107,0.0,0,1,0.11072898,0.0,0,1,0.11072898,0.11072898,0.0,0.0,0.11072898,0.1107,Attack,Attack-TCP-Flag-ACK-PSH
40,0.0,0.5,0.1067,20,0.0,0.0,0.1067,20,0,0.5,0.0,20.0,62605,0.0,0.0,20.0,18.748007,0.0,0.0,20.0,18.748007,0.0,0.0,0,0.0,0.1067,0.0,0,1,0.10667801,0.0,0,1,0.10667801,0.10667801,0.0,0.0,0.10667801,0.1067,Attack,Attack-TCP-Flag-ACK-PSH
20,20.0,1.0,1702933000.0,20,20.0,0.0,1702933000.0,20,0,0.0,1702933000.0,20.0,0,0.0,1702933000.0,20.0,0.0,0.0,1702933000.0,20.0,0.0,0.0,1702933000.0,20,0.0,1702933000.0,1702933000.0,20,1,1702933000.0,1702933000.0,20,0,1702933000.0,0.0,20.0,0.0,1702933000.0,0.0,Attack,Attack-TCP-Flag-ACK-PSH
40,0.0,0.5,0.107,20,0.0,0.0,0.107,20,0,0.5,0.0,20.0,62594,0.0,0.0,20.0,18.687197,0.0,0.0,20.0,18.687197,0.0,0.0,0,0.0,0.107,0.0,0,1,0.10702515,0.0,0,1,0.10702515,0.10702515,0.0,0.0,0.10702515,0.107,Attack,Attack-TCP-Flag-ACK-PSH
40,0.0,0.5,0.1101,20,0.0,0.0,0.1101,20,0,0.5,0.0,20.0,62596,0.0,0.0,20.0,18.15952,0.0,0.0,20.0,18.15952,0.0,0.0,0,0.0,0.1101,0.0,0,1,0.11013508,0.0,0,1,0.11013508,0.11013508,0.0,0.0,0.11013508,0.1101,Attack,Attack-TCP-Flag-ACK-PSH
40,0.0,0.5,0.1112,20,0.0,0.0,0.1112,20,0,0.5,0.0,20.0,62590,0.0,0.0,20.0,17.990301,0.0,0.0,20.0,17.990301,0.0,0.0,0,0.0,0.1112,0.0,0,1,0.11117101,0.0,0,1,0.11117101,0.11117101,0.0,0.0,0.11117101,0.1112,Attack,Attack-TCP-Flag-ACK-PSH
24,24.0,0.0,1702933000.0,24,24.0,1.0,1702933000.0,24,65535,0.0,1702933000.0,24.0,0,0.0,1702933000.0,24.0,0.0,1.0,1702933000.0,24.0,0.0,0.0,1702933000.0,24,0.0,1702933000.0,1702933000.0,24,0,1702933000.0,1702933000.0,24,0,1702933000.0,0.0,24.0,1.0,1702933000.0,0.0,Attack,Attack-TCP-Flag-ACK-PSH
40,20.0,0.5,0.0002,20,20.0,0.5,0.0002,20,1024,0.5,1702933000.0,20.0,0,0.0,1702933000.0,20.0,10810.062,1.0,1702933000.0,20.0,5405.031,0.0,1702933000.0,20,5405.031,0.0002,1702933000.0,20,1,0.00018501282,1702933000.0,20,1,0.00018501282,1702933000.0,20.0,0.5,0.00018501282,1702933000.0,Attack,Attack-TCP-Flag-ACK-PSH
20,20.0,1.0,1702933000.0,20,20.0,0.0,1702933000.0,20,0,0.0,1702933000.0,20.0,0,0.0,1702933000.0,20.0,0.0,0.0,1702933000.0,20.0,0.0,0.0,1702933000.0,20,0.0,1702933000.0,1702933000.0,20,1,1702933000.0,1702933000.0,20,0,1702933000.0,0.0,20.0,0.0,1702933000.0,0.0,Attack,Attack-TCP-Flag-ACK-PSH
24,24.0,0.0,1702933000.0,24,24.0,1.0,1702933000.0,24,65535,0.0,1702933000.0,24.0,0,0.0,1702933000.0,24.0,0.0,1.0,1702933000.0,24.0,0.0,0.0,1702933000.0,24,0.0,1702933000.0,1702933000.0,24,0,1702933000.0,1702933000.0,24,0,1702933000.0,0.0,24.0,1.0,1702933000.0,0.0,Attack,Attack-TCP-Flag-ACK-PSH
40,0.0,0.5,0.1077,20,0.0,0.0,0.1077,20,0,0.5,0.0,20.0,62592,0.0,0.0,20.0,18.566795,0.0,0.0,20.0,18.566795,0.0,0.0,0,0.0,0.1077,0.0,0,1,0.10771918,0.0,0,1,0.10771918,0.10771918,0.0,0.0,0.10771918,0.1077,Attack,Attack-TCP-Flag-ACK-PSH
20,20.0,1.0,1702933000.0,20,20.0,0.0,1702933000.0,20,0,0.0,1702933000.0,20.0,0,0.0,1702933000.0,20.0,0.0,0.0,1702933000.0,20.0,0.0,0.0,1702933000.0,20,0.0,1702933000.0,1702933000.0,20,1,1702933000.0,1702933000.0,20,0,1702933000.0,0.0,20.0,0.0,1702933000.0,0.0,Attack,Attack-TCP-Flag-ACK-PSH
40,0.0,0.5,0.1078,20,0.0,0.0,0.1078,20,0,0.5,0.0,20.0,62602,0.0,0.0,20.0,18.558374,0.0,0.0,20.0,18.558374,0.0,0.0,0,0.0,0.1078,0.0,0,1,0.10776806,0.0,0,1,0.10776806,0.10776806,0.0,0.0,0.10776806,0.1078,Attack,Attack-TCP-Flag-ACK-PSH
20,20.0,1.0,1702933000.0,20,20.0,0.0,1702933000.0,20,0,0.0,1702933000.0,20.0,0,0.0,1702933000.0,20.0,0.0,0.0,1702933000.0,20.0,0.0,0.0,1702933000.0,20,0.0,1702933000.0,1702933000.0,20,1,1702933000.0,1702933000.0,20,0,1702933000.0,0.0,20.0,0.0,1702933000.0,0.0,Attack,Attack-TCP-Flag-ACK-PSH
48,28.0,0.5,0.0004,28,28.0,0.5,0.0004,20,8192,0.5,1702933000.0,24.0,0,0.0,1702933000.0,24.0,5391.136,1.0,1702933000.0,20.0,2695.568,0.0,1702933000.0,28,2695.568,0.0004,1702933000.0,28,1,0.0003709793,1702933000.0,28,1,0.0003709793,1702933000.0,28.0,0.5,0.0003709793,1702933000.0,Attack,Attack-TCP-Flag-ACK-PSH
40,0.0,0.5,0.1094,20,0.0,0.0,0.1094,20,0,0.5,0.0,20.0,62611,0.0,0.0,20.0,18.276033,0.0,0.0,20.0,18.276033,0.0,0.0,0,0.0,0.1094,0.0,0,1,0.109432936,0.0,0,1,0.109432936,0.109432936,0.0,0.0,0.109432936,0.1094,Attack,Attack-TCP-Flag-ACK-PSH
40,0.0,0.5,0.1092,20,0.0,0.0,0.1092,20,0,0.5,0.0,20.0,62608,0.0,0.0,20.0,18.31234,0.0,0.0,20.0,18.31234,0.0,0.0,0,0.0,0.1092,0.0,0,1,0.109215975,0.0,0,1,0.109215975,0.109215975,0.0,0.0,0.109215975,0.1092,Attack,Attack-TCP-Flag-ACK-PSH
40,0.0,0.5,0.111,20,0.0,0.0,0.111,20,0,0.5,0.0,20.0,62602,0.0,0.0,20.0,18.021414,0.0,0.0,20.0,18.021414,0.0,0.0,0,0.0,0.111,0.0,0,1,0.11097908,0.0,0,1,0.11097908,0.11097908,0.0,0.0,0.11097908,0.111,Attack,Attack-TCP-Flag-ACK-PSH
40,0.0,0.5,0.107,20,0.0,0.0,0.107,20,0,0.5,0.0,20.0,62596,0.0,0.0,20.0,18.698736,0.0,0.0,20.0,18.698736,0.0,0.0,0,0.0,0.107,0.0,0,1,0.106959105,0.0,0,1,0.106959105,0.106959105,0.0,0.0,0.106959105,0.107,Attack,Attack-TCP-Flag-ACK-PSH
20,20.0,1.0,1702933000.0,20,20.0,0.0,1702933000.0,20,0,0.0,1702933000.0,20.0,0,0.0,1702933000.0,20.0,0.0,0.0,1702933000.0,20.0,0.0,0.0,1702933000.0,20,0.0,1702933000.0,1702933000.0,20,1,1702933000.0,1702933000.0,20,0,1702933000.0,0.0,20.0,0.0,1702933000.0,0.0,Attack,Attack-TCP-Flag-ACK-PSH
40,0.0,0.5,0.1079,20,0.0,0.0,0.1079,20,0,0.5,0.0,20.0,62602,0.0,0.0,20.0,18.535166,0.0,0.0,20.0,18.535166,0.0,0.0,0,0.0,0.1079,0.0,0,1,0.107903,0.0,0,1,0.107903,0.107903,0.0,0.0,0.107903,0.1079,Attack,Attack-TCP-Flag-ACK-PSH
40,20.0,0.5,1e-04,20,20.0,0.5,1e-04,20,17520,0.5,1702933000.0,20.0,0,0.0,1702933000.0,20.0,21959.707,1.0,1702933000.0,20.0,10979.854,0.0,1702933000.0,20,10979.854,1e-04,1702933000.0,20,1,9.10759e-05,1702933000.0,20,1,9.10759e-05,1702933000.0,20.0,0.5,9.10759e-05,1702933000.0,Attack,Attack-TCP-Flag-ACK-PSH
40,0.0,0.5,0.1108,20,0.0,0.0,0.1108,20,0,0.5,0.0,20.0,62605,0.0,0.0,20.0,18.044674,0.0,0.0,20.0,18.044674,0.0,0.0,0,0.0,0.1108,0.0,0,1,0.11083603,0.0,0,1,0.11083603,0.11083603,0.0,0.0,0.11083603,0.1108,Attack,Attack-TCP-Flag-ACK-PSH
40,0.0,0.5,0.1071,20,0.0,0.0,0.1071,20,0,0.5,0.0,20.0,62599,0.0,0.0,20.0,18.681828,0.0,0.0,20.0,18.681828,0.0,0.0,0,0.0,0.1071,0.0,0,1,0.1070559,0.0,0,1,0.1070559,0.1070559,0.0,0.0,0.1070559,0.1071,Attack,Attack-TCP-Flag-ACK-PSH
20,20.0,1.0,1702933000.0,20,20.0,0.0,1702933000.0,20,0,0.0,1702933000.0,20.0,0,0.0,1702933000.0,20.0,0.0,0.0,1702933000.0,20.0,0.0,0.0,1702933000.0,20,0.0,1702933000.0,1702933000.0,20,1,1702933000.0,1702933000.0,20,0,1702933000.0,0.0,20.0,0.0,1702933000.0,0.0,Attack,Attack-TCP-Flag-ACK-PSH
20,20.0,1.0,1702933000.0,20,20.0,0.0,1702933000.0,20,0,0.0,1702933000.0,20.0,0,0.0,1702933000.0,20.0,0.0,0.0,1702933000.0,20.0,0.0,0.0,1702933000.0,20,0.0,1702933000.0,1702933000.0,20,1,1702933000.0,1702933000.0,20,0,1702933000.0,0.0,20.0,0.0,1702933000.0,0.0,Attack,Attack-TCP-Flag-ACK-PSH
20,20.0,1.0,1702933000.0,20,20.0,0.0,1702933000.0,20,0,0.0,1702933000.0,20.0,0,0.0,1702933000.0,20.0,0.0,0.0,1702933000.0,20.0,0.0,0.0,1702933000.0,20,0.0,1702933000.0,1702933000.0,20,1,1702933000.0,1702933000.0,20,0,1702933000.0,0.0,20.0,0.0,1702933000.0,0.0,Attack,Attack-TCP-Flag-ACK-PSH
60,40.0,0.5,1e-04,40,40.0,0.5,1e-04,20,29200,0.5,1702933000.0,30.0,0,0.0,1702933000.0,30.0,16810.838,1.0,1702933000.0,20.0,8405.419,0.0,1702933000.0,40,8405.419,1e-04,1702933000.0,40,1,0.00011897087,1702933000.0,40,1,0.00011897087,1702933000.0,40.0,0.5,0.00011897087,1702933000.0,Attack,Attack-TCP-Flag-ACK-PSH
20,20.0,1.0,1702933000.0,20,20.0,0.0,1702933000.0,20,0,0.0,1702933000.0,20.0,0,0.0,1702933000.0,20.0,0.0,0.0,1702933000.0,20.0,0.0,0.0,1702933000.0,20,0.0,1702933000.0,1702933000.0,20,1,1702933000.0,1702933000.0,20,0,1702933000.0,0.0,20.0,0.0,1702933000.0,0.0,Attack,Attack-TCP-Flag-ACK-PSH
40,0.0,0.5,0.107,20,0.0,0.0,0.107,20,0,0.5,0.0,20.0,62608,0.0,0.0,20.0,18.689861,0.0,0.0,20.0,18.689861,0.0,0.0,0,0.0,0.107,0.0,0,1,0.10700989,0.0,0,1,0.10700989,0.10700989,0.0,0.0,0.10700989,0.107,Attack,Attack-TCP-Flag-ACK-PSH
24,24.0,0.0,1702933000.0,24,24.0,1.0,1702933000.0,24,65535,0.0,1702933000.0,24.0,0,0.0,1702933000.0,24.0,0.0,1.0,1702933000.0,24.0,0.0,0.0,1702933000.0,24,0.0,1702933000.0,1702933000.0,24,0,1702933000.0,1702933000.0,24,0,1702933000.0,0.0,24.0,1.0,1702933000.0,0.0,Attack,Attack-TCP-Flag-ACK-PSH
40,0.0,0.5,0.1108,20,0.0,0.0,0.1108,20,0,0.5,0.0,20.0,62602,0.0,0.0,20.0,18.056753,0.0,0.0,20.0,18.056753,0.0,0.0,0,0.0,0.1108,0.0,0,1,0.11076188,0.0,0,1,0.11076188,0.11076188,0.0,0.0,0.11076188,0.1108,Attack,Attack-TCP-Flag-ACK-PSH
20,20.0,1.0,1702933000.0,20,20.0,0.0,1702933000.0,20,0,0.0,1702933000.0,20.0,0,0.0,1702933000.0,20.0,0.0,0.0,1702933000.0,20.0,0.0,0.0,1702933000.0,20,0.0,1702933000.0,1702933000.0,20,1,1702933000.0,1702933000.0,20,0,1702933000.0,0.0,20.0,0.0,1702933000.0,0.0,Attack,Attack-TCP-Flag-ACK-PSH
40,0.0,0.5,0.1109,20,0.0,0.0,0.1109,20,0,0.5,0.0,20.0,62605,0.0,0.0,20.0,18.03199,0.0,0.0,20.0,18.03199,0.0,0.0,0,0.0,0.1109,0.0,0,1,0.11091399,0.0,0,1,0.11091399,0.11091399,0.0,0.0,0.11091399,0.1109,Attack,Attack-TCP-Flag-ACK-PSH
20,20.0,1.0,1702933000.0,20,20.0,0.0,1702933000.0,20,0,0.0,1702933000.0,20.0,0,0.0,1702933000.0,20.0,0.0,0.0,1702933000.0,20.0,0.0,0.0,1702933000.0,20,0.0,1702933000.0,1702933000.0,20,1,1702933000.0,1702933000.0,20,0,1702933000.0,0.0,20.0,0.0,1702933000.0,0.0,Attack,Attack-TCP-Flag-ACK-PSH
40,20.0,0.5,1e-04,20,20.0,0.5,1e-04,20,57279,0.5,1702933000.0,20.0,0,0.0,1702933000.0,20.0,20213.514,1.0,1702933000.0,20.0,10106.757,0.0,1702933000.0,20,10106.757,1e-04,1702933000.0,20,1,9.894371e-05,1702933000.0,20,1,9.894371e-05,1702933000.0,20.0,0.5,9.894371e-05,1702933000.0,Attack,Attack-TCP-Flag-ACK-PSH
40,0.0,0.5,0.1113,20,0.0,0.0,0.1113,20,0,0.5,0.0,20.0,62602,0.0,0.0,20.0,17.973843,0.0,0.0,20.0,17.973843,0.0,0.0,0,0.0,0.1113,0.0,0,1,0.11127281,0.0,0,1,0.11127281,0.11127281,0.0,0.0,0.11127281,0.1113,Attack,Attack-TCP-Flag-ACK-PSH
20,20.0,1.0,1702933000.0,20,20.0,0.0,1702933000.0,20,0,0.0,1702933000.0,20.0,0,0.0,1702933000.0,20.0,0.0,0.0,1702933000.0,20.0,0.0,0.0,1702933000.0,20,0.0,1702933000.0,1702933000.0,20,1,1702933000.0,1702933000.0,20,0,1702933000.0,0.0,20.0,0.0,1702933000.0,0.0,Attack,Attack-TCP-Flag-ACK-PSH
20,20.0,1.0,1702933000.0,20,20.0,0.0,1702933000.0,20,0,0.0,1702933000.0,20.0,0,0.0,1702933000.0,20.0,0.0,0.0,1702933000.0,20.0,0.0,0.0,1702933000.0,20,0.0,1702933000.0,1702933000.0,20,1,1702933000.0,1702933000.0,20,0,1702933000.0,0.0,20.0,0.0,1702933000.0,0.0,Attack,Attack-TCP-Flag-ACK-PSH
40,0.0,0.5,0.1101,20,0.0,0.0,0.1101,20,0,0.5,0.0,20.0,62594,0.0,0.0,20.0,18.167463,0.0,0.0,20.0,18.167463,0.0,0.0,0,0.0,0.1101,0.0,0,1,0.11008692,0.0,0,1,0.11008692,0.11008692,0.0,0.0,0.11008692,0.1101,Attack,Attack-TCP-Flag-ACK-PSH
40,0.0,0.5,0.1078,20,0.0,0.0,0.1078,20,0,0.5,0.0,20.0,62611,0.0,0.0,20.0,18.558416,0.0,0.0,20.0,18.558416,0.0,0.0,0,0.0,0.1078,0.0,0,1,0.10776782,0.0,0,1,0.10776782,0.10776782,0.0,0.0,0.10776782,0.1078,Attack,Attack-TCP-Flag-ACK-PSH
52,32.0,0.5,1e-04,32,32.0,0.5,1e-04,20,1024,0.5,1702933000.0,26.0,0,0.0,1702933000.0,26.0,22017.344,1.0,1702933000.0,20.0,11008.672,0.0,1702933000.0,32,11008.672,1e-04,1702933000.0,32,1,9.083748e-05,1702933000.0,32,1,9.083748e-05,1702933000.0,32.0,0.5,9.083748e-05,1702933000.0,Attack,Attack-TCP-Flag-ACK-PSH
20,20.0,1.0,1702933000.0,20,20.0,0.0,1702933000.0,20,0,0.0,1702933000.0,20.0,0,0.0,1702933000.0,20.0,0.0,0.0,1702933000.0,20.0,0.0,0.0,1702933000.0,20,0.0,1702933000.0,1702933000.0,20,1,1702933000.0,1702933000.0,20,0,1702933000.0,0.0,20.0,0.0,1702933000.0,0.0,Attack,Attack-TCP-Flag-ACK-PSH
40,0.0,0.5,0.1094,20,0.0,0.0,0.1094,20,0,0.5,0.0,20.0,62605,0.0,0.0,20.0,18.275993,0.0,0.0,20.0,18.275993,0.0,0.0,0,0.0,0.1094,0.0,0,1,0.109433174,0.0,0,1,0.109433174,0.109433174,0.0,0.0,0.109433174,0.1094,Attack,Attack-TCP-Flag-ACK-PSH
40,0.0,0.5,0.1115,20,0.0,0.0,0.1115,20,0,0.5,0.0,20.0,62605,0.0,0.0,20.0,17.94063,0.0,0.0,20.0,17.94063,0.0,0.0,0,0.0,0.1115,0.0,0,1,0.111478806,0.0,0,1,0.111478806,0.111478806,0.0,0.0,0.111478806,0.1115,Attack,Attack-TCP-Flag-ACK-PSH
24,24.0,0.0,1702933000.0,24,24.0,1.0,1702933000.0,24,65535,0.0,1702933000.0,24.0,0,0.0,1702933000.0,24.0,0.0,1.0,1702933000.0,24.0,0.0,0.0,1702933000.0,24,0.0,1702933000.0,1702933000.0,24,0,1702933000.0,1702933000.0,24,0,1702933000.0,0.0,24.0,1.0,1702933000.0,0.0,Attack,Attack-TCP-Flag-ACK-PSH
24,24.0,0.0,1702933000.0,24,24.0,1.0,1702933000.0,24,65535,0.0,1702933000.0,24.0,0,0.0,1702933000.0,24.0,0.0,1.0,1702933000.0,24.0,0.0,0.0,1702933000.0,24,0.0,1702933000.0,1702933000.0,24,0,1702933000.0,1702933000.0,24,0,1702933000.0,0.0,24.0,1.0,1702933000.0,0.0,Attack,Attack-TCP-Flag-ACK-PSH
20,20.0,1.0,1702933000.0,20,20.0,0.0,1702933000.0,20,0,0.0,1702933000.0,20.0,0,0.0,1702933000.0,20.0,0.0,0.0,1702933000.0,20.0,0.0,0.0,1702933000.0,20,0.0,1702933000.0,1702933000.0,20,1,1702933000.0,1702933000.0,20,0,1702933000.0,0.0,20.0,0.0,1702933000.0,0.0,Attack,Attack-TCP-Flag-ACK-PSH
40,0.0,0.5,0.108,20,0.0,0.0,0.108,20,0,0.5,0.0,20.0,62608,0.0,0.0,20.0,18.51422,0.0,0.0,20.0,18.51422,0.0,0.0,0,0.0,0.108,0.0,0,1,0.108025074,0.0,0,1,0.108025074,0.108025074,0.0,0.0,0.108025074,0.108,Attack,Attack-TCP-Flag-ACK-PSH
20,20.0,0.0,1702933000.0,20,20.0,1.0,1702933000.0,20,1024,0.0,1702933000.0,20.0,0,0.0,1702933000.0,20.0,0.0,1.0,1702933000.0,20.0,0.0,0.0,1702933000.0,20,0.0,1702933000.0,1702933000.0,20,0,1702933000.0,1702933000.0,20,0,1702933000.0,0.0,20.0,1.0,1702933000.0,0.0,Attack,Attack-TCP-Flag-ACK-PSH
40,0.0,0.5,0.11,20,0.0,0.0,0.11,20,0,0.5,0.0,20.0,62592,0.0,0.0,20.0,18.177187,0.0,0.0,20.0,18.177187,0.0,0.0,0,0.0,0.11,0.0,0,1,0.11002803,0.0,0,1,0.11002803,0.11002803,0.0,0.0,0.11002803,0.11,Attack,Attack-TCP-Flag-ACK-PSH
20,20.0,1.0,1702933000.0,20,20.0,0.0,1702933000.0,20,0,0.0,1702933000.0,20.0,0,0.0,1702933000.0,20.0,0.0,0.0,1702933000.0,20.0,0.0,0.0,1702933000.0,20,0.0,1702933000.0,1702933000.0,20,1,1702933000.0,1702933000.0,20,0,1702933000.0,0.0,20.0,0.0,1702933000.0,0.0,Attack,Attack-TCP-Flag-ACK-PSH
20,20.0,1.0,1702933000.0,20,20.0,0.0,1702933000.0,20,0,0.0,1702933000.0,20.0,0,0.0,1702933000.0,20.0,0.0,0.0,1702933000.0,20.0,0.0,0.0,1702933000.0,20,0.0,1702933000.0,1702933000.0,20,1,1702933000.0,1702933000.0,20,0,1702933000.0,0.0,20.0,0.0,1702933000.0,0.0,Attack,Attack-TCP-Flag-ACK-PSH
20,20.0,1.0,1702933000.0,20,20.0,0.0,1702933000.0,20,0,0.0,1702933000.0,20.0,0,0.0,1702933000.0,20.0,0.0,0.0,1702933000.0,20.0,0.0,0.0,1702933000.0,20,0.0,1702933000.0,1702933000.0,20,1,1702933000.0,1702933000.0,20,0,1702933000.0,0.0,20.0,0.0,1702933000.0,0.0,Attack,Attack-TCP-Flag-ACK-PSH
20,20.0,1.0,1702933000.0,20,20.0,0.0,1702933000.0,20,1200,0.0,1702933000.0,20.0,0,0.0,1702933000.0,20.0,0.0,0.0,1702933000.0,20.0,0.0,0.0,1702933000.0,20,0.0,1702933000.0,1702933000.0,20,1,1702933000.0,1702933000.0,20,0,1702933000.0,0.0,20.0,0.0,1702933000.0,0.0,Attack,Attack-TCP-Flag-ACK-PSH
40,0.0,0.5,0.1081,20,0.0,0.0,0.1081,20,0,0.5,0.0,20.0,62602,0.0,0.0,20.0,18.494871,0.0,0.0,20.0,18.494871,0.0,0.0,0,0.0,0.1081,0.0,0,1,0.108138084,0.0,0,1,0.108138084,0.108138084,0.0,0.0,0.108138084,0.1081,Attack,Attack-TCP-Flag-ACK-PSH
20,20.0,1.0,1702933000.0,20,20.0,0.0,1702933000.0,20,0,0.0,1702933000.0,20.0,0,0.0,1702933000.0,20.0,0.0,0.0,1702933000.0,20.0,0.0,0.0,1702933000.0,20,0.0,1702933000.0,1702933000.0,20,1,1702933000.0,1702933000.0,20,0,1702933000.0,0.0,20.0,0.0,1702933000.0,0.0,Attack,Attack-TCP-Flag-ACK-PSH
24,24.0,0.0,1702933000.0,24,24.0,1.0,1702933000.0,24,65535,0.0,1702933000.0,24.0,0,0.0,1702933000.0,24.0,0.0,1.0,1702933000.0,24.0,0.0,0.0,1702933000.0,24,0.0,1702933000.0,1702933000.0,24,0,1702933000.0,1702933000.0,24,0,1702933000.0,0.0,24.0,1.0,1702933000.0,0.0,Attack,Attack-TCP-Flag-ACK-PSH
44,24.0,0.5,1e-04,24,24.0,0.5,1e-04,20,14600,0.5,1702933000.0,22.0,0,0.0,1702933000.0,22.0,27413.752,1.0,1702933000.0,20.0,13706.876,0.0,1702933000.0,24,13706.876,1e-04,1702933000.0,24,1,7.2956085e-05,1702933000.0,24,1,7.2956085e-05,1702933000.0,24.0,0.5,7.2956085e-05,1702933000.0,Attack,Attack-TCP-Flag-ACK-PSH
24,24.0,0.0,1702933000.0,24,24.0,1.0,1702933000.0,24,65535,0.0,1702933000.0,24.0,0,0.0,1702933000.0,24.0,0.0,1.0,1702933000.0,24.0,0.0,0.0,1702933000.0,24,0.0,1702933000.0,1702933000.0,24,0,1702933000.0,1702933000.0,24,0,1702933000.0,0.0,24.0,1.0,1702933000.0,0.0,Attack,Attack-TCP-Flag-ACK-PSH
20,20.0,1.0,1702933000.0,20,20.0,0.0,1702933000.0,20,0,0.0,1702933000.0,20.0,0,0.0,1702933000.0,20.0,0.0,0.0,1702933000.0,20.0,0.0,0.0,1702933000.0,20,0.0,1702933000.0,1702933000.0,20,1,1702933000.0,1702933000.0,20,0,1702933000.0,0.0,20.0,0.0,1702933000.0,0.0,Attack,Attack-TCP-Flag-ACK-PSH
40,0.0,0.5,0.1111,20,0.0,0.0,0.1111,20,0,0.5,0.0,20.0,62611,0.0,0.0,20.0,18.007797,0.0,0.0,20.0,18.007797,0.0,0.0,0,0.0,0.1111,0.0,0,1,0.111063,0.0,0,1,0.111063,0.111063,0.0,0.0,0.111063,0.1111,Attack,Attack-TCP-Flag-ACK-PSH
20,20.0,1.0,1702933000.0,20,20.0,0.0,1702933000.0,20,0,0.0,1702933000.0,20.0,0,0.0,1702933000.0,20.0,0.0,0.0,1702933000.0,20.0,0.0,0.0,1702933000.0,20,0.0,1702933000.0,1702933000.0,20,1,1702933000.0,1702933000.0,20,0,1702933000.0,0.0,20.0,0.0,1702933000.0,0.0,Attack,Attack-TCP-Flag-ACK-PSH
40,0.0,0.5,0.111,20,0.0,0.0,0.111,20,0,0.5,0.0,20.0,62590,0.0,0.0,20.0,18.018318,0.0,0.0,20.0,18.018318,0.0,0.0,0,0.0,0.111,0.0,0,1,0.11099815,0.0,0,1,0.11099815,0.11099815,0.0,0.0,0.11099815,0.111,Attack,Attack-TCP-Flag-ACK-PSH
40,0.0,0.5,0.1111,20,0.0,0.0,0.1111,20,0,0.5,0.0,20.0,62608,0.0,0.0,20.0,18.006329,0.0,0.0,20.0,18.006329,0.0,0.0,0,0.0,0.1111,0.0,0,1,0.11107206,0.0,0,1,0.11107206,0.11107206,0.0,0.0,0.11107206,0.1111,Attack,Attack-TCP-Flag-ACK-PSH
24,24.0,0.0,1702933000.0,24,24.0,1.0,1702933000.0,24,1025,0.0,1702933000.0,24.0,0,0.0,1702933000.0,24.0,0.0,1.0,1702933000.0,24.0,0.0,0.0,1702933000.0,24,0.0,1702933000.0,1702933000.0,24,0,1702933000.0,1702933000.0,24,0,1702933000.0,0.0,24.0,1.0,1702933000.0,0.0,Attack,Attack-TCP-Flag-ACK-PSH
40,0.0,0.5,0.1071,20,0.0,0.0,0.1071,20,0,0.5,0.0,20.0,62599,0.0,0.0,20.0,18.672556,0.0,0.0,20.0,18.672556,0.0,0.0,0,0.0,0.1071,0.0,0,1,0.10710907,0.0,0,1,0.10710907,0.10710907,0.0,0.0,0.10710907,0.1071,Attack,Attack-TCP-Flag-ACK-PSH
20,20.0,1.0,1702933000.0,20,20.0,0.0,1702933000.0,20,0,0.0,1702933000.0,20.0,0,0.0,1702933000.0,20.0,0.0,0.0,1702933000.0,20.0,0.0,0.0,1702933000.0,20,0.0,1702933000.0,1702933000.0,20,1,1702933000.0,1702933000.0,20,0,1702933000.0,0.0,20.0,0.0,1702933000.0,0.0,Attack,Attack-TCP-Flag-ACK-PSH
40,0.0,0.5,0.1078,20,0.0,0.0,0.1078,20,0,0.5,0.0,20.0,62599,0.0,0.0,20.0,18.552013,0.0,0.0,20.0,18.552013,0.0,0.0,0,0.0,0.1078,0.0,0,1,0.10780501,0.0,0,1,0.10780501,0.10780501,0.0,0.0,0.10780501,0.1078,Attack,Attack-TCP-Flag-ACK-PSH
40,0.0,0.5,0.1108,20,0.0,0.0,0.1108,20,0,0.5,0.0,20.0,62599,0.0,0.0,20.0,18.045334,0.0,0.0,20.0,18.045334,0.0,0.0,0,0.0,0.1108,0.0,0,1,0.110831976,0.0,0,1,0.110831976,0.110831976,0.0,0.0,0.110831976,0.1108,Attack,Attack-TCP-Flag-ACK-PSH
20,20.0,1.0,1702933000.0,20,20.0,0.0,1702933000.0,20,0,0.0,1702933000.0,20.0,0,0.0,1702933000.0,20.0,0.0,0.0,1702933000.0,20.0,0.0,0.0,1702933000.0,20,0.0,1702933000.0,1702933000.0,20,1,1702933000.0,1702933000.0,20,0,1702933000.0,0.0,20.0,0.0,1702933000.0,0.0,Attack,Attack-TCP-Flag-ACK-PSH
20,20.0,1.0,1702933000.0,20,20.0,0.0,1702933000.0,20,0,0.0,1702933000.0,20.0,0,0.0,1702933000.0,20.0,0.0,0.0,1702933000.0,20.0,0.0,0.0,1702933000.0,20,0.0,1702933000.0,1702933000.0,20,1,1702933000.0,1702933000.0,20,0,1702933000.0,0.0,20.0,0.0,1702933000.0,0.0,Attack,Attack-TCP-Flag-ACK-PSH
40,0.0,0.5,0.1108,20,0.0,0.0,0.1108,20,0,0.5,0.0,20.0,62602,0.0,0.0,20.0,18.052324,0.0,0.0,20.0,18.052324,0.0,0.0,0,0.0,0.1108,0.0,0,1,0.11078906,0.0,0,1,0.11078906,0.11078906,0.0,0.0,0.11078906,0.1108,Attack,Attack-TCP-Flag-ACK-PSH
24,24.0,0.0,1702933000.0,24,24.0,1.0,1702933000.0,24,65535,0.0,1702933000.0,24.0,0,0.0,1702933000.0,24.0,0.0,1.0,1702933000.0,24.0,0.0,0.0,1702933000.0,24,0.0,1702933000.0,1702933000.0,24,0,1702933000.0,1702933000.0,24,0,1702933000.0,0.0,24.0,1.0,1702933000.0,0.0,Attack,Attack-TCP-Flag-ACK-PSH
20,20.0,0.0,1702933000.0,20,20.0,1.0,1702933000.0,20,1024,0.0,1702933000.0,20.0,0,0.0,1702933000.0,20.0,0.0,1.0,1702933000.0,20.0,0.0,0.0,1702933000.0,20,0.0,1702933000.0,1702933000.0,20,0,1702933000.0,1702933000.0,20,0,1702933000.0,0.0,20.0,1.0,1702933000.0,0.0,Attack,Attack-TCP-Flag-ACK-PSH
20,20.0,1.0,1702933000.0,20,20.0,0.0,1702933000.0,20,0,0.0,1702933000.0,20.0,0,0.0,1702933000.0,20.0,0.0,0.0,1702933000.0,20.0,0.0,0.0,1702933000.0,20,0.0,1702933000.0,1702933000.0,20,1,1702933000.0,1702933000.0,20,0,1702933000.0,0.0,20.0,0.0,1702933000.0,0.0,Attack,Attack-TCP-Flag-ACK-PSH
20,20.0,1.0,1702933000.0,20,20.0,0.0,1702933000.0,20,0,0.0,1702933000.0,20.0,0,0.0,1702933000.0,20.0,0.0,0.0,1702933000.0,20.0,0.0,0.0,1702933000.0,20,0.0,1702933000.0,1702933000.0,20,1,1702933000.0,1702933000.0,20,0,1702933000.0,0.0,20.0,0.0,1702933000.0,0.0,Attack,Attack-TCP-Flag-ACK-PSH
20,20.0,1.0,1702933100.0,20,20.0,0.0,1702933100.0,20,0,0.0,1702933100.0,20.0,0,0.0,1702933100.0,20.0,0.0,0.0,1702933100.0,20.0,0.0,0.0,1702933100.0,20,0.0,1702933100.0,1702933100.0,20,1,1702933100.0,1702933100.0,20,0,1702933100.0,0.0,20.0,0.0,1702933100.0,0.0,Attack,Attack-TCP-Flag-ACK-PSH
164,20.0,0.0,3.104,24,20.0,0.14285715,1e-04,20,1024,0.0,1702933000.0,23.4286,62727,0.0,1702933000.0,24.0,0.22202255,1.0,1702933000.0,24.0,0.19030504,0.0,1702933000.0,20,0.031717505,5.2547,1702933000.0,20,0,16.127995,1702933000.0,20,0,8.7976456e-05,31.528242,20.0,1.0,31.52833,1.0002,Attack,Attack-TCP-Flag-ACK-PSH
40,0.0,0.5,0.1112,20,0.0,0.0,0.1112,20,0,0.5,0.0,20.0,62611,0.0,0.0,20.0,17.98205,0.0,0.0,20.0,17.98205,0.0,0.0,0,0.0,0.1112,0.0,0,1,0.11122203,0.0,0,1,0.11122203,0.11122203,0.0,0.0,0.11122203,0.1112,Attack,Attack-TCP-Flag-ACK-PSH
40,0.0,0.5,0.1079,20,0.0,0.0,0.1079,20,0,0.5,0.0,20.0,62592,0.0,0.0,20.0,18.538443,0.0,0.0,20.0,18.538443,0.0,0.0,0,0.0,0.1079,0.0,0,1,0.10788393,0.0,0,1,0.10788393,0.10788393,0.0,0.0,0.10788393,0.1079,Attack,Attack-TCP-Flag-ACK-PSH
40,0.0,0.5,0.1079,20,0.0,0.0,0.1079,20,0,0.5,0.0,20.0,62590,0.0,0.0,20.0,18.54172,0.0,0.0,20.0,18.54172,0.0,0.0,0,0.0,0.1079,0.0,0,1,0.10786486,0.0,0,1,0.10786486,0.10786486,0.0,0.0,0.10786486,0.1079,Attack,Attack-TCP-Flag-ACK-PSH
20,20.0,1.0,1702933000.0,20,20.0,0.0,1702933000.0,20,0,0.0,1702933000.0,20.0,0,0.0,1702933000.0,20.0,0.0,0.0,1702933000.0,20.0,0.0,0.0,1702933000.0,20,0.0,1702933000.0,1702933000.0,20,1,1702933000.0,1702933000.0,20,0,1702933000.0,0.0,20.0,0.0,1702933000.0,0.0,Attack,Attack-TCP-Flag-ACK-PSH
40,0.0,0.5,0.111,20,0.0,0.0,0.111,20,0,0.5,0.0,20.0,62605,0.0,0.0,20.0,18.020796,0.0,0.0,20.0,18.020796,0.0,0.0,0,0.0,0.111,0.0,0,1,0.110982895,0.0,0,1,0.110982895,0.110982895,0.0,0.0,0.110982895,0.111,Attack,Attack-TCP-Flag-ACK-PSH
52,32.0,0.5,1e-04,32,32.0,0.5,1e-04,20,1024,0.5,1702933000.0,26.0,0,0.0,1702933000.0,26.0,21732.145,1.0,1702933000.0,20.0,10866.072,0.0,1702933000.0,32,10866.072,1e-04,1702933000.0,32,1,9.202957e-05,1702933000.0,32,1,9.202957e-05,1702933000.0,32.0,0.5,9.202957e-05,1702933000.0,Attack,Attack-TCP-Flag-ACK-PSH
40,0.0,0.5,0.1081,20,0.0,0.0,0.1081,20,0,0.5,0.0,20.0,62611,0.0,0.0,20.0,18.508951,0.0,0.0,20.0,18.508951,0.0,0.0,0,0.0,0.1081,0.0,0,1,0.10805583,0.0,0,1,0.10805583,0.10805583,0.0,0.0,0.10805583,0.1081,Attack,Attack-TCP-Flag-ACK-PSH
24,24.0,0.0,1702933000.0,24,24.0,1.0,1702933000.0,24,65535,0.0,1702933000.0,24.0,0,0.0,1702933000.0,24.0,0.0,1.0,1702933000.0,24.0,0.0,0.0,1702933000.0,24,0.0,1702933000.0,1702933000.0,24,0,1702933000.0,1702933000.0,24,0,1702933000.0,0.0,24.0,1.0,1702933000.0,0.0,Attack,Attack-TCP-Flag-ACK-PSH
24,24.0,0.0,1702933000.0,24,24.0,1.0,1702933000.0,24,1024,0.0,1702933000.0,24.0,0,0.0,1702933000.0,24.0,0.0,1.0,1702933000.0,24.0,0.0,0.0,1702933000.0,24,0.0,1702933000.0,1702933000.0,24,0,1702933000.0,1702933000.0,24,0,1702933000.0,0.0,24.0,1.0,1702933000.0,0.0,Attack,Attack-TCP-Flag-ACK-PSH
20,20.0,1.0,1702933000.0,20,20.0,0.0,1702933000.0,20,0,0.0,1702933000.0,20.0,0,0.0,1702933000.0,20.0,0.0,0.0,1702933000.0,20.0,0.0,0.0,1702933000.0,20,0.0,1702933000.0,1702933000.0,20,1,1702933000.0,1702933000.0,20,0,1702933000.0,0.0,20.0,0.0,1702933000.0,0.0,Attack,Attack-TCP-Flag-ACK-PSH
40,0.0,0.5,0.1108,20,0.0,0.0,0.1108,20,0,0.5,0.0,20.0,62608,0.0,0.0,20.0,18.045334,0.0,0.0,20.0,18.045334,0.0,0.0,0,0.0,0.1108,0.0,0,1,0.110831976,0.0,0,1,0.110831976,0.110831976,0.0,0.0,0.110831976,0.1108,Attack,Attack-TCP-Flag-ACK-PSH
44,24.0,0.5,1e-04,24,24.0,0.5,1e-04,20,1024,0.5,1702933000.0,22.0,0,0.0,1702933000.0,22.0,22192.084,1.0,1702933000.0,20.0,11096.042,0.0,1702933000.0,24,11096.042,1e-04,1702933000.0,24,1,9.012222e-05,1702933000.0,24,1,9.012222e-05,1702933000.0,24.0,0.5,9.012222e-05,1702933000.0,Attack,Attack-TCP-Flag-ACK-PSH
40,0.0,0.5,0.111,20,0.0,0.0,0.111,20,0,0.5,0.0,20.0,62611,0.0,0.0,20.0,18.01557,0.0,0.0,20.0,18.01557,0.0,0.0,0,0.0,0.111,0.0,0,1,0.11101508,0.0,0,1,0.11101508,0.11101508,0.0,0.0,0.11101508,0.111,Attack,Attack-TCP-Flag-ACK-PSH
20,20.0,1.0,1702933000.0,20,20.0,0.0,1702933000.0,20,0,0.0,1702933000.0,20.0,0,0.0,1702933000.0,20.0,0.0,0.0,1702933000.0,20.0,0.0,0.0,1702933000.0,20,0.0,1702933000.0,1702933000.0,20,1,1702933000.0,1702933000.0,20,0,1702933000.0,0.0,20.0,0.0,1702933000.0,0.0,Attack,Attack-TCP-Flag-ACK-PSH
40,20.0,0.5,1e-04,20,20.0,0.5,1e-04,20,1024,0.5,1702933000.0,20.0,0,0.0,1702933000.0,20.0,27776.848,1.0,1702933000.0,20.0,13888.424,0.0,1702933000.0,20,13888.424,1e-04,1702933000.0,20,1,7.200241e-05,1702933000.0,20,1,7.200241e-05,1702933000.0,20.0,0.5,7.200241e-05,1702933000.0,Attack,Attack-TCP-Flag-ACK-PSH
40,0.0,0.5,0.106,20,0.0,0.0,0.106,20,0,0.5,0.0,20.0,62592,0.0,0.0,20.0,18.859196,0.0,0.0,20.0,18.859196,0.0,0.0,0,0.0,0.106,0.0,0,1,0.10604906,0.0,0,1,0.10604906,0.10604906,0.0,0.0,0.10604906,0.106,Attack,Attack-TCP-Flag-ACK-PSH
40,0.0,0.5,0.1079,20,0.0,0.0,0.1079,20,0,0.5,0.0,20.0,62596,0.0,0.0,20.0,18.53795,0.0,0.0,20.0,18.53795,0.0,0.0,0,0.0,0.1079,0.0,0,1,0.10788679,0.0,0,1,0.10788679,0.10788679,0.0,0.0,0.10788679,0.1079,Attack,Attack-TCP-Flag-ACK-PSH
40,0.0,0.5,0.1111,20,0.0,0.0,0.1111,20,0,0.5,0.0,20.0,62602,0.0,0.0,20.0,18.007952,0.0,0.0,20.0,18.007952,0.0,0.0,0,0.0,0.1111,0.0,0,1,0.11106205,0.0,0,1,0.11106205,0.11106205,0.0,0.0,0.11106205,0.1111,Attack,Attack-TCP-Flag-ACK-PSH
40,20.0,0.5,1e-04,20,20.0,0.5,1e-04,20,1024,0.5,1702933000.0,20.0,0,0.0,1702933000.0,20.0,20610.83,1.0,1702933000.0,20.0,10305.415,0.0,1702933000.0,20,10305.415,1e-04,1702933000.0,20,1,9.703636e-05,1702933000.0,20,1,9.703636e-05,1702933000.0,20.0,0.5,9.703636e-05,1702933000.0,Attack,Attack-TCP-Flag-ACK-PSH
20,20.0,1.0,1702933000.0,20,20.0,0.0,1702933000.0,20,1200,0.0,1702933000.0,20.0,0,0.0,1702933000.0,20.0,0.0,0.0,1702933000.0,20.0,0.0,0.0,1702933000.0,20,0.0,1702933000.0,1702933000.0,20,1,1702933000.0,1702933000.0,20,0,1702933000.0,0.0,20.0,0.0,1702933000.0,0.0,Attack,Attack-TCP-Flag-ACK-PSH
20,20.0,0.0,1702933000.0,20,20.0,1.0,1702933000.0,20,65535,0.0,1702933000.0,20.0,0,0.0,1702933000.0,20.0,0.0,1.0,1702933000.0,20.0,0.0,0.0,1702933000.0,20,0.0,1702933000.0,1702933000.0,20,0,1702933000.0,1702933000.0,20,0,1702933000.0,0.0,20.0,1.0,1702933000.0,0.0,Attack,Attack-TCP-Flag-ACK-PSH
20,20.0,1.0,1702933000.0,20,20.0,0.0,1702933000.0,20,0,0.0,1702933000.0,20.0,0,0.0,1702933000.0,20.0,0.0,0.0,1702933000.0,20.0,0.0,0.0,1702933000.0,20,0.0,1702933000.0,1702933000.0,20,1,1702933000.0,1702933000.0,20,0,1702933000.0,0.0,20.0,0.0,1702933000.0,0.0,Attack,Attack-TCP-Flag-ACK-PSH
40,0.0,0.5,0.1099,20,0.0,0.0,0.1099,20,0,0.5,0.0,20.0,62594,0.0,0.0,20.0,18.198679,0.0,0.0,20.0,18.198679,0.0,0.0,0,0.0,0.1099,0.0,0,1,0.10989809,0.0,0,1,0.10989809,0.10989809,0.0,0.0,0.10989809,0.1099,Attack,Attack-TCP-Flag-ACK-PSH
24,24.0,0.0,1702933000.0,24,24.0,1.0,1702933000.0,24,1024,0.0,1702933000.0,24.0,0,0.0,1702933000.0,24.0,0.0,1.0,1702933000.0,24.0,0.0,0.0,1702933000.0,24,0.0,1702933000.0,1702933000.0,24,0,1702933000.0,1702933000.0,24,0,1702933000.0,0.0,24.0,1.0,1702933000.0,0.0,Attack,Attack-TCP-Flag-ACK-PSH
40,0.0,0.5,0.1078,20,0.0,0.0,0.1078,20,0,0.5,0.0,20.0,62594,0.0,0.0,20.0,18.558046,0.0,0.0,20.0,18.558046,0.0,0.0,0,0.0,0.1078,0.0,0,1,0.107769966,0.0,0,1,0.107769966,0.107769966,0.0,0.0,0.107769966,0.1078,Attack,Attack-TCP-Flag-ACK-PSH
40,0.0,0.5,0.1077,20,0.0,0.0,0.1077,20,0,0.5,0.0,20.0,62596,0.0,0.0,20.0,18.573742,0.0,0.0,20.0,18.573742,0.0,0.0,0,0.0,0.1077,0.0,0,1,0.10767889,0.0,0,1,0.10767889,0.10767889,0.0,0.0,0.10767889,0.1077,Attack,Attack-TCP-Flag-ACK-PSH
20,20.0,1.0,1702933000.0,20,20.0,0.0,1702933000.0,20,0,0.0,1702933000.0,20.0,0,0.0,1702933000.0,20.0,0.0,0.0,1702933000.0,20.0,0.0,0.0,1702933000.0,20,0.0,1702933000.0,1702933000.0,20,1,1702933000.0,1702933000.0,20,0,1702933000.0,0.0,20.0,0.0,1702933000.0,0.0,Attack,Attack-TCP-Flag-ACK-PSH
40,0.0,0.5,0.1108,20,0.0,0.0,0.1108,20,0,0.5,0.0,20.0,62599,0.0,0.0,20.0,18.045683,0.0,0.0,20.0,18.045683,0.0,0.0,0,0.0,0.1108,0.0,0,1,0.11082983,0.0,0,1,0.11082983,0.11082983,0.0,0.0,0.11082983,0.1108,Attack,Attack-TCP-Flag-ACK-PSH
24,24.0,0.0,1702933000.0,24,24.0,1.0,1702933000.0,24,1025,0.0,1702933000.0,24.0,0,0.0,1702933000.0,24.0,0.0,1.0,1702933000.0,24.0,0.0,0.0,1702933000.0,24,0.0,1702933000.0,1702933000.0,24,0,1702933000.0,1702933000.0,24,0,1702933000.0,0.0,24.0,1.0,1702933000.0,0.0,Attack,Attack-TCP-Flag-ACK-PSH
20,20.0,1.0,1702933000.0,20,20.0,0.0,1702933000.0,20,1200,0.0,1702933000.0,20.0,0,0.0,1702933000.0,20.0,0.0,0.0,1702933000.0,20.0,0.0,0.0,1702933000.0,20,0.0,1702933000.0,1702933000.0,20,1,1702933000.0,1702933000.0,20,0,1702933000.0,0.0,20.0,0.0,1702933000.0,0.0,Attack,Attack-TCP-Flag-ACK-PSH
20,20.0,1.0,1702933000.0,20,20.0,0.0,1702933000.0,20,0,0.0,1702933000.0,20.0,0,0.0,1702933000.0,20.0,0.0,0.0,1702933000.0,20.0,0.0,0.0,1702933000.0,20,0.0,1702933000.0,1702933000.0,20,1,1702933000.0,1702933000.0,20,0,1702933000.0,0.0,20.0,0.0,1702933000.0,0.0,Attack,Attack-TCP-Flag-ACK-PSH
20,20.0,1.0,1702933000.0,20,20.0,0.0,1702933000.0,20,1200,0.0,1702933000.0,20.0,0,0.0,1702933000.0,20.0,0.0,0.0,1702933000.0,20.0,0.0,0.0,1702933000.0,20,0.0,1702933000.0,1702933000.0,20,1,1702933000.0,1702933000.0,20,0,1702933000.0,0.0,20.0,0.0,1702933000.0,0.0,Attack,Attack-TCP-Flag-ACK-PSH
24,24.0,0.0,1702933000.0,24,24.0,1.0,1702933000.0,24,65535,0.0,1702933000.0,24.0,0,0.0,1702933000.0,24.0,0.0,1.0,1702933000.0,24.0,0.0,0.0,1702933000.0,24,0.0,1702933000.0,1702933000.0,24,0,1702933000.0,1702933000.0,24,0,1702933000.0,0.0,24.0,1.0,1702933000.0,0.0,Attack,Attack-TCP-Flag-ACK-PSH
52,32.0,0.5,1e-04,32,32.0,0.5,1e-04,20,1024,0.5,1702933000.0,26.0,0,0.0,1702933000.0,26.0,33961.977,1.0,1702933000.0,20.0,16980.988,0.0,1702933000.0,32,16980.988,1e-04,1702933000.0,32,1,5.888939e-05,1702933000.0,32,1,5.888939e-05,1702933000.0,32.0,0.5,5.888939e-05,1702933000.0,Attack,Attack-TCP-Flag-ACK-PSH
60,40.0,0.5,1e-04,40,40.0,0.5,1e-04,20,5808,0.5,1702933000.0,30.0,0,0.0,1702933000.0,30.0,32263.877,1.0,1702933000.0,20.0,16131.938,0.0,1702933000.0,40,16131.938,1e-04,1702933000.0,40,1,6.198883e-05,1702933000.0,40,1,6.198883e-05,1702933000.0,40.0,0.5,6.198883e-05,1702933000.0,Attack,Attack-TCP-Flag-ACK-PSH
24,24.0,0.0,1702933000.0,24,24.0,1.0,1702933000.0,24,1025,0.0,1702933000.0,24.0,0,0.0,1702933000.0,24.0,0.0,1.0,1702933000.0,24.0,0.0,0.0,1702933000.0,24,0.0,1702933000.0,1702933000.0,24,0,1702933000.0,1702933000.0,24,0,1702933000.0,0.0,24.0,1.0,1702933000.0,0.0,Attack,Attack-TCP-Flag-ACK-PSH
20,0.0,0.0,1702933000.0,20,0.0,0.0,1702933000.0,20,0,0.0,0.0,20.0,8192,0.0,0.0,20.0,0.0,0.0,0.0,20.0,0.0,0.0,0.0,0,0.0,1702933000.0,0.0,0,0,1702933000.0,0.0,0,0,1702933000.0,1702933000.0,0.0,0.0,1702933000.0,1702933000.0,Attack,Attack-TCP-Flag-ACK-PSH
40,0.0,0.5,0.1108,20,0.0,0.0,0.1108,20,0,0.5,0.0,20.0,62592,0.0,0.0,20.0,18.056248,0.0,0.0,20.0,18.056248,0.0,0.0,0,0.0,0.1108,0.0,0,1,0.11076498,0.0,0,1,0.11076498,0.11076498,0.0,0.0,0.11076498,0.1108,Attack,Attack-TCP-Flag-ACK-PSH
40,0.0,0.5,0.1078,20,0.0,0.0,0.1078,20,0,0.5,0.0,20.0,62592,0.0,0.0,20.0,18.544958,0.0,0.0,20.0,18.544958,0.0,0.0,0,0.0,0.1078,0.0,0,1,0.10784602,0.0,0,1,0.10784602,0.10784602,0.0,0.0,0.10784602,0.1078,Attack,Attack-TCP-Flag-ACK-PSH
20,20.0,1.0,1702933000.0,20,20.0,0.0,1702933000.0,20,1200,0.0,1702933000.0,20.0,0,0.0,1702933000.0,20.0,0.0,0.0,1702933000.0,20.0,0.0,0.0,1702933000.0,20,0.0,1702933000.0,1702933000.0,20,1,1702933000.0,1702933000.0,20,0,1702933000.0,0.0,20.0,0.0,1702933000.0,0.0,Attack,Attack-TCP-Flag-ACK-PSH
52,32.0,0.5,1e-04,32,32.0,0.5,1e-04,20,1024,0.5,1702933000.0,26.0,0,0.0,1702933000.0,26.0,19831.225,1.0,1702933000.0,20.0,9915.612,0.0,1702933000.0,32,9915.612,1e-04,1702933000.0,32,1,0.00010085106,1702933000.0,32,1,0.00010085106,1702933000.0,32.0,0.5,0.00010085106,1702933000.0,Attack,Attack-TCP-Flag-ACK-PSH
40,0.0,0.5,0.1059,20,0.0,0.0,0.1059,20,0,0.5,0.0,20.0,62602,0.0,0.0,20.0,18.89054,0.0,0.0,20.0,18.89054,0.0,0.0,0,0.0,0.1059,0.0,0,1,0.10587311,0.0,0,1,0.10587311,0.10587311,0.0,0.0,0.10587311,0.1059,Attack,Attack-TCP-Flag-ACK-PSH
40,0.0,0.5,0.1078,20,0.0,0.0,0.1078,20,0,0.5,0.0,20.0,62599,0.0,0.0,20.0,18.556322,0.0,0.0,20.0,18.556322,0.0,0.0,0,0.0,0.1078,0.0,0,1,0.10777998,0.0,0,1,0.10777998,0.10777998,0.0,0.0,0.10777998,0.1078,Attack,Attack-TCP-Flag-ACK-PSH
20,20.0,1.0,1702933000.0,20,20.0,0.0,1702933000.0,20,0,0.0,1702933000.0,20.0,0,0.0,1702933000.0,20.0,0.0,0.0,1702933000.0,20.0,0.0,0.0,1702933000.0,20,0.0,1702933000.0,1702933000.0,20,1,1702933000.0,1702933000.0,20,0,1702933000.0,0.0,20.0,0.0,1702933000.0,0.0,Attack,Attack-TCP-Flag-ACK-PSH
20,20.0,1.0,1702933000.0,20,20.0,0.0,1702933000.0,20,1200,0.0,1702933000.0,20.0,0,0.0,1702933000.0,20.0,0.0,0.0,1702933000.0,20.0,0.0,0.0,1702933000.0,20,0.0,1702933000.0,1702933000.0,20,1,1702933000.0,1702933000.0,20,0,1702933000.0,0.0,20.0,0.0,1702933000.0,0.0,Attack,Attack-TCP-Flag-ACK-PSH
40,0.0,0.5,0.1113,20,0.0,0.0,0.1113,20,0,0.5,0.0,20.0,62599,0.0,0.0,20.0,17.9693,0.0,0.0,20.0,17.9693,0.0,0.0,0,0.0,0.1113,0.0,0,1,0.111300945,0.0,0,1,0.111300945,0.111300945,0.0,0.0,0.111300945,0.1113,Attack,Attack-TCP-Flag-ACK-PSH
40,0.0,0.5,0.111,20,0.0,0.0,0.111,20,0,0.5,0.0,20.0,62602,0.0,0.0,20.0,18.01851,0.0,0.0,20.0,18.01851,0.0,0.0,0,0.0,0.111,0.0,0,1,0.11099696,0.0,0,1,0.11099696,0.11099696,0.0,0.0,0.11099696,0.111,Attack,Attack-TCP-Flag-ACK-PSH
24,24.0,0.0,1702933000.0,24,24.0,1.0,1702933000.0,24,65535,0.0,1702933000.0,24.0,0,0.0,1702933000.0,24.0,0.0,1.0,1702933000.0,24.0,0.0,0.0,1702933000.0,24,0.0,1702933000.0,1702933000.0,24,0,1702933000.0,1702933000.0,24,0,1702933000.0,0.0,24.0,1.0,1702933000.0,0.0,Attack,Attack-TCP-Flag-ACK-PSH
20,20.0,1.0,1702933000.0,20,20.0,0.0,1702933000.0,20,1200,0.0,1702933000.0,20.0,0,0.0,1702933000.0,20.0,0.0,0.0,1702933000.0,20.0,0.0,0.0,1702933000.0,20,0.0,1702933000.0,1702933000.0,20,1,1702933000.0,1702933000.0,20,0,1702933000.0,0.0,20.0,0.0,1702933000.0,0.0,Attack,Attack-TCP-Flag-ACK-PSH
40,0.0,0.5,0.111,20,0.0,0.0,0.111,20,0,0.5,0.0,20.0,62592,0.0,0.0,20.0,18.021414,0.0,0.0,20.0,18.021414,0.0,0.0,0,0.0,0.111,0.0,0,1,0.11097908,0.0,0,1,0.11097908,0.11097908,0.0,0.0,0.11097908,0.111,Attack,Attack-TCP-Flag-ACK-PSH
20,20.0,1.0,1702933000.0,20,20.0,0.0,1702933000.0,20,0,0.0,1702933000.0,20.0,0,0.0,1702933000.0,20.0,0.0,0.0,1702933000.0,20.0,0.0,0.0,1702933000.0,20,0.0,1702933000.0,1702933000.0,20,1,1702933000.0,1702933000.0,20,0,1702933000.0,0.0,20.0,0.0,1702933000.0,0.0,Attack,Attack-TCP-Flag-ACK-PSH
24,24.0,0.0,1702933000.0,24,24.0,1.0,1702933000.0,24,1024,0.0,1702933000.0,24.0,0,0.0,1702933000.0,24.0,0.0,1.0,1702933000.0,24.0,0.0,0.0,1702933000.0,24,0.0,1702933000.0,1702933000.0,24,0,1702933000.0,1702933000.0,24,0,1702933000.0,0.0,24.0,1.0,1702933000.0,0.0,Attack,Attack-TCP-Flag-ACK-PSH
24,24.0,0.0,1702933000.0,24,24.0,1.0,1702933000.0,24,65535,0.0,1702933000.0,24.0,0,0.0,1702933000.0,24.0,0.0,1.0,1702933000.0,24.0,0.0,0.0,1702933000.0,24,0.0,1702933000.0,1702933000.0,24,0,1702933000.0,1702933000.0,24,0,1702933000.0,0.0,24.0,1.0,1702933000.0,0.0,Attack,Attack-TCP-Flag-ACK-PSH
40,0.0,0.5,0.1081,20,0.0,0.0,0.1081,20,0,0.5,0.0,20.0,62602,0.0,0.0,20.0,18.504295,0.0,0.0,20.0,18.504295,0.0,0.0,0,0.0,0.1081,0.0,0,1,0.10808301,0.0,0,1,0.10808301,0.10808301,0.0,0.0,0.10808301,0.1081,Attack,Attack-TCP-Flag-ACK-PSH
40,0.0,0.5,0.1101,20,0.0,0.0,0.1101,20,0,0.5,0.0,20.0,62605,0.0,0.0,20.0,18.169903,0.0,0.0,20.0,18.169903,0.0,0.0,0,0.0,0.1101,0.0,0,1,0.110072136,0.0,0,1,0.110072136,0.110072136,0.0,0.0,0.110072136,0.1101,Attack,Attack-TCP-Flag-ACK-PSH
24,24.0,0.0,1702933000.0,24,24.0,1.0,1702933000.0,24,65535,0.0,1702933000.0,24.0,0,0.0,1702933000.0,24.0,0.0,1.0,1702933000.0,24.0,0.0,0.0,1702933000.0,24,0.0,1702933000.0,1702933000.0,24,0,1702933000.0,1702933000.0,24,0,1702933000.0,0.0,24.0,1.0,1702933000.0,0.0,Attack,Attack-TCP-Flag-ACK-PSH
20,20.0,1.0,1702933000.0,20,20.0,0.0,1702933000.0,20,1200,0.0,1702933000.0,20.0,0,0.0,1702933000.0,20.0,0.0,0.0,1702933000.0,20.0,0.0,0.0,1702933000.0,20,0.0,1702933000.0,1702933000.0,20,1,1702933000.0,1702933000.0,20,0,1702933000.0,0.0,20.0,0.0,1702933000.0,0.0,Attack,Attack-TCP-Flag-ACK-PSH
40,0.0,0.5,0.1112,20,0.0,0.0,0.1112,20,0,0.5,0.0,20.0,62608,0.0,0.0,20.0,17.982859,0.0,0.0,20.0,17.982859,0.0,0.0,0,0.0,0.1112,0.0,0,1,0.11121702,0.0,0,1,0.11121702,0.11121702,0.0,0.0,0.11121702,0.1112,Attack,Attack-TCP-Flag-ACK-PSH
40,0.0,0.5,0.1112,20,0.0,0.0,0.1112,20,0,0.5,0.0,20.0,62592,0.0,0.0,20.0,17.988026,0.0,0.0,20.0,17.988026,0.0,0.0,0,0.0,0.1112,0.0,0,1,0.111185074,0.0,0,1,0.111185074,0.111185074,0.0,0.0,0.111185074,0.1112,Attack,Attack-TCP-Flag-ACK-PSH
20,20.0,1.0,1702933000.0,20,20.0,0.0,1702933000.0,20,0,0.0,1702933000.0,20.0,0,0.0,1702933000.0,20.0,0.0,0.0,1702933000.0,20.0,0.0,0.0,1702933000.0,20,0.0,1702933000.0,1702933000.0,20,1,1702933000.0,1702933000.0,20,0,1702933000.0,0.0,20.0,0.0,1702933000.0,0.0,Attack,Attack-TCP-Flag-ACK-PSH
20,20.0,0.0,1702933000.0,20,20.0,1.0,1702933000.0,20,1024,0.0,1702933000.0,20.0,0,0.0,1702933000.0,20.0,0.0,1.0,1702933000.0,20.0,0.0,0.0,1702933000.0,20,0.0,1702933000.0,1702933000.0,20,0,1702933000.0,1702933000.0,20,0,1702933000.0,0.0,20.0,1.0,1702933000.0,0.0,Attack,Attack-TCP-Flag-ACK-PSH
40,0.0,0.5,0.1068,20,0.0,0.0,0.1068,20,0,0.5,0.0,20.0,62594,0.0,0.0,20.0,18.727957,0.0,0.0,20.0,18.727957,0.0,0.0,0,0.0,0.1068,0.0,0,1,0.10679221,0.0,0,1,0.10679221,0.10679221,0.0,0.0,0.10679221,0.1068,Attack,Attack-TCP-Flag-ACK-PSH
40,0.0,0.5,0.1115,20,0.0,0.0,0.1115,20,0,0.5,0.0,20.0,62608,0.0,0.0,20.0,17.93273,0.0,0.0,20.0,17.93273,0.0,0.0,0,0.0,0.1115,0.0,0,1,0.11152792,0.0,0,1,0.11152792,0.11152792,0.0,0.0,0.11152792,0.1115,Attack,Attack-TCP-Flag-ACK-PSH
40,20.0,0.5,0.0002,20,20.0,0.5,0.0002,20,1024,0.5,1702933000.0,20.0,0,0.0,1702933000.0,20.0,13252.1455,1.0,1702933000.0,20.0,6626.0728,0.0,1702933000.0,20,6626.0728,0.0002,1702933000.0,20,1,0.00015091896,1702933000.0,20,1,0.00015091896,1702933000.0,20.0,0.5,0.00015091896,1702933000.0,Attack,Attack-TCP-Flag-ACK-PSH
40,0.0,0.5,0.1081,20,0.0,0.0,0.1081,20,0,0.5,0.0,20.0,62592,0.0,0.0,20.0,18.509768,0.0,0.0,20.0,18.509768,0.0,0.0,0,0.0,0.1081,0.0,0,1,0.10805106,0.0,0,1,0.10805106,0.10805106,0.0,0.0,0.10805106,0.1081,Attack,Attack-TCP-Flag-ACK-PSH
40,0.0,0.5,0.1079,20,0.0,0.0,0.1079,20,0,0.5,0.0,20.0,62602,0.0,0.0,20.0,18.538073,0.0,0.0,20.0,18.538073,0.0,0.0,0,0.0,0.1079,0.0,0,1,0.107886076,0.0,0,1,0.107886076,0.107886076,0.0,0.0,0.107886076,0.1079,Attack,Attack-TCP-Flag-ACK-PSH
20,20.0,1.0,1702933000.0,20,20.0,0.0,1702933000.0,20,0,0.0,1702933000.0,20.0,0,0.0,1702933000.0,20.0,0.0,0.0,1702933000.0,20.0,0.0,0.0,1702933000.0,20,0.0,1702933000.0,1702933000.0,20,1,1702933000.0,1702933000.0,20,0,1702933000.0,0.0,20.0,0.0,1702933000.0,0.0,Attack,Attack-TCP-Flag-ACK-PSH
24,24.0,0.0,1702933000.0,24,24.0,1.0,1702933000.0,24,65535,0.0,1702933000.0,24.0,0,0.0,1702933000.0,24.0,0.0,1.0,1702933000.0,24.0,0.0,0.0,1702933000.0,24,0.0,1702933000.0,1702933000.0,24,0,1702933000.0,1702933000.0,24,0,1702933000.0,0.0,24.0,1.0,1702933000.0,0.0,Attack,Attack-TCP-Flag-ACK-PSH
40,0.0,0.5,0.1108,20,0.0,0.0,0.1108,20,0,0.5,0.0,20.0,62588,0.0,0.0,20.0,18.054266,0.0,0.0,20.0,18.054266,0.0,0.0,0,0.0,0.1108,0.0,0,1,0.11077714,0.0,0,1,0.11077714,0.11077714,0.0,0.0,0.11077714,0.1108,Attack,Attack-TCP-Flag-ACK-PSH
20,20.0,1.0,1702933000.0,20,20.0,0.0,1702933000.0,20,0,0.0,1702933000.0,20.0,0,0.0,1702933000.0,20.0,0.0,0.0,1702933000.0,20.0,0.0,0.0,1702933000.0,20,0.0,1702933000.0,1702933000.0,20,1,1702933000.0,1702933000.0,20,0,1702933000.0,0.0,20.0,0.0,1702933000.0,0.0,Attack,Attack-TCP-Flag-ACK-PSH
20,20.0,0.0,1702933000.0,20,20.0,1.0,1702933000.0,20,1024,0.0,1702933000.0,20.0,0,0.0,1702933000.0,20.0,0.0,1.0,1702933000.0,20.0,0.0,0.0,1702933000.0,20,0.0,1702933000.0,1702933000.0,20,0,1702933000.0,1702933000.0,20,0,1702933000.0,0.0,20.0,1.0,1702933000.0,0.0,Attack,Attack-TCP-Flag-ACK-PSH
40,0.0,0.5,0.1104,20,0.0,0.0,0.1104,20,0,0.5,0.0,20.0,62611,0.0,0.0,20.0,18.118217,0.0,0.0,20.0,18.118217,0.0,0.0,0,0.0,0.1104,0.0,0,1,0.11038613,0.0,0,1,0.11038613,0.11038613,0.0,0.0,0.11038613,0.1104,Attack,Attack-TCP-Flag-ACK-PSH
20,20.0,1.0,1702933000.0,20,20.0,0.0,1702933000.0,20,0,0.0,1702933000.0,20.0,0,0.0,1702933000.0,20.0,0.0,0.0,1702933000.0,20.0,0.0,0.0,1702933000.0,20,0.0,1702933000.0,1702933000.0,20,1,1702933000.0,1702933000.0,20,0,1702933000.0,0.0,20.0,0.0,1702933000.0,0.0,Attack,Attack-TCP-Flag-ACK-PSH
40,0.0,0.5,0.1079,20,0.0,0.0,0.1079,20,0,0.5,0.0,20.0,62602,0.0,0.0,20.0,18.527592,0.0,0.0,20.0,18.527592,0.0,0.0,0,0.0,0.1079,0.0,0,1,0.10794711,0.0,0,1,0.10794711,0.10794711,0.0,0.0,0.10794711,0.1079,Attack,Attack-TCP-Flag-ACK-PSH
24,24.0,0.0,1702933000.0,24,24.0,1.0,1702933000.0,24,65535,0.0,1702933000.0,24.0,0,0.0,1702933000.0,24.0,0.0,1.0,1702933000.0,24.0,0.0,0.0,1702933000.0,24,0.0,1702933000.0,1702933000.0,24,0,1702933000.0,1702933000.0,24,0,1702933000.0,0.0,24.0,1.0,1702933000.0,0.0,Attack,Attack-TCP-Flag-ACK-PSH
40,0.0,0.5,0.1091,20,0.0,0.0,0.1091,20,0,0.5,0.0,20.0,62590,0.0,0.0,20.0,18.328264,0.0,0.0,20.0,18.328264,0.0,0.0,0,0.0,0.1091,0.0,0,1,0.109121084,0.0,0,1,0.109121084,0.109121084,0.0,0.0,0.109121084,0.1091,Attack,Attack-TCP-Flag-ACK-PSH
20,20.0,0.0,1702933000.0,20,20.0,1.0,1702933000.0,20,65535,0.0,1702933000.0,20.0,0,0.0,1702933000.0,20.0,0.0,1.0,1702933000.0,20.0,0.0,0.0,1702933000.0,20,0.0,1702933000.0,1702933000.0,20,0,1702933000.0,1702933000.0,20,0,1702933000.0,0.0,20.0,1.0,1702933000.0,0.0,Attack,Attack-TCP-Flag-ACK-PSH
40,0.0,0.5,0.1082,20,0.0,0.0,0.1082,20,0,0.5,0.0,20.0,62588,0.0,0.0,20.0,18.484968,0.0,0.0,20.0,18.484968,0.0,0.0,0,0.0,0.1082,0.0,0,1,0.10819602,0.0,0,1,0.10819602,0.10819602,0.0,0.0,0.10819602,0.1082,Attack,Attack-TCP-Flag-ACK-PSH
20,20.0,1.0,1702933000.0,20,20.0,0.0,1702933000.0,20,0,0.0,1702933000.0,20.0,0,0.0,1702933000.0,20.0,0.0,0.0,1702933000.0,20.0,0.0,0.0,1702933000.0,20,0.0,1702933000.0,1702933000.0,20,1,1702933000.0,1702933000.0,20,0,1702933000.0,0.0,20.0,0.0,1702933000.0,0.0,Attack,Attack-TCP-Flag-ACK-PSH
40,0.0,0.5,0.1091,20,0.0,0.0,0.1091,20,0,0.5,0.0,20.0,62592,0.0,0.0,20.0,18.329786,0.0,0.0,20.0,18.329786,0.0,0.0,0,0.0,0.1091,0.0,0,1,0.109112024,0.0,0,1,0.109112024,0.109112024,0.0,0.0,0.109112024,0.1091,Attack,Attack-TCP-Flag-ACK-PSH
20,20.0,0.0,1702933000.0,20,20.0,1.0,1702933000.0,20,1024,0.0,1702933000.0,20.0,0,0.0,1702933000.0,20.0,0.0,1.0,1702933000.0,20.0,0.0,0.0,1702933000.0,20,0.0,1702933000.0,1702933000.0,20,0,1702933000.0,1702933000.0,20,0,1702933000.0,0.0,20.0,1.0,1702933000.0,0.0,Attack,Attack-TCP-Flag-ACK-PSH
40,0.0,0.5,0.1109,20,0.0,0.0,0.1109,20,0,0.5,0.0,20.0,62602,0.0,0.0,20.0,18.027418,0.0,0.0,20.0,18.027418,0.0,0.0,0,0.0,0.1109,0.0,0,1,0.110942125,0.0,0,1,0.110942125,0.110942125,0.0,0.0,0.110942125,0.1109,Attack,Attack-TCP-Flag-ACK-PSH
20,20.0,1.0,1702933000.0,20,20.0,0.0,1702933000.0,20,0,0.0,1702933000.0,20.0,0,0.0,1702933000.0,20.0,0.0,0.0,1702933000.0,20.0,0.0,0.0,1702933000.0,20,0.0,1702933000.0,1702933000.0,20,1,1702933000.0,1702933000.0,20,0,1702933000.0,0.0,20.0,0.0,1702933000.0,0.0,Attack,Attack-TCP-Flag-ACK-PSH
40,0.0,0.5,0.109,20,0.0,0.0,0.109,20,0,0.5,0.0,20.0,62605,0.0,0.0,20.0,18.353165,0.0,0.0,20.0,18.353165,0.0,0.0,0,0.0,0.109,0.0,0,1,0.10897303,0.0,0,1,0.10897303,0.10897303,0.0,0.0,0.10897303,0.109,Attack,Attack-TCP-Flag-ACK-PSH
20,20.0,1.0,1702933000.0,20,20.0,0.0,1702933000.0,20,1200,0.0,1702933000.0,20.0,0,0.0,1702933000.0,20.0,0.0,0.0,1702933000.0,20.0,0.0,0.0,1702933000.0,20,0.0,1702933000.0,1702933000.0,20,1,1702933000.0,1702933000.0,20,0,1702933000.0,0.0,20.0,0.0,1702933000.0,0.0,Attack,Attack-TCP-Flag-ACK-PSH
24,24.0,0.0,1702933000.0,24,24.0,1.0,1702933000.0,24,65535,0.0,1702933000.0,24.0,0,0.0,1702933000.0,24.0,0.0,1.0,1702933000.0,24.0,0.0,0.0,1702933000.0,24,0.0,1702933000.0,1702933000.0,24,0,1702933000.0,1702933000.0,24,0,1702933000.0,0.0,24.0,1.0,1702933000.0,0.0,Attack,Attack-TCP-Flag-ACK-PSH
40,20.0,0.5,1e-04,20,20.0,0.5,1e-04,20,1024,0.5,1702933000.0,20.0,0,0.0,1702933000.0,20.0,14488.097,1.0,1702933000.0,20.0,7244.0483,0.0,1702933000.0,20,7244.0483,1e-04,1702933000.0,20,1,0.00013804436,1702933000.0,20,1,0.00013804436,1702933000.0,20.0,0.5,0.00013804436,1702933000.0,Attack,Attack-TCP-Flag-ACK-PSH
40,0.0,0.5,0.1107,20,0.0,0.0,0.1107,20,0,0.5,0.0,20.0,62592,0.0,0.0,20.0,18.064726,0.0,0.0,20.0,18.064726,0.0,0.0,0,0.0,0.1107,0.0,0,1,0.110713005,0.0,0,1,0.110713005,0.110713005,0.0,0.0,0.110713005,0.1107,Attack,Attack-TCP-Flag-ACK-PSH
20,20.0,1.0,1702933000.0,20,20.0,0.0,1702933000.0,20,0,0.0,1702933000.0,20.0,0,0.0,1702933000.0,20.0,0.0,0.0,1702933000.0,20.0,0.0,0.0,1702933000.0,20,0.0,1702933000.0,1702933000.0,20,1,1702933000.0,1702933000.0,20,0,1702933000.0,0.0,20.0,0.0,1702933000.0,0.0,Attack,Attack-TCP-Flag-ACK-PSH
20,20.0,1.0,1702933000.0,20,20.0,0.0,1702933000.0,20,1200,0.0,1702933000.0,20.0,0,0.0,1702933000.0,20.0,0.0,0.0,1702933000.0,20.0,0.0,0.0,1702933000.0,20,0.0,1702933000.0,1702933000.0,20,1,1702933000.0,1702933000.0,20,0,1702933000.0,0.0,20.0,0.0,1702933000.0,0.0,Attack,Attack-TCP-Flag-ACK-PSH
40,0.0,0.5,0.1077,20,0.0,0.0,0.1077,20,0,0.5,0.0,20.0,62611,0.0,0.0,20.0,18.573002,0.0,0.0,20.0,18.573002,0.0,0.0,0,0.0,0.1077,0.0,0,1,0.10768318,0.0,0,1,0.10768318,0.10768318,0.0,0.0,0.10768318,0.1077,Attack,Attack-TCP-Flag-ACK-PSH
44,24.0,0.5,1e-04,24,24.0,0.5,1e-04,20,65535,0.5,1702933000.0,22.0,0,0.0,1702933000.0,22.0,27776.848,1.0,1702933000.0,20.0,13888.424,0.0,1702933000.0,24,13888.424,1e-04,1702933000.0,24,1,7.200241e-05,1702933000.0,24,1,7.200241e-05,1702933000.0,24.0,0.5,7.200241e-05,1702933000.0,Attack,Attack-TCP-Flag-ACK-PSH
40,0.0,0.5,0.109,20,0.0,0.0,0.109,20,0,0.5,0.0,20.0,62602,0.0,0.0,20.0,18.344576,0.0,0.0,20.0,18.344576,0.0,0.0,0,0.0,0.109,0.0,0,1,0.10902405,0.0,0,1,0.10902405,0.10902405,0.0,0.0,0.10902405,0.109,Attack,Attack-TCP-Flag-ACK-PSH
40,0.0,0.5,0.11,20,0.0,0.0,0.11,20,0,0.5,0.0,20.0,62599,0.0,0.0,20.0,18.189089,0.0,0.0,20.0,18.189089,0.0,0.0,0,0.0,0.11,0.0,0,1,0.109956026,0.0,0,1,0.109956026,0.109956026,0.0,0.0,0.109956026,0.11,Attack,Attack-TCP-Flag-ACK-PSH
24,24.0,0.0,1702933000.0,24,24.0,1.0,1702933000.0,24,65535,0.0,1702933000.0,24.0,0,0.0,1702933000.0,24.0,0.0,1.0,1702933000.0,24.0,0.0,0.0,1702933000.0,24,0.0,1702933000.0,1702933000.0,24,0,1702933000.0,1702933000.0,24,0,1702933000.0,0.0,24.0,1.0,1702933000.0,0.0,Attack,Attack-TCP-Flag-ACK-PSH
24,24.0,0.0,1702933000.0,24,24.0,1.0,1702933000.0,24,1025,0.0,1702933000.0,24.0,0,0.0,1702933000.0,24.0,0.0,1.0,1702933000.0,24.0,0.0,0.0,1702933000.0,24,0.0,1702933000.0,1702933000.0,24,0,1702933000.0,1702933000.0,24,0,1702933000.0,0.0,24.0,1.0,1702933000.0,0.0,Attack,Attack-TCP-Flag-ACK-PSH
20,20.0,1.0,1702933100.0,20,20.0,0.0,1702933100.0,20,0,0.0,1702933100.0,20.0,0,0.0,1702933100.0,20.0,0.0,0.0,1702933100.0,20.0,0.0,0.0,1702933100.0,20,0.0,1702933100.0,1702933100.0,20,1,1702933100.0,1702933100.0,20,0,1702933100.0,0.0,20.0,0.0,1702933100.0,0.0,Attack,Attack-TCP-Flag-ACK-PSH
40,0.0,0.5,0.1078,20,0.0,0.0,0.1078,20,0,0.5,0.0,20.0,62602,0.0,0.0,20.0,18.552874,0.0,0.0,20.0,18.552874,0.0,0.0,0,0.0,0.1078,0.0,0,1,0.10780001,0.0,0,1,0.10780001,0.10780001,0.0,0.0,0.10780001,0.1078,Attack,Attack-TCP-Flag-ACK-PSH
40,0.0,0.5,0.111,20,0.0,0.0,0.111,20,0,0.5,0.0,20.0,62602,0.0,0.0,20.0,18.018356,0.0,0.0,20.0,18.018356,0.0,0.0,0,0.0,0.111,0.0,0,1,0.110997915,0.0,0,1,0.110997915,0.110997915,0.0,0.0,0.110997915,0.111,Attack,Attack-TCP-Flag-ACK-PSH
40,0.0,0.5,0.1112,20,0.0,0.0,0.1112,20,0,0.5,0.0,20.0,62599,0.0,0.0,20.0,17.98367,0.0,0.0,20.0,17.98367,0.0,0.0,0,0.0,0.1112,0.0,0,1,0.111212015,0.0,0,1,0.111212015,0.111212015,0.0,0.0,0.111212015,0.1112,Attack,Attack-TCP-Flag-ACK-PSH
24,24.0,0.0,1702933100.0,24,24.0,1.0,1702933100.0,24,1025,0.0,1702933100.0,24.0,0,0.0,1702933100.0,24.0,0.0,1.0,1702933100.0,24.0,0.0,0.0,1702933100.0,24,0.0,1702933100.0,1702933100.0,24,0,1702933100.0,1702933100.0,24,0,1702933100.0,0.0,24.0,1.0,1702933100.0,0.0,Attack,Attack-TCP-Flag-ACK-PSH
40,0.0,0.5,0.111,20,0.0,0.0,0.111,20,0,0.5,0.0,20.0,62599,0.0,0.0,20.0,18.024164,0.0,0.0,20.0,18.024164,0.0,0.0,0,0.0,0.111,0.0,0,1,0.11096215,0.0,0,1,0.11096215,0.11096215,0.0,0.0,0.11096215,0.111,Attack,Attack-TCP-Flag-ACK-PSH
40,20.0,0.5,0.0002,20,20.0,0.0,0.0002,20,64764,0.5,1702933100.0,20.0,0,0.0,1702933100.0,20.0,8886.237,0.0,1702933100.0,20.0,4443.1187,0.0,1702933100.0,20,4443.1187,0.0002,1702933100.0,20,1,0.00022506714,1702933100.0,20,1,0.00022506714,1702933100.0,20.0,0.0,0.00022506714,1702933100.0,Attack,Attack-TCP-Flag-ACK-PSH
40,0.0,0.5,0.1076,20,0.0,0.0,0.1076,20,0,0.5,0.0,20.0,62602,0.0,0.0,20.0,18.588724,0.0,0.0,20.0,18.588724,0.0,0.0,0,0.0,0.1076,0.0,0,1,0.107592106,0.0,0,1,0.107592106,0.107592106,0.0,0.0,0.107592106,0.1076,Attack,Attack-TCP-Flag-ACK-PSH
24,24.0,0.0,1702933100.0,24,24.0,1.0,1702933100.0,24,65535,0.0,1702933100.0,24.0,0,0.0,1702933100.0,24.0,0.0,1.0,1702933100.0,24.0,0.0,0.0,1702933100.0,24,0.0,1702933100.0,1702933100.0,24,0,1702933100.0,1702933100.0,24,0,1702933100.0,0.0,24.0,1.0,1702933100.0,0.0,Attack,Attack-TCP-Flag-ACK-PSH
40,20.0,0.5,1e-04,20,20.0,0.5,1e-04,20,65535,0.5,1702933100.0,20.0,0,0.0,1702933100.0,20.0,14820.862,1.0,1702933100.0,20.0,7410.431,0.0,1702933100.0,20,7410.431,1e-04,1702933100.0,20,1,0.00013494492,1702933100.0,20,1,0.00013494492,1702933100.0,20.0,0.5,0.00013494492,1702933100.0,Attack,Attack-TCP-Flag-ACK-PSH
40,0.0,0.5,0.1112,20,0.0,0.0,0.1112,20,0,0.5,0.0,20.0,62611,0.0,0.0,20.0,17.989954,0.0,0.0,20.0,17.989954,0.0,0.0,0,0.0,0.1112,0.0,0,1,0.11117315,0.0,0,1,0.11117315,0.11117315,0.0,0.0,0.11117315,0.1112,Attack,Attack-TCP-Flag-ACK-PSH
40,20.0,0.5,1e-04,20,20.0,0.5,1e-04,20,1024,0.5,1702933100.0,20.0,0,0.0,1702933100.0,20.0,25343.227,1.0,1702933100.0,20.0,12671.613,0.0,1702933100.0,20,12671.613,1e-04,1702933100.0,20,1,7.891655e-05,1702933100.0,20,1,7.891655e-05,1702933100.0,20.0,0.5,7.891655e-05,1702933100.0,Attack,Attack-TCP-Flag-ACK-PSH
20,20.0,1.0,1702933100.0,20,20.0,0.0,1702933100.0,20,0,0.0,1702933100.0,20.0,0,0.0,1702933100.0,20.0,0.0,0.0,1702933100.0,20.0,0.0,0.0,1702933100.0,20,0.0,1702933100.0,1702933100.0,20,1,1702933100.0,1702933100.0,20,0,1702933100.0,0.0,20.0,0.0,1702933100.0,0.0,Attack,Attack-TCP-Flag-ACK-PSH
24,24.0,0.0,1702933100.0,24,24.0,1.0,1702933100.0,24,1025,0.0,1702933100.0,24.0,0,0.0,1702933100.0,24.0,0.0,1.0,1702933100.0,24.0,0.0,0.0,1702933100.0,24,0.0,1702933100.0,1702933100.0,24,0,1702933100.0,1702933100.0,24,0,1702933100.0,0.0,24.0,1.0,1702933100.0,0.0,Attack,Attack-TCP-Flag-ACK-PSH
40,0.0,0.5,0.1109,20,0.0,0.0,0.1109,20,0,0.5,0.0,20.0,62594,0.0,0.0,20.0,18.032804,0.0,0.0,20.0,18.032804,0.0,0.0,0,0.0,0.1109,0.0,0,1,0.110908985,0.0,0,1,0.110908985,0.110908985,0.0,0.0,0.110908985,0.1109,Attack,Attack-TCP-Flag-ACK-PSH
40,0.0,0.5,0.1097,20,0.0,0.0,0.1097,20,0,0.5,0.0,20.0,62599,0.0,0.0,20.0,18.223902,0.0,0.0,20.0,18.223902,0.0,0.0,0,0.0,0.1097,0.0,0,1,0.10974598,0.0,0,1,0.10974598,0.10974598,0.0,0.0,0.10974598,0.1097,Attack,Attack-TCP-Flag-ACK-PSH
20,20.0,1.0,1702933100.0,20,20.0,0.0,1702933100.0,20,0,0.0,1702933100.0,20.0,0,0.0,1702933100.0,20.0,0.0,0.0,1702933100.0,20.0,0.0,0.0,1702933100.0,20,0.0,1702933100.0,1702933100.0,20,1,1702933100.0,1702933100.0,20,0,1702933100.0,0.0,20.0,0.0,1702933100.0,0.0,Attack,Attack-TCP-Flag-ACK-PSH
40,0.0,0.5,0.1078,20,0.0,0.0,0.1078,20,0,0.5,0.0,20.0,62596,0.0,0.0,20.0,18.550125,0.0,0.0,20.0,18.550125,0.0,0.0,0,0.0,0.1078,0.0,0,1,0.10781598,0.0,0,1,0.10781598,0.10781598,0.0,0.0,0.10781598,0.1078,Attack,Attack-TCP-Flag-ACK-PSH
20,20.0,1.0,1702933100.0,20,20.0,0.0,1702933100.0,20,0,0.0,1702933100.0,20.0,0,0.0,1702933100.0,20.0,0.0,0.0,1702933100.0,20.0,0.0,0.0,1702933100.0,20,0.0,1702933100.0,1702933100.0,20,1,1702933100.0,1702933100.0,20,0,1702933100.0,0.0,20.0,0.0,1702933100.0,0.0,Attack,Attack-TCP-Flag-ACK-PSH
20,20.0,1.0,1702933100.0,20,20.0,0.0,1702933100.0,20,1200,0.0,1702933100.0,20.0,0,0.0,1702933100.0,20.0,0.0,0.0,1702933100.0,20.0,0.0,0.0,1702933100.0,20,0.0,1702933100.0,1702933100.0,20,1,1702933100.0,1702933100.0,20,0,1702933100.0,0.0,20.0,0.0,1702933100.0,0.0,Attack,Attack-TCP-Flag-ACK-PSH
40,0.0,0.5,0.1079,20,0.0,0.0,0.1079,20,0,0.5,0.0,20.0,62596,0.0,0.0,20.0,18.539959,0.0,0.0,20.0,18.539959,0.0,0.0,0,0.0,0.1079,0.0,0,1,0.10787511,0.0,0,1,0.10787511,0.10787511,0.0,0.0,0.10787511,0.1079,Attack,Attack-TCP-Flag-ACK-PSH
60,40.0,0.5,0.0002,40,40.0,0.5,0.0002,20,13600,0.5,1702933100.0,30.0,0,0.0,1702933100.0,30.0,11966.631,1.0,1702933100.0,20.0,5983.3154,0.0,1702933100.0,40,5983.3154,0.0002,1702933100.0,40,1,0.00016713142,1702933100.0,40,1,0.00016713142,1702933100.0,40.0,0.5,0.00016713142,1702933100.0,Attack,Attack-TCP-Flag-ACK-PSH
40,0.0,0.5,0.1101,20,0.0,0.0,0.1101,20,0,0.5,0.0,20.0,62602,0.0,0.0,20.0,18.169785,0.0,0.0,20.0,18.169785,0.0,0.0,0,0.0,0.1101,0.0,0,1,0.11007285,0.0,0,1,0.11007285,0.11007285,0.0,0.0,0.11007285,0.1101,Attack,Attack-TCP-Flag-ACK-PSH
40,0.0,0.5,0.111,20,0.0,0.0,0.111,20,0,0.5,0.0,20.0,62602,0.0,0.0,20.0,18.024511,0.0,0.0,20.0,18.024511,0.0,0.0,0,0.0,0.111,0.0,0,1,0.11096001,0.0,0,1,0.11096001,0.11096001,0.0,0.0,0.11096001,0.111,Attack,Attack-TCP-Flag-ACK-PSH
40,0.0,0.5,0.1108,20,0.0,0.0,0.1108,20,0,0.5,0.0,20.0,62596,0.0,0.0,20.0,18.056053,0.0,0.0,20.0,18.056053,0.0,0.0,0,0.0,0.1108,0.0,0,1,0.11076617,0.0,0,1,0.11076617,0.11076617,0.0,0.0,0.11076617,0.1108,Attack,Attack-TCP-Flag-ACK-PSH
40,0.0,0.5,0.108,20,0.0,0.0,0.108,20,0,0.5,0.0,20.0,62592,0.0,0.0,20.0,18.526731,0.0,0.0,20.0,18.526731,0.0,0.0,0,0.0,0.108,0.0,0,1,0.10795212,0.0,0,1,0.10795212,0.10795212,0.0,0.0,0.10795212,0.108,Attack,Attack-TCP-Flag-ACK-PSH
20,0.0,0.0,1702933100.0,20,0.0,0.0,1702933100.0,20,0,0.0,0.0,20.0,62588,0.0,0.0,20.0,0.0,0.0,0.0,20.0,0.0,0.0,0.0,0,0.0,1702933100.0,0.0,0,0,1702933100.0,0.0,0,0,1702933100.0,1702933100.0,0.0,0.0,1702933100.0,1702933100.0,Attack,Attack-TCP-Flag-ACK-PSH
60,40.0,0.5,0.0003,40,40.0,0.5,0.0003,20,64240,0.5,1702933100.0,30.0,0,0.0,1702933100.0,30.0,7781.64,1.0,1702933100.0,20.0,3890.82,0.0,1702933100.0,40,3890.82,0.0003,1702933100.0,40,1,0.00025701523,1702933100.0,40,1,0.00025701523,1702933100.0,40.0,0.5,0.00025701523,1702933100.0,Attack,Attack-TCP-Flag-ACK-PSH
40,0.0,0.5,0.1078,20,0.0,0.0,0.1078,20,0,0.5,0.0,20.0,62588,0.0,0.0,20.0,18.5539,0.0,0.0,20.0,18.5539,0.0,0.0,0,0.0,0.1078,0.0,0,1,0.10779405,0.0,0,1,0.10779405,0.10779405,0.0,0.0,0.10779405,0.1078,Attack,Attack-TCP-Flag-ACK-PSH
40,20.0,0.5,1e-04,20,20.0,0.5,1e-04,20,65535,0.5,1702933100.0,20.0,0,0.0,1702933100.0,20.0,30840.47,1.0,1702933100.0,20.0,15420.235,0.0,1702933100.0,20,15420.235,1e-04,1702933100.0,20,1,6.484985e-05,1702933100.0,20,1,6.484985e-05,1702933100.0,20.0,0.5,6.484985e-05,1702933100.0,Attack,Attack-TCP-Flag-ACK-PSH
20,20.0,1.0,1702933100.0,20,20.0,0.0,1702933100.0,20,0,0.0,1702933100.0,20.0,0,0.0,1702933100.0,20.0,0.0,0.0,1702933100.0,20.0,0.0,0.0,1702933100.0,20,0.0,1702933100.0,1702933100.0,20,1,1702933100.0,1702933100.0,20,0,1702933100.0,0.0,20.0,0.0,1702933100.0,0.0,Attack,Attack-TCP-Flag-ACK-PSH
20,20.0,1.0,1702933100.0,20,20.0,0.0,1702933100.0,20,0,0.0,1702933100.0,20.0,0,0.0,1702933100.0,20.0,0.0,0.0,1702933100.0,20.0,0.0,0.0,1702933100.0,20,0.0,1702933100.0,1702933100.0,20,1,1702933100.0,1702933100.0,20,0,1702933100.0,0.0,20.0,0.0,1702933100.0,0.0,Attack,Attack-TCP-Flag-ACK-PSH
40,0.0,0.5,0.1108,20,0.0,0.0,0.1108,20,0,0.5,0.0,20.0,62605,0.0,0.0,20.0,18.04809,0.0,0.0,20.0,18.04809,0.0,0.0,0,0.0,0.1108,0.0,0,1,0.11081505,0.0,0,1,0.11081505,0.11081505,0.0,0.0,0.11081505,0.1108,Attack,Attack-TCP-Flag-ACK-PSH
40,0.0,0.5,0.1103,20,0.0,0.0,0.1103,20,0,0.5,0.0,20.0,62605,0.0,0.0,20.0,18.139452,0.0,0.0,20.0,18.139452,0.0,0.0,0,0.0,0.1103,0.0,0,1,0.11025691,0.0,0,1,0.11025691,0.11025691,0.0,0.0,0.11025691,0.1103,Attack,Attack-TCP-Flag-ACK-PSH
40,0.0,0.5,0.108,20,0.0,0.0,0.108,20,0,0.5,0.0,20.0,62602,0.0,0.0,20.0,18.51851,0.0,0.0,20.0,18.51851,0.0,0.0,0,0.0,0.108,0.0,0,1,0.10800004,0.0,0,1,0.10800004,0.10800004,0.0,0.0,0.10800004,0.108,Attack,Attack-TCP-Flag-ACK-PSH
20,20.0,1.0,1702933100.0,20,20.0,0.0,1702933100.0,20,0,0.0,1702933100.0,20.0,0,0.0,1702933100.0,20.0,0.0,0.0,1702933100.0,20.0,0.0,0.0,1702933100.0,20,0.0,1702933100.0,1702933100.0,20,1,1702933100.0,1702933100.0,20,0,1702933100.0,0.0,20.0,0.0,1702933100.0,0.0,Attack,Attack-TCP-Flag-ACK-PSH
20,20.0,1.0,1702933100.0,20,20.0,0.0,1702933100.0,20,0,0.0,1702933100.0,20.0,0,0.0,1702933100.0,20.0,0.0,0.0,1702933100.0,20.0,0.0,0.0,1702933100.0,20,0.0,1702933100.0,1702933100.0,20,1,1702933100.0,1702933100.0,20,0,1702933100.0,0.0,20.0,0.0,1702933100.0,0.0,Attack,Attack-TCP-Flag-ACK-PSH
24,24.0,0.0,1702933100.0,24,24.0,1.0,1702933100.0,24,65535,0.0,1702933100.0,24.0,0,0.0,1702933100.0,24.0,0.0,1.0,1702933100.0,24.0,0.0,0.0,1702933100.0,24,0.0,1702933100.0,1702933100.0,24,0,1702933100.0,1702933100.0,24,0,1702933100.0,0.0,24.0,1.0,1702933100.0,0.0,Attack,Attack-TCP-Flag-ACK-PSH
40,0.0,0.5,0.106,20,0.0,0.0,0.106,20,0,0.5,0.0,20.0,62588,0.0,0.0,20.0,18.860468,0.0,0.0,20.0,18.860468,0.0,0.0,0,0.0,0.106,0.0,0,1,0.10604191,0.0,0,1,0.10604191,0.10604191,0.0,0.0,0.10604191,0.106,Attack,Attack-TCP-Flag-ACK-PSH
24,24.0,0.0,1702933100.0,24,24.0,1.0,1702933100.0,24,1024,0.0,1702933100.0,24.0,0,0.0,1702933100.0,24.0,0.0,1.0,1702933100.0,24.0,0.0,0.0,1702933100.0,24,0.0,1702933100.0,1702933100.0,24,0,1702933100.0,1702933100.0,24,0,1702933100.0,0.0,24.0,1.0,1702933100.0,0.0,Attack,Attack-TCP-Flag-ACK-PSH
40,0.0,0.5,0.1106,20,0.0,0.0,0.1106,20,0,0.5,0.0,20.0,62592,0.0,0.0,20.0,18.076014,0.0,0.0,20.0,18.076014,0.0,0.0,0,0.0,0.1106,0.0,0,1,0.11064386,0.0,0,1,0.11064386,0.11064386,0.0,0.0,0.11064386,0.1106,Attack,Attack-TCP-Flag-ACK-PSH
20,20.0,1.0,1702933100.0,20,20.0,0.0,1702933100.0,20,0,0.0,1702933100.0,20.0,0,0.0,1702933100.0,20.0,0.0,0.0,1702933100.0,20.0,0.0,0.0,1702933100.0,20,0.0,1702933100.0,1702933100.0,20,1,1702933100.0,1702933100.0,20,0,1702933100.0,0.0,20.0,0.0,1702933100.0,0.0,Attack,Attack-TCP-Flag-ACK-PSH
40,0.0,0.5,0.1061,20,0.0,0.0,0.1061,20,0,0.5,0.0,20.0,62599,0.0,0.0,20.0,18.854067,0.0,0.0,20.0,18.854067,0.0,0.0,0,0.0,0.1061,0.0,0,1,0.10607791,0.0,0,1,0.10607791,0.10607791,0.0,0.0,0.10607791,0.1061,Attack,Attack-TCP-Flag-ACK-PSH
40,0.0,0.5,0.1112,20,0.0,0.0,0.1112,20,0,0.5,0.0,20.0,62592,0.0,0.0,20.0,17.985441,0.0,0.0,20.0,17.985441,0.0,0.0,0,0.0,0.1112,0.0,0,1,0.11120105,0.0,0,1,0.11120105,0.11120105,0.0,0.0,0.11120105,0.1112,Attack,Attack-TCP-Flag-ACK-PSH
40,20.0,0.5,1e-04,20,20.0,0.5,1e-04,20,65535,0.5,1702933100.0,20.0,0,0.0,1702933100.0,20.0,21509.252,1.0,1702933100.0,20.0,10754.626,0.0,1702933100.0,20,10754.626,1e-04,1702933100.0,20,1,9.2983246e-05,1702933100.0,20,1,9.2983246e-05,1702933100.0,20.0,0.5,9.2983246e-05,1702933100.0,Attack,Attack-TCP-Flag-ACK-PSH
40,0.0,0.5,0.1062,20,0.0,0.0,0.1062,20,0,0.5,0.0,20.0,62605,0.0,0.0,20.0,18.83079,0.0,0.0,20.0,18.83079,0.0,0.0,0,0.0,0.1062,0.0,0,1,0.10620904,0.0,0,1,0.10620904,0.10620904,0.0,0.0,0.10620904,0.1062,Attack,Attack-TCP-Flag-ACK-PSH
40,0.0,0.5,0.1108,20,0.0,0.0,0.1108,20,0,0.5,0.0,20.0,62602,0.0,0.0,20.0,18.054966,0.0,0.0,20.0,18.054966,0.0,0.0,0,0.0,0.1108,0.0,0,1,0.11077285,0.0,0,1,0.11077285,0.11077285,0.0,0.0,0.11077285,0.1108,Attack,Attack-TCP-Flag-ACK-PSH
24,24.0,0.0,1702933100.0,24,24.0,1.0,1702933100.0,24,65535,0.0,1702933100.0,24.0,0,0.0,1702933100.0,24.0,0.0,1.0,1702933100.0,24.0,0.0,0.0,1702933100.0,24,0.0,1702933100.0,1702933100.0,24,0,1702933100.0,1702933100.0,24,0,1702933100.0,0.0,24.0,1.0,1702933100.0,0.0,Attack,Attack-TCP-Flag-ACK-PSH
20,20.0,1.0,1702933100.0,20,20.0,0.0,1702933100.0,20,0,0.0,1702933100.0,20.0,0,0.0,1702933100.0,20.0,0.0,0.0,1702933100.0,20.0,0.0,0.0,1702933100.0,20,0.0,1702933100.0,1702933100.0,20,1,1702933100.0,1702933100.0,20,0,1702933100.0,0.0,20.0,0.0,1702933100.0,0.0,Attack,Attack-TCP-Flag-ACK-PSH
20,20.0,1.0,1702933100.0,20,20.0,0.0,1702933100.0,20,0,0.0,1702933100.0,20.0,0,0.0,1702933100.0,20.0,0.0,0.0,1702933100.0,20.0,0.0,0.0,1702933100.0,20,0.0,1702933100.0,1702933100.0,20,1,1702933100.0,1702933100.0,20,0,1702933100.0,0.0,20.0,0.0,1702933100.0,0.0,Attack,Attack-TCP-Flag-ACK-PSH
20,20.0,1.0,1702933100.0,20,20.0,0.0,1702933100.0,20,0,0.0,1702933100.0,20.0,0,0.0,1702933100.0,20.0,0.0,0.0,1702933100.0,20.0,0.0,0.0,1702933100.0,20,0.0,1702933100.0,1702933100.0,20,1,1702933100.0,1702933100.0,20,0,1702933100.0,0.0,20.0,0.0,1702933100.0,0.0,Attack,Attack-TCP-Flag-ACK-PSH
40,0.0,0.5,0.1072,20,0.0,0.0,0.1072,20,0,0.5,0.0,20.0,62605,0.0,0.0,20.0,18.661755,0.0,0.0,20.0,18.661755,0.0,0.0,0,0.0,0.1072,0.0,0,1,0.10717106,0.0,0,1,0.10717106,0.10717106,0.0,0.0,0.10717106,0.1072,Attack,Attack-TCP-Flag-ACK-PSH
40,0.0,0.5,0.1081,20,0.0,0.0,0.1081,20,0,0.5,0.0,20.0,62605,0.0,0.0,20.0,18.50205,0.0,0.0,20.0,18.50205,0.0,0.0,0,0.0,0.1081,0.0,0,1,0.10809612,0.0,0,1,0.10809612,0.10809612,0.0,0.0,0.10809612,0.1081,Attack,Attack-TCP-Flag-ACK-PSH
40,0.0,0.5,0.1111,20,0.0,0.0,0.1111,20,0,0.5,0.0,20.0,62590,0.0,0.0,20.0,18.00602,0.0,0.0,20.0,18.00602,0.0,0.0,0,0.0,0.1111,0.0,0,1,0.11107397,0.0,0,1,0.11107397,0.11107397,0.0,0.0,0.11107397,0.1111,Attack,Attack-TCP-Flag-ACK-PSH
40,0.0,0.5,0.106,20,0.0,0.0,0.106,20,0,0.5,0.0,20.0,62590,0.0,0.0,20.0,18.86314,0.0,0.0,20.0,18.86314,0.0,0.0,0,0.0,0.106,0.0,0,1,0.10602689,0.0,0,1,0.10602689,0.10602689,0.0,0.0,0.10602689,0.106,Attack,Attack-TCP-Flag-ACK-PSH
40,0.0,0.5,0.111,20,0.0,0.0,0.111,20,0,0.5,0.0,20.0,62594,0.0,0.0,20.0,18.022732,0.0,0.0,20.0,18.022732,0.0,0.0,0,0.0,0.111,0.0,0,1,0.110970974,0.0,0,1,0.110970974,0.110970974,0.0,0.0,0.110970974,0.111,Attack,Attack-TCP-Flag-ACK-PSH
20,20.0,0.0,1702933100.0,20,20.0,1.0,1702933100.0,20,1024,0.0,1702933100.0,20.0,0,0.0,1702933100.0,20.0,0.0,1.0,1702933100.0,20.0,0.0,0.0,1702933100.0,20,0.0,1702933100.0,1702933100.0,20,0,1702933100.0,1702933100.0,20,0,1702933100.0,0.0,20.0,1.0,1702933100.0,0.0,Attack,Attack-TCP-Flag-ACK-PSH
40,0.0,0.5,0.1099,20,0.0,0.0,0.1099,20,0,0.5,0.0,20.0,62590,0.0,0.0,20.0,18.198994,0.0,0.0,20.0,18.198994,0.0,0.0,0,0.0,0.1099,0.0,0,1,0.10989618,0.0,0,1,0.10989618,0.10989618,0.0,0.0,0.10989618,0.1099,Attack,Attack-TCP-Flag-ACK-PSH
40,0.0,0.5,0.1101,20,0.0,0.0,0.1101,20,0,0.5,0.0,20.0,62594,0.0,0.0,20.0,18.173052,0.0,0.0,20.0,18.173052,0.0,0.0,0,0.0,0.1101,0.0,0,1,0.11005306,0.0,0,1,0.11005306,0.11005306,0.0,0.0,0.11005306,0.1101,Attack,Attack-TCP-Flag-ACK-PSH
40,0.0,0.5,0.1077,20,0.0,0.0,0.1077,20,0,0.5,0.0,20.0,62594,0.0,0.0,20.0,18.569262,0.0,0.0,20.0,18.569262,0.0,0.0,0,0.0,0.1077,0.0,0,1,0.10770488,0.0,0,1,0.10770488,0.10770488,0.0,0.0,0.10770488,0.1077,Attack,Attack-TCP-Flag-ACK-PSH
40,0.0,0.5,0.111,20,0.0,0.0,0.111,20,0,0.5,0.0,20.0,62608,0.0,0.0,20.0,18.023699,0.0,0.0,20.0,18.023699,0.0,0.0,0,0.0,0.111,0.0,0,1,0.11096501,0.0,0,1,0.11096501,0.11096501,0.0,0.0,0.11096501,0.111,Attack,Attack-TCP-Flag-ACK-PSH
20,20.0,1.0,1702933100.0,20,20.0,0.0,1702933100.0,20,0,0.0,1702933100.0,20.0,0,0.0,1702933100.0,20.0,0.0,0.0,1702933100.0,20.0,0.0,0.0,1702933100.0,20,0.0,1702933100.0,1702933100.0,20,1,1702933100.0,1702933100.0,20,0,1702933100.0,0.0,20.0,0.0,1702933100.0,0.0,Attack,Attack-TCP-Flag-ACK-PSH
40,0.0,0.5,0.1108,20,0.0,0.0,0.1108,20,0,0.5,0.0,20.0,62602,0.0,0.0,20.0,18.04712,0.0,0.0,20.0,18.04712,0.0,0.0,0,0.0,0.1108,0.0,0,1,0.11082101,0.0,0,1,0.11082101,0.11082101,0.0,0.0,0.11082101,0.1108,Attack,Attack-TCP-Flag-ACK-PSH
40,0.0,0.5,0.1111,20,0.0,0.0,0.1111,20,0,0.5,0.0,20.0,62602,0.0,0.0,20.0,18.00343,0.0,0.0,20.0,18.00343,0.0,0.0,0,0.0,0.1111,0.0,0,1,0.111089945,0.0,0,1,0.111089945,0.111089945,0.0,0.0,0.111089945,0.1111,Attack,Attack-TCP-Flag-ACK-PSH
40,0.0,0.5,0.1112,20,0.0,0.0,0.1112,20,0,0.5,0.0,20.0,62602,0.0,0.0,20.0,17.983862,0.0,0.0,20.0,17.983862,0.0,0.0,0,0.0,0.1112,0.0,0,1,0.11121082,0.0,0,1,0.11121082,0.11121082,0.0,0.0,0.11121082,0.1112,Attack,Attack-TCP-Flag-ACK-PSH
40,0.0,0.5,0.1109,20,0.0,0.0,0.1109,20,0,0.5,0.0,20.0,62605,0.0,0.0,20.0,18.027107,0.0,0.0,20.0,18.027107,0.0,0.0,0,0.0,0.1109,0.0,0,1,0.11094403,0.0,0,1,0.11094403,0.11094403,0.0,0.0,0.11094403,0.1109,Attack,Attack-TCP-Flag-ACK-PSH
24,24.0,0.0,1702933100.0,24,24.0,1.0,1702933100.0,24,1025,0.0,1702933100.0,24.0,0,0.0,1702933100.0,24.0,0.0,1.0,1702933100.0,24.0,0.0,0.0,1702933100.0,24,0.0,1702933100.0,1702933100.0,24,0,1702933100.0,1702933100.0,24,0,1702933100.0,0.0,24.0,1.0,1702933100.0,0.0,Attack,Attack-TCP-Flag-ACK-PSH
40,0.0,0.5,0.108,20,0.0,0.0,0.108,20,0,0.5,0.0,20.0,62602,0.0,0.0,20.0,18.522274,0.0,0.0,20.0,18.522274,0.0,0.0,0,0.0,0.108,0.0,0,1,0.107978106,0.0,0,1,0.107978106,0.107978106,0.0,0.0,0.107978106,0.108,Attack,Attack-TCP-Flag-ACK-PSH
40,0.0,0.5,0.11,20,0.0,0.0,0.11,20,0,0.5,0.0,20.0,62594,0.0,0.0,20.0,18.185106,0.0,0.0,20.0,18.185106,0.0,0.0,0,0.0,0.11,0.0,0,1,0.10998011,0.0,0,1,0.10998011,0.10998011,0.0,0.0,0.10998011,0.11,Attack,Attack-TCP-Flag-ACK-PSH
40,0.0,0.5,0.1109,20,0.0,0.0,0.1109,20,0,0.5,0.0,20.0,62594,0.0,0.0,20.0,18.029394,0.0,0.0,20.0,18.029394,0.0,0.0,0,0.0,0.1109,0.0,0,1,0.110929966,0.0,0,1,0.110929966,0.110929966,0.0,0.0,0.110929966,0.1109,Attack,Attack-TCP-Flag-ACK-PSH
20,20.0,1.0,1702933100.0,20,20.0,0.0,1702933100.0,20,0,0.0,1702933100.0,20.0,0,0.0,1702933100.0,20.0,0.0,0.0,1702933100.0,20.0,0.0,0.0,1702933100.0,20,0.0,1702933100.0,1702933100.0,20,1,1702933100.0,1702933100.0,20,0,1702933100.0,0.0,20.0,0.0,1702933100.0,0.0,Attack,Attack-TCP-Flag-ACK-PSH
40,0.0,0.5,0.111,20,0.0,0.0,0.111,20,0,0.5,0.0,20.0,62602,0.0,0.0,20.0,18.021067,0.0,0.0,20.0,18.021067,0.0,0.0,0,0.0,0.111,0.0,0,1,0.110981226,0.0,0,1,0.110981226,0.110981226,0.0,0.0,0.110981226,0.111,Attack,Attack-TCP-Flag-ACK-PSH
44,24.0,0.5,1e-04,24,24.0,0.5,1e-04,20,1024,0.5,1702933100.0,22.0,0,0.0,1702933100.0,22.0,23237.14,1.0,1702933100.0,20.0,11618.57,0.0,1702933100.0,24,11618.57,1e-04,1702933100.0,24,1,8.606911e-05,1702933100.0,24,1,8.606911e-05,1702933100.0,24.0,0.5,8.606911e-05,1702933100.0,Attack,Attack-TCP-Flag-ACK-PSH
20,20.0,1.0,1702933100.0,20,20.0,0.0,1702933100.0,20,1200,0.0,1702933100.0,20.0,0,0.0,1702933100.0,20.0,0.0,0.0,1702933100.0,20.0,0.0,0.0,1702933100.0,20,0.0,1702933100.0,1702933100.0,20,1,1702933100.0,1702933100.0,20,0,1702933100.0,0.0,20.0,0.0,1702933100.0,0.0,Attack,Attack-TCP-Flag-ACK-PSH
40,0.0,0.5,0.1112,20,0.0,0.0,0.1112,20,0,0.5,0.0,20.0,62611,0.0,0.0,20.0,17.984787,0.0,0.0,20.0,17.984787,0.0,0.0,0,0.0,0.1112,0.0,0,1,0.1112051,0.0,0,1,0.1112051,0.1112051,0.0,0.0,0.1112051,0.1112,Attack,Attack-TCP-Flag-ACK-PSH
40,0.0,0.5,0.108,20,0.0,0.0,0.108,20,0,0.5,0.0,20.0,62608,0.0,0.0,20.0,18.514383,0.0,0.0,20.0,18.514383,0.0,0.0,0,0.0,0.108,0.0,0,1,0.10802412,0.0,0,1,0.10802412,0.10802412,0.0,0.0,0.10802412,0.108,Attack,Attack-TCP-Flag-ACK-PSH
20,20.0,1.0,1702933100.0,20,20.0,0.0,1702933100.0,20,0,0.0,1702933100.0,20.0,0,0.0,1702933100.0,20.0,0.0,0.0,1702933100.0,20.0,0.0,0.0,1702933100.0,20,0.0,1702933100.0,1702933100.0,20,1,1702933100.0,1702933100.0,20,0,1702933100.0,0.0,20.0,0.0,1702933100.0,0.0,Attack,Attack-TCP-Flag-ACK-PSH
40,0.0,0.5,0.1078,20,0.0,0.0,0.1078,20,0,0.5,0.0,20.0,62602,0.0,0.0,20.0,18.553204,0.0,0.0,20.0,18.553204,0.0,0.0,0,0.0,0.1078,0.0,0,1,0.1077981,0.0,0,1,0.1077981,0.1077981,0.0,0.0,0.1077981,0.1078,Attack,Attack-TCP-Flag-ACK-PSH
40,0.0,0.5,0.1113,20,0.0,0.0,0.1113,20,0,0.5,0.0,20.0,62611,0.0,0.0,20.0,17.96722,0.0,0.0,20.0,17.96722,0.0,0.0,0,0.0,0.1113,0.0,0,1,0.11131382,0.0,0,1,0.11131382,0.11131382,0.0,0.0,0.11131382,0.1113,Attack,Attack-TCP-Flag-ACK-PSH
20,20.0,1.0,1702933100.0,20,20.0,0.0,1702933100.0,20,0,0.0,1702933100.0,20.0,0,0.0,1702933100.0,20.0,0.0,0.0,1702933100.0,20.0,0.0,0.0,1702933100.0,20,0.0,1702933100.0,1702933100.0,20,1,1702933100.0,1702933100.0,20,0,1702933100.0,0.0,20.0,0.0,1702933100.0,0.0,Attack,Attack-TCP-Flag-ACK-PSH
32,32.0,0.0,1702933100.0,32,32.0,1.0,1702933100.0,32,64240,0.0,1702933100.0,32.0,0,0.0,1702933100.0,32.0,0.0,1.0,1702933100.0,32.0,0.0,0.0,1702933100.0,32,0.0,1702933100.0,1702933100.0,32,0,1702933100.0,1702933100.0,32,0,1702933100.0,0.0,32.0,1.0,1702933100.0,0.0,Attack,Attack-TCP-Flag-ACK-PSH
20,20.0,0.0,1702933100.0,20,20.0,1.0,1702933100.0,20,65535,0.0,1702933100.0,20.0,0,0.0,1702933100.0,20.0,0.0,1.0,1702933100.0,20.0,0.0,0.0,1702933100.0,20,0.0,1702933100.0,1702933100.0,20,0,1702933100.0,1702933100.0,20,0,1702933100.0,0.0,20.0,1.0,1702933100.0,0.0,Attack,Attack-TCP-Flag-ACK-PSH
40,0.0,0.5,0.111,20,0.0,0.0,0.111,20,0,0.5,0.0,20.0,62611,0.0,0.0,20.0,18.015764,0.0,0.0,20.0,18.015764,0.0,0.0,0,0.0,0.111,0.0,0,1,0.11101389,0.0,0,1,0.11101389,0.11101389,0.0,0.0,0.11101389,0.111,Attack,Attack-TCP-Flag-ACK-PSH
40,0.0,0.5,0.1079,20,0.0,0.0,0.1079,20,0,0.5,0.0,20.0,62599,0.0,0.0,20.0,18.538073,0.0,0.0,20.0,18.538073,0.0,0.0,0,0.0,0.1079,0.0,0,1,0.107886076,0.0,0,1,0.107886076,0.107886076,0.0,0.0,0.107886076,0.1079,Attack,Attack-TCP-Flag-ACK-PSH
40,20.0,0.5,1e-04,20,20.0,0.5,1e-04,20,1024,0.5,1702933100.0,20.0,0,0.0,1702933100.0,20.0,22250.95,1.0,1702933100.0,20.0,11125.475,0.0,1702933100.0,20,11125.475,1e-04,1702933100.0,20,1,8.9883804e-05,1702933100.0,20,1,8.9883804e-05,1702933100.0,20.0,0.5,8.9883804e-05,1702933100.0,Attack,Attack-TCP-Flag-ACK-PSH
20,20.0,1.0,1702933100.0,20,20.0,0.0,1702933100.0,20,0,0.0,1702933100.0,20.0,0,0.0,1702933100.0,20.0,0.0,0.0,1702933100.0,20.0,0.0,0.0,1702933100.0,20,0.0,1702933100.0,1702933100.0,20,1,1702933100.0,1702933100.0,20,0,1702933100.0,0.0,20.0,0.0,1702933100.0,0.0,Attack,Attack-TCP-Flag-ACK-PSH
40,0.0,0.5,0.11,20,0.0,0.0,0.11,20,0,0.5,0.0,20.0,62602,0.0,0.0,20.0,18.189247,0.0,0.0,20.0,18.189247,0.0,0.0,0,0.0,0.11,0.0,0,1,0.10995507,0.0,0,1,0.10995507,0.10995507,0.0,0.0,0.10995507,0.11,Attack,Attack-TCP-Flag-ACK-PSH
20,20.0,0.0,1702933100.0,20,20.0,1.0,1702933100.0,20,1024,0.0,1702933100.0,20.0,0,0.0,1702933100.0,20.0,0.0,1.0,1702933100.0,20.0,0.0,0.0,1702933100.0,20,0.0,1702933100.0,1702933100.0,20,0,1702933100.0,1702933100.0,20,0,1702933100.0,0.0,20.0,1.0,1702933100.0,0.0,Attack,Attack-TCP-Flag-ACK-PSH
40,0.0,0.5,0.111,20,0.0,0.0,0.111,20,0,0.5,0.0,20.0,62594,0.0,0.0,20.0,18.019285,0.0,0.0,20.0,18.019285,0.0,0.0,0,0.0,0.111,0.0,0,1,0.11099219,0.0,0,1,0.11099219,0.11099219,0.0,0.0,0.11099219,0.111,Attack,Attack-TCP-Flag-ACK-PSH
40,0.0,0.5,0.1068,20,0.0,0.0,0.1068,20,0,0.5,0.0,20.0,62596,0.0,0.0,20.0,18.728542,0.0,0.0,20.0,18.728542,0.0,0.0,0,0.0,0.1068,0.0,0,1,0.10678887,0.0,0,1,0.10678887,0.10678887,0.0,0.0,0.10678887,0.1068,Attack,Attack-TCP-Flag-ACK-PSH
40,0.0,0.5,0.1081,20,0.0,0.0,0.1081,20,0,0.5,0.0,20.0,62599,0.0,0.0,20.0,18.493853,0.0,0.0,20.0,18.493853,0.0,0.0,0,0.0,0.1081,0.0,0,1,0.108144045,0.0,0,1,0.108144045,0.108144045,0.0,0.0,0.108144045,0.1081,Attack,Attack-TCP-Flag-ACK-PSH
40,0.0,0.5,0.108,20,0.0,0.0,0.108,20,0,0.5,0.0,20.0,62594,0.0,0.0,20.0,18.525751,0.0,0.0,20.0,18.525751,0.0,0.0,0,0.0,0.108,0.0,0,1,0.10795784,0.0,0,1,0.10795784,0.10795784,0.0,0.0,0.10795784,0.108,Attack,Attack-TCP-Flag-ACK-PSH
40,0.0,0.5,0.108,20,0.0,0.0,0.108,20,0,0.5,0.0,20.0,62599,0.0,0.0,20.0,18.515282,0.0,0.0,20.0,18.515282,0.0,0.0,0,0.0,0.108,0.0,0,1,0.108018875,0.0,0,1,0.108018875,0.108018875,0.0,0.0,0.108018875,0.108,Attack,Attack-TCP-Flag-ACK-PSH
40,0.0,0.5,0.1108,20,0.0,0.0,0.1108,20,0,0.5,0.0,20.0,62599,0.0,0.0,20.0,18.050537,0.0,0.0,20.0,18.050537,0.0,0.0,0,0.0,0.1108,0.0,0,1,0.11080003,0.0,0,1,0.11080003,0.11080003,0.0,0.0,0.11080003,0.1108,Attack,Attack-TCP-Flag-ACK-PSH
44,24.0,0.5,1e-04,24,24.0,0.5,1e-04,20,14600,0.5,1702933100.0,22.0,0,0.0,1702933100.0,22.0,18724.572,1.0,1702933100.0,20.0,9362.286,0.0,1702933100.0,24,9362.286,1e-04,1702933100.0,24,1,0.00010681152,1702933100.0,24,1,0.00010681152,1702933100.0,24.0,0.5,0.00010681152,1702933100.0,Attack,Attack-TCP-Flag-ACK-PSH
40,0.0,0.5,0.1109,20,0.0,0.0,0.1109,20,0,0.5,0.0,20.0,62596,0.0,0.0,20.0,18.042074,0.0,0.0,20.0,18.042074,0.0,0.0,0,0.0,0.1109,0.0,0,1,0.110852,0.0,0,1,0.110852,0.110852,0.0,0.0,0.110852,0.1109,Attack,Attack-TCP-Flag-ACK-PSH
40,0.0,0.5,0.1099,20,0.0,0.0,0.1099,20,0,0.5,0.0,20.0,62592,0.0,0.0,20.0,18.194218,0.0,0.0,20.0,18.194218,0.0,0.0,0,0.0,0.1099,0.0,0,1,0.10992503,0.0,0,1,0.10992503,0.10992503,0.0,0.0,0.10992503,0.1099,Attack,Attack-TCP-Flag-ACK-PSH
40,0.0,0.5,0.111,20,0.0,0.0,0.111,20,0,0.5,0.0,20.0,62594,0.0,0.0,20.0,18.011238,0.0,0.0,20.0,18.011238,0.0,0.0,0,0.0,0.111,0.0,0,1,0.111041784,0.0,0,1,0.111041784,0.111041784,0.0,0.0,0.111041784,0.111,Attack,Attack-TCP-Flag-ACK-PSH
40,0.0,0.5,0.1078,20,0.0,0.0,0.1078,20,0,0.5,0.0,20.0,62599,0.0,0.0,20.0,18.55029,0.0,0.0,20.0,18.55029,0.0,0.0,0,0.0,0.1078,0.0,0,1,0.10781503,0.0,0,1,0.10781503,0.10781503,0.0,0.0,0.10781503,0.1078,Attack,Attack-TCP-Flag-ACK-PSH
20,20.0,1.0,1702933100.0,20,20.0,0.0,1702933100.0,20,0,0.0,1702933100.0,20.0,0,0.0,1702933100.0,20.0,0.0,0.0,1702933100.0,20.0,0.0,0.0,1702933100.0,20,0.0,1702933100.0,1702933100.0,20,1,1702933100.0,1702933100.0,20,0,1702933100.0,0.0,20.0,0.0,1702933100.0,0.0,Attack,Attack-TCP-Flag-ACK-PSH
20,20.0,1.0,1702933100.0,20,20.0,0.0,1702933100.0,20,0,0.0,1702933100.0,20.0,0,0.0,1702933100.0,20.0,0.0,0.0,1702933100.0,20.0,0.0,0.0,1702933100.0,20,0.0,1702933100.0,1702933100.0,20,1,1702933100.0,1702933100.0,20,0,1702933100.0,0.0,20.0,0.0,1702933100.0,0.0,Attack,Attack-TCP-Flag-ACK-PSH
20,20.0,1.0,1702933100.0,20,20.0,0.0,1702933100.0,20,0,0.0,1702933100.0,20.0,0,0.0,1702933100.0,20.0,0.0,0.0,1702933100.0,20.0,0.0,0.0,1702933100.0,20,0.0,1702933100.0,1702933100.0,20,1,1702933100.0,1702933100.0,20,0,1702933100.0,0.0,20.0,0.0,1702933100.0,0.0,Attack,Attack-TCP-Flag-ACK-PSH
40,0.0,0.5,0.108,20,0.0,0.0,0.108,20,0,0.5,0.0,20.0,62588,0.0,0.0,20.0,18.512014,0.0,0.0,20.0,18.512014,0.0,0.0,0,0.0,0.108,0.0,0,1,0.10803795,0.0,0,1,0.10803795,0.10803795,0.0,0.0,0.10803795,0.108,Attack,Attack-TCP-Flag-ACK-PSH
40,0.0,0.5,0.1111,20,0.0,0.0,0.1111,20,0,0.5,0.0,20.0,62588,0.0,0.0,20.0,17.995165,0.0,0.0,20.0,17.995165,0.0,0.0,0,0.0,0.1111,0.0,0,1,0.11114097,0.0,0,1,0.11114097,0.11114097,0.0,0.0,0.11114097,0.1111,Attack,Attack-TCP-Flag-ACK-PSH
40,0.0,0.5,0.1108,20,0.0,0.0,0.1108,20,0,0.5,0.0,20.0,62586,0.0,0.0,20.0,18.042734,0.0,0.0,20.0,18.042734,0.0,0.0,0,0.0,0.1108,0.0,0,1,0.11084795,0.0,0,1,0.11084795,0.11084795,0.0,0.0,0.11084795,0.1108,Attack,Attack-TCP-Flag-ACK-PSH
40,0.0,0.5,0.111,20,0.0,0.0,0.111,20,0,0.5,0.0,20.0,62605,0.0,0.0,20.0,18.02126,0.0,0.0,20.0,18.02126,0.0,0.0,0,0.0,0.111,0.0,0,1,0.110980034,0.0,0,1,0.110980034,0.110980034,0.0,0.0,0.110980034,0.111,Attack,Attack-TCP-Flag-ACK-PSH
40,0.0,0.5,0.1097,20,0.0,0.0,0.1097,20,0,0.5,0.0,20.0,62594,0.0,0.0,20.0,18.2302,0.0,0.0,20.0,18.2302,0.0,0.0,0,0.0,0.1097,0.0,0,1,0.10970807,0.0,0,1,0.10970807,0.10970807,0.0,0.0,0.10970807,0.1097,Attack,Attack-TCP-Flag-ACK-PSH
40,0.0,0.5,0.1078,20,0.0,0.0,0.1078,20,0,0.5,0.0,20.0,62588,0.0,0.0,20.0,18.548403,0.0,0.0,20.0,18.548403,0.0,0.0,0,0.0,0.1078,0.0,0,1,0.107825994,0.0,0,1,0.107825994,0.107825994,0.0,0.0,0.107825994,0.1078,Attack,Attack-TCP-Flag-ACK-PSH
24,24.0,0.0,1702933100.0,24,24.0,1.0,1702933100.0,24,65535,0.0,1702933100.0,24.0,0,0.0,1702933100.0,24.0,0.0,1.0,1702933100.0,24.0,0.0,0.0,1702933100.0,24,0.0,1702933100.0,1702933100.0,24,0,1702933100.0,1702933100.0,24,0,1702933100.0,0.0,24.0,1.0,1702933100.0,0.0,Attack,Attack-TCP-Flag-ACK-PSH
20,20.0,1.0,1702933100.0,20,20.0,0.0,1702933100.0,20,0,0.0,1702933100.0,20.0,0,0.0,1702933100.0,20.0,0.0,0.0,1702933100.0,20.0,0.0,0.0,1702933100.0,20,0.0,1702933100.0,1702933100.0,20,1,1702933100.0,1702933100.0,20,0,1702933100.0,0.0,20.0,0.0,1702933100.0,0.0,Attack,Attack-TCP-Flag-ACK-PSH
20,20.0,0.0,1702933100.0,20,20.0,1.0,1702933100.0,20,1024,0.0,1702933100.0,20.0,0,0.0,1702933100.0,20.0,0.0,1.0,1702933100.0,20.0,0.0,0.0,1702933100.0,20,0.0,1702933100.0,1702933100.0,20,0,1702933100.0,1702933100.0,20,0,1702933100.0,0.0,20.0,1.0,1702933100.0,0.0,Attack,Attack-TCP-Flag-ACK-PSH
40,0.0,0.5,0.1108,20,0.0,0.0,0.1108,20,0,0.5,0.0,20.0,62602,0.0,0.0,20.0,18.050886,0.0,0.0,20.0,18.050886,0.0,0.0,0,0.0,0.1108,0.0,0,1,0.11079788,0.0,0,1,0.11079788,0.11079788,0.0,0.0,0.11079788,0.1108,Attack,Attack-TCP-Flag-ACK-PSH
40,0.0,0.5,0.1099,20,0.0,0.0,0.1099,20,0,0.5,0.0,20.0,62602,0.0,0.0,20.0,18.196547,0.0,0.0,20.0,18.196547,0.0,0.0,0,0.0,0.1099,0.0,0,1,0.109910965,0.0,0,1,0.109910965,0.109910965,0.0,0.0,0.109910965,0.1099,Attack,Attack-TCP-Flag-ACK-PSH
40,20.0,0.5,1e-04,20,20.0,0.5,1e-04,20,1024,0.5,1702933100.0,20.0,0,0.0,1702933100.0,20.0,13797.053,1.0,1702933100.0,20.0,6898.5264,0.0,1702933100.0,20,6898.5264,1e-04,1702933100.0,20,1,0.0001449585,1702933100.0,20,1,0.0001449585,1702933100.0,20.0,0.5,0.0001449585,1702933100.0,Attack,Attack-TCP-Flag-ACK-PSH
40,20.0,0.5,1e-04,20,20.0,0.5,1e-04,20,1024,0.5,1702933100.0,20.0,0,0.0,1702933100.0,20.0,21290.883,1.0,1702933100.0,20.0,10645.441,0.0,1702933100.0,20,10645.441,1e-04,1702933100.0,20,1,9.393692e-05,1702933100.0,20,1,9.393692e-05,1702933100.0,20.0,0.5,9.393692e-05,1702933100.0,Attack,Attack-TCP-Flag-ACK-PSH
40,0.0,0.5,0.1067,20,0.0,0.0,0.1067,20,0,0.5,0.0,20.0,62596,0.0,0.0,20.0,18.751862,0.0,0.0,20.0,18.751862,0.0,0.0,0,0.0,0.1067,0.0,0,1,0.106656075,0.0,0,1,0.106656075,0.106656075,0.0,0.0,0.106656075,0.1067,Attack,Attack-TCP-Flag-ACK-PSH
20,20.0,0.0,1702933100.0,20,20.0,1.0,1702933100.0,20,1024,0.0,1702933100.0,20.0,0,0.0,1702933100.0,20.0,0.0,1.0,1702933100.0,20.0,0.0,0.0,1702933100.0,20,0.0,1702933100.0,1702933100.0,20,0,1702933100.0,1702933100.0,20,0,1702933100.0,0.0,20.0,1.0,1702933100.0,0.0,Attack,Attack-TCP-Flag-ACK-PSH
40,0.0,0.5,0.1079,20,0.0,0.0,0.1079,20,0,0.5,0.0,20.0,62596,0.0,0.0,20.0,18.53361,0.0,0.0,20.0,18.53361,0.0,0.0,0,0.0,0.1079,0.0,0,1,0.10791206,0.0,0,1,0.10791206,0.10791206,0.0,0.0,0.10791206,0.1079,Attack,Attack-TCP-Flag-ACK-PSH
20,20.0,1.0,1702933100.0,20,20.0,0.0,1702933100.0,20,0,0.0,1702933100.0,20.0,0,0.0,1702933100.0,20.0,0.0,0.0,1702933100.0,20.0,0.0,0.0,1702933100.0,20,0.0,1702933100.0,1702933100.0,20,1,1702933100.0,1702933100.0,20,0,1702933100.0,0.0,20.0,0.0,1702933100.0,0.0,Attack,Attack-TCP-Flag-ACK-PSH
40,0.0,0.5,0.1094,20,0.0,0.0,0.1094,20,0,0.5,0.0,20.0,62608,0.0,0.0,20.0,18.280375,0.0,0.0,20.0,18.280375,0.0,0.0,0,0.0,0.1094,0.0,0,1,0.10940695,0.0,0,1,0.10940695,0.10940695,0.0,0.0,0.10940695,0.1094,Attack,Attack-TCP-Flag-ACK-PSH
20,20.0,1.0,1702933100.0,20,20.0,0.0,1702933100.0,20,0,0.0,1702933100.0,20.0,0,0.0,1702933100.0,20.0,0.0,0.0,1702933100.0,20.0,0.0,0.0,1702933100.0,20,0.0,1702933100.0,1702933100.0,20,1,1702933100.0,1702933100.0,20,0,1702933100.0,0.0,20.0,0.0,1702933100.0,0.0,Attack,Attack-TCP-Flag-ACK-PSH
40,0.0,0.5,0.1091,20,0.0,0.0,0.1091,20,0,0.5,0.0,20.0,62590,0.0,0.0,20.0,18.337559,0.0,0.0,20.0,18.337559,0.0,0.0,0,0.0,0.1091,0.0,0,1,0.10906577,0.0,0,1,0.10906577,0.10906577,0.0,0.0,0.10906577,0.1091,Attack,Attack-TCP-Flag-ACK-PSH
20,20.0,1.0,1702933100.0,20,20.0,0.0,1702933100.0,20,0,0.0,1702933100.0,20.0,0,0.0,1702933100.0,20.0,0.0,0.0,1702933100.0,20.0,0.0,0.0,1702933100.0,20,0.0,1702933100.0,1702933100.0,20,1,1702933100.0,1702933100.0,20,0,1702933100.0,0.0,20.0,0.0,1702933100.0,0.0,Attack,Attack-TCP-Flag-ACK-PSH
40,0.0,0.5,0.1101,20,0.0,0.0,0.1101,20,0,0.5,0.0,20.0,62596,0.0,0.0,20.0,18.171871,0.0,0.0,20.0,18.171871,0.0,0.0,0,0.0,0.1101,0.0,0,1,0.110060215,0.0,0,1,0.110060215,0.110060215,0.0,0.0,0.110060215,0.1101,Attack,Attack-TCP-Flag-ACK-PSH
40,0.0,0.5,0.1101,20,0.0,0.0,0.1101,20,0,0.5,0.0,20.0,62611,0.0,0.0,20.0,18.172226,0.0,0.0,20.0,18.172226,0.0,0.0,0,0.0,0.1101,0.0,0,1,0.11005807,0.0,0,1,0.11005807,0.11005807,0.0,0.0,0.11005807,0.1101,Attack,Attack-TCP-Flag-ACK-PSH
40,0.0,0.5,0.1092,20,0.0,0.0,0.1092,20,0,0.5,0.0,20.0,62602,0.0,0.0,20.0,18.31182,0.0,0.0,20.0,18.31182,0.0,0.0,0,0.0,0.1092,0.0,0,1,0.109219074,0.0,0,1,0.109219074,0.109219074,0.0,0.0,0.109219074,0.1092,Attack,Attack-TCP-Flag-ACK-PSH
24,24.0,0.0,1702933100.0,24,24.0,1.0,1702933100.0,24,65535,0.0,1702933100.0,24.0,0,0.0,1702933100.0,24.0,0.0,1.0,1702933100.0,24.0,0.0,0.0,1702933100.0,24,0.0,1702933100.0,1702933100.0,24,0,1702933100.0,1702933100.0,24,0,1702933100.0,0.0,24.0,1.0,1702933100.0,0.0,Attack,Attack-TCP-Flag-ACK-PSH
40,0.0,0.5,0.1071,20,0.0,0.0,0.1071,20,0,0.5,0.0,20.0,62605,0.0,0.0,20.0,18.667194,0.0,0.0,20.0,18.667194,0.0,0.0,0,0.0,0.1071,0.0,0,1,0.107139826,0.0,0,1,0.107139826,0.107139826,0.0,0.0,0.107139826,0.1071,Attack,Attack-TCP-Flag-ACK-PSH
20,20.0,1.0,1702933100.0,20,20.0,0.0,1702933100.0,20,0,0.0,1702933100.0,20.0,0,0.0,1702933100.0,20.0,0.0,0.0,1702933100.0,20.0,0.0,0.0,1702933100.0,20,0.0,1702933100.0,1702933100.0,20,1,1702933100.0,1702933100.0,20,0,1702933100.0,0.0,20.0,0.0,1702933100.0,0.0,Attack,Attack-TCP-Flag-ACK-PSH
40,0.0,0.5,0.1076,20,0.0,0.0,0.1076,20,0,0.5,0.0,20.0,62596,0.0,0.0,20.0,18.583906,0.0,0.0,20.0,18.583906,0.0,0.0,0,0.0,0.1076,0.0,0,1,0.10762,0.0,0,1,0.10762,0.10762,0.0,0.0,0.10762,0.1076,Attack,Attack-TCP-Flag-ACK-PSH
20,20.0,1.0,1702933100.0,20,20.0,0.0,1702933100.0,20,0,0.0,1702933100.0,20.0,0,0.0,1702933100.0,20.0,0.0,0.0,1702933100.0,20.0,0.0,0.0,1702933100.0,20,0.0,1702933100.0,1702933100.0,20,1,1702933100.0,1702933100.0,20,0,1702933100.0,0.0,20.0,0.0,1702933100.0,0.0,Attack,Attack-TCP-Flag-ACK-PSH
20,20.0,1.0,1702933100.0,20,20.0,0.0,1702933100.0,20,1200,0.0,1702933100.0,20.0,0,0.0,1702933100.0,20.0,0.0,0.0,1702933100.0,20.0,0.0,0.0,1702933100.0,20,0.0,1702933100.0,1702933100.0,20,1,1702933100.0,1702933100.0,20,0,1702933100.0,0.0,20.0,0.0,1702933100.0,0.0,Attack,Attack-TCP-Flag-ACK-PSH
60,20.0,0.0,0.1159,20,20.0,0.0,0.0002,20,276,0.0,1702933100.0,20.0,276,0.0,1702933100.0,20.0,12.943918,0.0,1702933100.0,20.0,8.629278,0.0,1702933100.0,20,4.314639,0.1159,1702933100.0,20,0,0.23154998,1702933100.0,20,0,0.00021910667,0.23176908,20.0,0.0,0.23176908,0.2318,Attack,Attack-TCP-Flag-ACK-PSH
40,0.0,0.5,0.111,20,0.0,0.0,0.111,20,0,0.5,0.0,20.0,62611,0.0,0.0,20.0,18.021917,0.0,0.0,20.0,18.021917,0.0,0.0,0,0.0,0.111,0.0,0,1,0.11097598,0.0,0,1,0.11097598,0.11097598,0.0,0.0,0.11097598,0.111,Attack,Attack-TCP-Flag-ACK-PSH
24,24.0,0.0,1702933100.0,24,24.0,1.0,1702933100.0,24,65535,0.0,1702933100.0,24.0,0,0.0,1702933100.0,24.0,0.0,1.0,1702933100.0,24.0,0.0,0.0,1702933100.0,24,0.0,1702933100.0,1702933100.0,24,0,1702933100.0,1702933100.0,24,0,1702933100.0,0.0,24.0,1.0,1702933100.0,0.0,Attack,Attack-TCP-Flag-ACK-PSH
24,24.0,0.0,1702933100.0,24,24.0,1.0,1702933100.0,24,65535,0.0,1702933100.0,24.0,0,0.0,1702933100.0,24.0,0.0,1.0,1702933100.0,24.0,0.0,0.0,1702933100.0,24,0.0,1702933100.0,1702933100.0,24,0,1702933100.0,1702933100.0,24,0,1702933100.0,0.0,24.0,1.0,1702933100.0,0.0,Attack,Attack-TCP-Flag-ACK-PSH
20,20.0,1.0,1702933100.0,20,20.0,0.0,1702933100.0,20,0,0.0,1702933100.0,20.0,0,0.0,1702933100.0,20.0,0.0,0.0,1702933100.0,20.0,0.0,0.0,1702933100.0,20,0.0,1702933100.0,1702933100.0,20,1,1702933100.0,1702933100.0,20,0,1702933100.0,0.0,20.0,0.0,1702933100.0,0.0,Attack,Attack-TCP-Flag-ACK-PSH
40,0.0,0.5,0.1108,20,0.0,0.0,0.1108,20,0,0.5,0.0,20.0,62596,0.0,0.0,20.0,18.04743,0.0,0.0,20.0,18.04743,0.0,0.0,0,0.0,0.1108,0.0,0,1,0.1108191,0.0,0,1,0.1108191,0.1108191,0.0,0.0,0.1108191,0.1108,Attack,Attack-TCP-Flag-ACK-PSH
40,20.0,0.0,0.0003,20,20.0,0.0,0.0003,20,1023,0.0,1702933100.0,20.0,267,0.0,1702933100.0,20.0,7605.2656,0.0,1702933100.0,20.0,3802.6328,0.0,1702933100.0,20,3802.6328,0.0003,1702933100.0,20,0,0.0002629757,1702933100.0,20,0,0.0002629757,1702933100.0,20.0,0.0,0.0002629757,1702933100.0,Attack,Attack-TCP-Flag-ACK-PSH
20,20.0,0.0,1702933100.0,20,20.0,0.0,1702933100.0,20,1021,0.0,1702933100.0,20.0,0,0.0,1702933100.0,20.0,0.0,0.0,1702933100.0,20.0,0.0,0.0,1702933100.0,20,0.0,1702933100.0,1702933100.0,20,0,1702933100.0,1702933100.0,20,0,1702933100.0,0.0,20.0,0.0,1702933100.0,0.0,Attack,Attack-TCP-Flag-ACK-PSH
60,20.0,0.0,0.1078,20,20.0,0.0,0.0002,20,286,0.0,1702933100.0,20.0,286,0.0,1702933100.0,20.0,13.909365,0.0,1702933100.0,20.0,9.27291,0.0,1702933100.0,20,4.636455,0.1078,1702933100.0,20,0,0.21552515,1702933100.0,20,0,0.00015687943,0.21568203,20.0,0.0,0.21568203,0.2157,Attack,Attack-TCP-Flag-ACK-PSH
40,0.0,0.5,0.1069,20,0.0,0.0,0.1069,20,0,0.5,0.0,20.0,62605,0.0,0.0,20.0,18.704699,0.0,0.0,20.0,18.704699,0.0,0.0,0,0.0,0.1069,0.0,0,1,0.10692501,0.0,0,1,0.10692501,0.10692501,0.0,0.0,0.10692501,0.1069,Attack,Attack-TCP-Flag-ACK-PSH
40,0.0,0.5,0.1108,20,0.0,0.0,0.1108,20,0,0.5,0.0,20.0,62599,0.0,0.0,20.0,18.057531,0.0,0.0,20.0,18.057531,0.0,0.0,0,0.0,0.1108,0.0,0,1,0.11075711,0.0,0,1,0.11075711,0.11075711,0.0,0.0,0.11075711,0.1108,Attack,Attack-TCP-Flag-ACK-PSH
40,0.0,0.5,0.1076,20,0.0,0.0,0.1076,20,0,0.5,0.0,20.0,62592,0.0,0.0,20.0,18.578762,0.0,0.0,20.0,18.578762,0.0,0.0,0,0.0,0.1076,0.0,0,1,0.1076498,0.0,0,1,0.1076498,0.1076498,0.0,0.0,0.1076498,0.1076,Attack,Attack-TCP-Flag-ACK-PSH
20,20.0,1.0,1702933100.0,20,20.0,0.0,1702933100.0,20,0,0.0,1702933100.0,20.0,0,0.0,1702933100.0,20.0,0.0,0.0,1702933100.0,20.0,0.0,0.0,1702933100.0,20,0.0,1702933100.0,1702933100.0,20,1,1702933100.0,1702933100.0,20,0,1702933100.0,0.0,20.0,0.0,1702933100.0,0.0,Attack,Attack-TCP-Flag-ACK-PSH
20,20.0,1.0,1702933100.0,20,20.0,0.0,1702933100.0,20,0,0.0,1702933100.0,20.0,0,0.0,1702933100.0,20.0,0.0,0.0,1702933100.0,20.0,0.0,0.0,1702933100.0,20,0.0,1702933100.0,1702933100.0,20,1,1702933100.0,1702933100.0,20,0,1702933100.0,0.0,20.0,0.0,1702933100.0,0.0,Attack,Attack-TCP-Flag-ACK-PSH
20,20.0,1.0,1702933100.0,20,20.0,0.0,1702933100.0,20,1200,0.0,1702933100.0,20.0,0,0.0,1702933100.0,20.0,0.0,0.0,1702933100.0,20.0,0.0,0.0,1702933100.0,20,0.0,1702933100.0,1702933100.0,20,1,1702933100.0,1702933100.0,20,0,1702933100.0,0.0,20.0,0.0,1702933100.0,0.0,Attack,Attack-TCP-Flag-ACK-PSH
40,0.0,0.5,0.1111,20,0.0,0.0,0.1111,20,0,0.5,0.0,20.0,62608,0.0,0.0,20.0,18.006985,0.0,0.0,20.0,18.006985,0.0,0.0,0,0.0,0.1111,0.0,0,1,0.11106801,0.0,0,1,0.11106801,0.11106801,0.0,0.0,0.11106801,0.1111,Attack,Attack-TCP-Flag-ACK-PSH
40,0.0,0.5,0.1081,20,0.0,0.0,0.1081,20,0,0.5,0.0,20.0,62605,0.0,0.0,20.0,18.500011,0.0,0.0,20.0,18.500011,0.0,0.0,0,0.0,0.1081,0.0,0,1,0.10810804,0.0,0,1,0.10810804,0.10810804,0.0,0.0,0.10810804,0.1081,Attack,Attack-TCP-Flag-ACK-PSH
40,0.0,0.5,0.1068,20,0.0,0.0,0.1068,20,0,0.5,0.0,20.0,62605,0.0,0.0,20.0,18.728542,0.0,0.0,20.0,18.728542,0.0,0.0,0,0.0,0.1068,0.0,0,1,0.10678887,0.0,0,1,0.10678887,0.10678887,0.0,0.0,0.10678887,0.1068,Attack,Attack-TCP-Flag-ACK-PSH
40,0.0,0.5,0.1099,20,0.0,0.0,0.1099,20,0,0.5,0.0,20.0,62590,0.0,0.0,20.0,18.202509,0.0,0.0,20.0,18.202509,0.0,0.0,0,0.0,0.1099,0.0,0,1,0.109874964,0.0,0,1,0.109874964,0.109874964,0.0,0.0,0.109874964,0.1099,Attack,Attack-TCP-Flag-ACK-PSH
40,0.0,0.5,0.11,20,0.0,0.0,0.11,20,0,0.5,0.0,20.0,62594,0.0,0.0,20.0,18.187473,0.0,0.0,20.0,18.187473,0.0,0.0,0,0.0,0.11,0.0,0,1,0.1099658,0.0,0,1,0.1099658,0.1099658,0.0,0.0,0.1099658,0.11,Attack,Attack-TCP-Flag-ACK-PSH
40,0.0,0.5,0.1081,20,0.0,0.0,0.1081,20,0,0.5,0.0,20.0,62594,0.0,0.0,20.0,18.501236,0.0,0.0,20.0,18.501236,0.0,0.0,0,0.0,0.1081,0.0,0,1,0.10810089,0.0,0,1,0.10810089,0.10810089,0.0,0.0,0.10810089,0.1081,Attack,Attack-TCP-Flag-ACK-PSH
20,20.0,0.0,1702933100.0,20,20.0,0.0,1702933100.0,20,1023,0.0,1702933100.0,20.0,0,0.0,1702933100.0,20.0,0.0,0.0,1702933100.0,20.0,0.0,0.0,1702933100.0,20,0.0,1702933100.0,1702933100.0,20,0,1702933100.0,1702933100.0,20,0,1702933100.0,0.0,20.0,0.0,1702933100.0,0.0,Attack,Attack-TCP-Flag-ACK-PSH
40,0.0,0.5,0.111,20,0.0,0.0,0.111,20,0,0.5,0.0,20.0,62608,0.0,0.0,20.0,18.013481,0.0,0.0,20.0,18.013481,0.0,0.0,0,0.0,0.111,0.0,0,1,0.111027956,0.0,0,1,0.111027956,0.111027956,0.0,0.0,0.111027956,0.111,Attack,Attack-TCP-Flag-ACK-PSH
40,20.0,0.5,1e-04,20,20.0,0.5,1e-04,20,1024,0.5,1702933100.0,20.0,0,0.0,1702933100.0,20.0,13336.42,1.0,1702933100.0,20.0,6668.21,0.0,1702933100.0,20,6668.21,1e-04,1702933100.0,20,1,0.00014996529,1702933100.0,20,1,0.00014996529,1702933100.0,20.0,0.5,0.00014996529,1702933100.0,Attack,Attack-TCP-Flag-ACK-PSH
20,20.0,1.0,1702933100.0,20,20.0,0.0,1702933100.0,20,0,0.0,1702933100.0,20.0,0,0.0,1702933100.0,20.0,0.0,0.0,1702933100.0,20.0,0.0,0.0,1702933100.0,20,0.0,1702933100.0,1702933100.0,20,1,1702933100.0,1702933100.0,20,0,1702933100.0,0.0,20.0,0.0,1702933100.0,0.0,Attack,Attack-TCP-Flag-ACK-PSH
20,20.0,0.0,1702933100.0,20,20.0,1.0,1702933100.0,20,1024,0.0,1702933100.0,20.0,0,0.0,1702933100.0,20.0,0.0,1.0,1702933100.0,20.0,0.0,0.0,1702933100.0,20,0.0,1702933100.0,1702933100.0,20,0,1702933100.0,1702933100.0,20,0,1702933100.0,0.0,20.0,1.0,1702933100.0,0.0,Attack,Attack-TCP-Flag-ACK-PSH
40,0.0,0.5,0.1112,20,0.0,0.0,0.1112,20,0,0.5,0.0,20.0,62611,0.0,0.0,20.0,17.991266,0.0,0.0,20.0,17.991266,0.0,0.0,0,0.0,0.1112,0.0,0,1,0.11116505,0.0,0,1,0.11116505,0.11116505,0.0,0.0,0.11116505,0.1112,Attack,Attack-TCP-Flag-ACK-PSH
40,0.0,0.5,0.1112,20,0.0,0.0,0.1112,20,0,0.5,0.0,20.0,62605,0.0,0.0,20.0,17.99339,0.0,0.0,20.0,17.99339,0.0,0.0,0,0.0,0.1112,0.0,0,1,0.11115193,0.0,0,1,0.11115193,0.11115193,0.0,0.0,0.11115193,0.1112,Attack,Attack-TCP-Flag-ACK-PSH
20,20.0,1.0,1702933100.0,20,20.0,0.0,1702933100.0,20,0,0.0,1702933100.0,20.0,0,0.0,1702933100.0,20.0,0.0,0.0,1702933100.0,20.0,0.0,0.0,1702933100.0,20,0.0,1702933100.0,1702933100.0,20,1,1702933100.0,1702933100.0,20,0,1702933100.0,0.0,20.0,0.0,1702933100.0,0.0,Attack,Attack-TCP-Flag-ACK-PSH
40,0.0,0.5,0.1076,20,0.0,0.0,0.1076,20,0,0.5,0.0,20.0,62592,0.0,0.0,20.0,18.585306,0.0,0.0,20.0,18.585306,0.0,0.0,0,0.0,0.1076,0.0,0,1,0.107611895,0.0,0,1,0.107611895,0.107611895,0.0,0.0,0.107611895,0.1076,Attack,Attack-TCP-Flag-ACK-PSH
20,20.0,1.0,1702933100.0,20,20.0,0.0,1702933100.0,20,0,0.0,1702933100.0,20.0,0,0.0,1702933100.0,20.0,0.0,0.0,1702933100.0,20.0,0.0,0.0,1702933100.0,20,0.0,1702933100.0,1702933100.0,20,1,1702933100.0,1702933100.0,20,0,1702933100.0,0.0,20.0,0.0,1702933100.0,0.0,Attack,Attack-TCP-Flag-ACK-PSH
20,20.0,1.0,1702933100.0,20,20.0,0.0,1702933100.0,20,0,0.0,1702933100.0,20.0,0,0.0,1702933100.0,20.0,0.0,0.0,1702933100.0,20.0,0.0,0.0,1702933100.0,20,0.0,1702933100.0,1702933100.0,20,1,1702933100.0,1702933100.0,20,0,1702933100.0,0.0,20.0,0.0,1702933100.0,0.0,Attack,Attack-TCP-Flag-ACK-PSH
40,0.0,0.5,0.1071,20,0.0,0.0,0.1071,20,0,0.5,0.0,20.0,62611,0.0,0.0,20.0,18.679207,0.0,0.0,20.0,18.679207,0.0,0.0,0,0.0,0.1071,0.0,0,1,0.10707092,0.0,0,1,0.10707092,0.10707092,0.0,0.0,0.10707092,0.1071,Attack,Attack-TCP-Flag-ACK-PSH
20,20.0,1.0,1702933100.0,20,20.0,0.0,1702933100.0,20,0,0.0,1702933100.0,20.0,0,0.0,1702933100.0,20.0,0.0,0.0,1702933100.0,20.0,0.0,0.0,1702933100.0,20,0.0,1702933100.0,1702933100.0,20,1,1702933100.0,1702933100.0,20,0,1702933100.0,0.0,20.0,0.0,1702933100.0,0.0,Attack,Attack-TCP-Flag-ACK-PSH
40,0.0,0.5,0.1078,20,0.0,0.0,0.1078,20,0,0.5,0.0,20.0,62596,0.0,0.0,20.0,18.54582,0.0,0.0,20.0,18.54582,0.0,0.0,0,0.0,0.1078,0.0,0,1,0.107841015,0.0,0,1,0.107841015,0.107841015,0.0,0.0,0.107841015,0.1078,Attack,Attack-TCP-Flag-ACK-PSH
40,20.0,0.5,1e-04,20,20.0,0.5,1e-04,20,53124,0.5,1702933100.0,20.0,0,0.0,1702933100.0,20.0,23045.627,1.0,1702933100.0,20.0,11522.813,0.0,1702933100.0,20,11522.813,1e-04,1702933100.0,20,1,8.678436e-05,1702933100.0,20,1,8.678436e-05,1702933100.0,20.0,0.5,8.678436e-05,1702933100.0,Attack,Attack-TCP-Flag-ACK-PSH
40,0.0,0.5,0.1109,20,0.0,0.0,0.1109,20,0,0.5,0.0,20.0,62590,0.0,0.0,20.0,18.030207,0.0,0.0,20.0,18.030207,0.0,0.0,0,0.0,0.1109,0.0,0,1,0.11092496,0.0,0,1,0.11092496,0.11092496,0.0,0.0,0.11092496,0.1109,Attack,Attack-TCP-Flag-ACK-PSH
40,0.0,0.5,0.1112,20,0.0,0.0,0.1112,20,0,0.5,0.0,20.0,62592,0.0,0.0,20.0,17.988335,0.0,0.0,20.0,17.988335,0.0,0.0,0,0.0,0.1112,0.0,0,1,0.11118317,0.0,0,1,0.11118317,0.11118317,0.0,0.0,0.11118317,0.1112,Attack,Attack-TCP-Flag-ACK-PSH
20,20.0,1.0,1702933100.0,20,20.0,0.0,1702933100.0,20,0,0.0,1702933100.0,20.0,0,0.0,1702933100.0,20.0,0.0,0.0,1702933100.0,20.0,0.0,0.0,1702933100.0,20,0.0,1702933100.0,1702933100.0,20,1,1702933100.0,1702933100.0,20,0,1702933100.0,0.0,20.0,0.0,1702933100.0,0.0,Attack,Attack-TCP-Flag-ACK-PSH
20,20.0,1.0,1702933100.0,20,20.0,0.0,1702933100.0,20,0,0.0,1702933100.0,20.0,0,0.0,1702933100.0,20.0,0.0,0.0,1702933100.0,20.0,0.0,0.0,1702933100.0,20,0.0,1702933100.0,1702933100.0,20,1,1702933100.0,1702933100.0,20,0,1702933100.0,0.0,20.0,0.0,1702933100.0,0.0,Attack,Attack-TCP-Flag-ACK-PSH
40,0.0,0.5,0.1102,20,0.0,0.0,0.1102,20,0,0.5,0.0,20.0,62608,0.0,0.0,20.0,18.145535,0.0,0.0,20.0,18.145535,0.0,0.0,0,0.0,0.1102,0.0,0,1,0.110219955,0.0,0,1,0.110219955,0.110219955,0.0,0.0,0.110219955,0.1102,Attack,Attack-TCP-Flag-ACK-PSH
24,24.0,0.0,1702933100.0,24,24.0,1.0,1702933100.0,24,65535,0.0,1702933100.0,24.0,0,0.0,1702933100.0,24.0,0.0,1.0,1702933100.0,24.0,0.0,0.0,1702933100.0,24,0.0,1702933100.0,1702933100.0,24,0,1702933100.0,1702933100.0,24,0,1702933100.0,0.0,24.0,1.0,1702933100.0,0.0,Attack,Attack-TCP-Flag-ACK-PSH
20,20.0,1.0,1702933100.0,20,20.0,0.0,1702933100.0,20,0,0.0,1702933100.0,20.0,0,0.0,1702933100.0,20.0,0.0,0.0,1702933100.0,20.0,0.0,0.0,1702933100.0,20,0.0,1702933100.0,1702933100.0,20,1,1702933100.0,1702933100.0,20,0,1702933100.0,0.0,20.0,0.0,1702933100.0,0.0,Attack,Attack-TCP-Flag-ACK-PSH
40,0.0,0.5,0.1109,20,0.0,0.0,0.1109,20,0,0.5,0.0,20.0,62608,0.0,0.0,20.0,18.0323,0.0,0.0,20.0,18.0323,0.0,0.0,0,0.0,0.1109,0.0,0,1,0.110912085,0.0,0,1,0.110912085,0.110912085,0.0,0.0,0.110912085,0.1109,Attack,Attack-TCP-Flag-ACK-PSH
40,0.0,0.5,0.1109,20,0.0,0.0,0.1109,20,0,0.5,0.0,20.0,62590,0.0,0.0,20.0,18.02858,0.0,0.0,20.0,18.02858,0.0,0.0,0,0.0,0.1109,0.0,0,1,0.11093497,0.0,0,1,0.11093497,0.11093497,0.0,0.0,0.11093497,0.1109,Attack,Attack-TCP-Flag-ACK-PSH
60,40.0,0.5,1e-04,40,40.0,0.5,1e-04,20,29200,0.5,1702933100.0,30.0,0,0.0,1702933100.0,30.0,19418.074,1.0,1702933100.0,20.0,9709.037,0.0,1702933100.0,40,9709.037,1e-04,1702933100.0,40,1,0.000102996826,1702933100.0,40,1,0.000102996826,1702933100.0,40.0,0.5,0.000102996826,1702933100.0,Attack,Attack-TCP-Flag-ACK-PSH
20,20.0,1.0,1702933100.0,20,20.0,0.0,1702933100.0,20,0,0.0,1702933100.0,20.0,0,0.0,1702933100.0,20.0,0.0,0.0,1702933100.0,20.0,0.0,0.0,1702933100.0,20,0.0,1702933100.0,1702933100.0,20,1,1702933100.0,1702933100.0,20,0,1702933100.0,0.0,20.0,0.0,1702933100.0,0.0,Attack,Attack-TCP-Flag-ACK-PSH
40,0.0,0.5,0.1112,20,0.0,0.0,0.1112,20,0,0.5,0.0,20.0,62605,0.0,0.0,20.0,17.99339,0.0,0.0,20.0,17.99339,0.0,0.0,0,0.0,0.1112,0.0,0,1,0.11115193,0.0,0,1,0.11115193,0.11115193,0.0,0.0,0.11115193,0.1112,Attack,Attack-TCP-Flag-ACK-PSH
24,24.0,0.0,1702933100.0,24,24.0,1.0,1702933100.0,24,65535,0.0,1702933100.0,24.0,0,0.0,1702933100.0,24.0,0.0,1.0,1702933100.0,24.0,0.0,0.0,1702933100.0,24,0.0,1702933100.0,1702933100.0,24,0,1702933100.0,1702933100.0,24,0,1702933100.0,0.0,24.0,1.0,1702933100.0,0.0,Attack,Attack-TCP-Flag-ACK-PSH
20,20.0,1.0,1702933100.0,20,20.0,0.0,1702933100.0,20,0,0.0,1702933100.0,20.0,0,0.0,1702933100.0,20.0,0.0,0.0,1702933100.0,20.0,0.0,0.0,1702933100.0,20,0.0,1702933100.0,1702933100.0,20,1,1702933100.0,1702933100.0,20,0,1702933100.0,0.0,20.0,0.0,1702933100.0,0.0,Attack,Attack-TCP-Flag-ACK-PSH
40,0.0,0.5,0.1071,20,0.0,0.0,0.1071,20,0,0.5,0.0,20.0,62596,0.0,0.0,20.0,18.666986,0.0,0.0,20.0,18.666986,0.0,0.0,0,0.0,0.1071,0.0,0,1,0.10714102,0.0,0,1,0.10714102,0.10714102,0.0,0.0,0.10714102,0.1071,Attack,Attack-TCP-Flag-ACK-PSH
60,40.0,0.5,0.0002,40,40.0,0.5,0.0002,20,29200,0.5,1702933100.0,30.0,0,0.0,1702933100.0,30.0,11052.185,1.0,1702933100.0,20.0,5526.0923,0.0,1702933100.0,40,5526.0923,0.0002,1702933100.0,40,1,0.0001809597,1702933100.0,40,1,0.0001809597,1702933100.0,40.0,0.5,0.0001809597,1702933100.0,Attack,Attack-TCP-Flag-ACK-PSH
40,0.0,0.5,0.11,20,0.0,0.0,0.11,20,0,0.5,0.0,20.0,62611,0.0,0.0,20.0,18.179865,0.0,0.0,20.0,18.179865,0.0,0.0,0,0.0,0.11,0.0,0,1,0.110011816,0.0,0,1,0.110011816,0.110011816,0.0,0.0,0.110011816,0.11,Attack,Attack-TCP-Flag-ACK-PSH
40,0.0,0.5,0.111,20,0.0,0.0,0.111,20,0,0.5,0.0,20.0,62602,0.0,0.0,20.0,18.016228,0.0,0.0,20.0,18.016228,0.0,0.0,0,0.0,0.111,0.0,0,1,0.11101103,0.0,0,1,0.11101103,0.11101103,0.0,0.0,0.11101103,0.111,Attack,Attack-TCP-Flag-ACK-PSH
20,20.0,1.0,1702933100.0,20,20.0,0.0,1702933100.0,20,0,0.0,1702933100.0,20.0,0,0.0,1702933100.0,20.0,0.0,0.0,1702933100.0,20.0,0.0,0.0,1702933100.0,20,0.0,1702933100.0,1702933100.0,20,1,1702933100.0,1702933100.0,20,0,1702933100.0,0.0,20.0,0.0,1702933100.0,0.0,Attack,Attack-TCP-Flag-ACK-PSH
40,0.0,0.5,0.1098,20,0.0,0.0,0.1098,20,0,0.5,0.0,20.0,62608,0.0,0.0,20.0,18.212626,0.0,0.0,20.0,18.212626,0.0,0.0,0,0.0,0.1098,0.0,0,1,0.10981393,0.0,0,1,0.10981393,0.10981393,0.0,0.0,0.10981393,0.1098,Attack,Attack-TCP-Flag-ACK-PSH
24,24.0,0.0,1702933100.0,24,24.0,1.0,1702933100.0,24,1025,0.0,1702933100.0,24.0,0,0.0,1702933100.0,24.0,0.0,1.0,1702933100.0,24.0,0.0,0.0,1702933100.0,24,0.0,1702933100.0,1702933100.0,24,0,1702933100.0,1702933100.0,24,0,1702933100.0,0.0,24.0,1.0,1702933100.0,0.0,Attack,Attack-TCP-Flag-ACK-PSH
40,0.0,0.5,0.111,20,0.0,0.0,0.111,20,0,0.5,0.0,20.0,62596,0.0,0.0,20.0,18.013134,0.0,0.0,20.0,18.013134,0.0,0.0,0,0.0,0.111,0.0,0,1,0.1110301,0.0,0,1,0.1110301,0.1110301,0.0,0.0,0.1110301,0.111,Attack,Attack-TCP-Flag-ACK-PSH
40,0.0,0.5,0.1079,20,0.0,0.0,0.1079,20,0,0.5,0.0,20.0,62599,0.0,0.0,20.0,18.527428,0.0,0.0,20.0,18.527428,0.0,0.0,0,0.0,0.1079,0.0,0,1,0.107948065,0.0,0,1,0.107948065,0.107948065,0.0,0.0,0.107948065,0.1079,Attack,Attack-TCP-Flag-ACK-PSH
40,0.0,0.5,0.111,20,0.0,0.0,0.111,20,0,0.5,0.0,20.0,62608,0.0,0.0,20.0,18.010696,0.0,0.0,20.0,18.010696,0.0,0.0,0,0.0,0.111,0.0,0,1,0.11104512,0.0,0,1,0.11104512,0.11104512,0.0,0.0,0.11104512,0.111,Attack,Attack-TCP-Flag-ACK-PSH
40,0.0,0.5,0.1102,20,0.0,0.0,0.1102,20,0,0.5,0.0,20.0,62599,0.0,0.0,20.0,18.151817,0.0,0.0,20.0,18.151817,0.0,0.0,0,0.0,0.1102,0.0,0,1,0.11018181,0.0,0,1,0.11018181,0.11018181,0.0,0.0,0.11018181,0.1102,Attack,Attack-TCP-Flag-ACK-PSH
40,0.0,0.5,0.111,20,0.0,0.0,0.111,20,0,0.5,0.0,20.0,62602,0.0,0.0,20.0,18.015724,0.0,0.0,20.0,18.015724,0.0,0.0,0,0.0,0.111,0.0,0,1,0.11101413,0.0,0,1,0.11101413,0.11101413,0.0,0.0,0.11101413,0.111,Attack,Attack-TCP-Flag-ACK-PSH
20,20.0,1.0,1702933100.0,20,20.0,0.0,1702933100.0,20,0,0.0,1702933100.0,20.0,0,0.0,1702933100.0,20.0,0.0,0.0,1702933100.0,20.0,0.0,0.0,1702933100.0,20,0.0,1702933100.0,1702933100.0,20,1,1702933100.0,1702933100.0,20,0,1702933100.0,0.0,20.0,0.0,1702933100.0,0.0,Attack,Attack-TCP-Flag-ACK-PSH
20,20.0,1.0,1702933100.0,20,20.0,0.0,1702933100.0,20,1200,0.0,1702933100.0,20.0,0,0.0,1702933100.0,20.0,0.0,0.0,1702933100.0,20.0,0.0,0.0,1702933100.0,20,0.0,1702933100.0,1702933100.0,20,1,1702933100.0,1702933100.0,20,0,1702933100.0,0.0,20.0,0.0,1702933100.0,0.0,Attack,Attack-TCP-Flag-ACK-PSH
20,20.0,1.0,1702933100.0,20,20.0,0.0,1702933100.0,20,0,0.0,1702933100.0,20.0,0,0.0,1702933100.0,20.0,0.0,0.0,1702933100.0,20.0,0.0,0.0,1702933100.0,20,0.0,1702933100.0,1702933100.0,20,1,1702933100.0,1702933100.0,20,0,1702933100.0,0.0,20.0,0.0,1702933100.0,0.0,Attack,Attack-TCP-Flag-ACK-PSH
20,20.0,1.0,1702933100.0,20,20.0,0.0,1702933100.0,20,0,0.0,1702933100.0,20.0,0,0.0,1702933100.0,20.0,0.0,0.0,1702933100.0,20.0,0.0,0.0,1702933100.0,20,0.0,1702933100.0,1702933100.0,20,1,1702933100.0,1702933100.0,20,0,1702933100.0,0.0,20.0,0.0,1702933100.0,0.0,Attack,Attack-TCP-Flag-ACK-PSH
24,24.0,0.0,1702933100.0,24,24.0,1.0,1702933100.0,24,65535,0.0,1702933100.0,24.0,0,0.0,1702933100.0,24.0,0.0,1.0,1702933100.0,24.0,0.0,0.0,1702933100.0,24,0.0,1702933100.0,1702933100.0,24,0,1702933100.0,1702933100.0,24,0,1702933100.0,0.0,24.0,1.0,1702933100.0,0.0,Attack,Attack-TCP-Flag-ACK-PSH
40,0.0,0.5,0.1061,20,0.0,0.0,0.1061,20,0,0.5,0.0,20.0,62596,0.0,0.0,20.0,18.844622,0.0,0.0,20.0,18.844622,0.0,0.0,0,0.0,0.1061,0.0,0,1,0.10613108,0.0,0,1,0.10613108,0.10613108,0.0,0.0,0.10613108,0.1061,Attack,Attack-TCP-Flag-ACK-PSH
52,32.0,0.5,1e-04,32,32.0,0.5,1e-04,20,1024,0.5,1702933100.0,26.0,0,0.0,1702933100.0,26.0,13421.772,1.0,1702933100.0,20.0,6710.886,0.0,1702933100.0,32,6710.886,1e-04,1702933100.0,32,1,0.00014901161,1702933100.0,32,1,0.00014901161,1702933100.0,32.0,0.5,0.00014901161,1702933100.0,Attack,Attack-TCP-Flag-ACK-PSH
20,20.0,1.0,1702933200.0,20,20.0,0.0,1702933200.0,20,0,0.0,1702933200.0,20.0,0,0.0,1702933200.0,20.0,0.0,0.0,1702933200.0,20.0,0.0,0.0,1702933200.0,20,0.0,1702933200.0,1702933200.0,20,1,1702933200.0,1702933200.0,20,0,1702933200.0,0.0,20.0,0.0,1702933200.0,0.0,Attack,Attack-TCP-Flag-ACK-PSH
20,20.0,1.0,1702933200.0,20,20.0,0.0,1702933200.0,20,0,0.0,1702933200.0,20.0,0,0.0,1702933200.0,20.0,0.0,0.0,1702933200.0,20.0,0.0,0.0,1702933200.0,20,0.0,1702933200.0,1702933200.0,20,1,1702933200.0,1702933200.0,20,0,1702933200.0,0.0,20.0,0.0,1702933200.0,0.0,Attack,Attack-TCP-Flag-ACK-PSH
20,20.0,1.0,1702933200.0,20,20.0,0.0,1702933200.0,20,0,0.0,1702933200.0,20.0,0,0.0,1702933200.0,20.0,0.0,0.0,1702933200.0,20.0,0.0,0.0,1702933200.0,20,0.0,1702933200.0,1702933200.0,20,1,1702933200.0,1702933200.0,20,0,1702933200.0,0.0,20.0,0.0,1702933200.0,0.0,Attack,Attack-TCP-Flag-ACK-PSH
24,24.0,0.0,1702933200.0,24,24.0,1.0,1702933200.0,24,1025,0.0,1702933200.0,24.0,0,0.0,1702933200.0,24.0,0.0,1.0,1702933200.0,24.0,0.0,0.0,1702933200.0,24,0.0,1702933200.0,1702933200.0,24,0,1702933200.0,1702933200.0,24,0,1702933200.0,0.0,24.0,1.0,1702933200.0,0.0,Attack,Attack-TCP-Flag-ACK-PSH
40,0.0,0.5,0.1109,20,0.0,0.0,0.1109,20,0,0.5,0.0,20.0,62602,0.0,0.0,20.0,18.040134,0.0,0.0,20.0,18.040134,0.0,0.0,0,0.0,0.1109,0.0,0,1,0.110863924,0.0,0,1,0.110863924,0.110863924,0.0,0.0,0.110863924,0.1109,Attack,Attack-TCP-Flag-ACK-PSH
52,32.0,0.5,1e-04,32,32.0,0.5,1e-04,20,1024,0.5,1702933200.0,26.0,0,0.0,1702933200.0,26.0,17549.389,1.0,1702933200.0,20.0,8774.694,0.0,1702933200.0,32,8774.694,1e-04,1702933200.0,32,1,0.00011396408,1702933200.0,32,1,0.00011396408,1702933200.0,32.0,0.5,0.00011396408,1702933200.0,Attack,Attack-TCP-Flag-ACK-PSH
40,0.0,0.5,0.1103,20,0.0,0.0,0.1103,20,0,0.5,0.0,20.0,62602,0.0,0.0,20.0,18.130396,0.0,0.0,20.0,18.130396,0.0,0.0,0,0.0,0.1103,0.0,0,1,0.110311985,0.0,0,1,0.110311985,0.110311985,0.0,0.0,0.110311985,0.1103,Attack,Attack-TCP-Flag-ACK-PSH
20,20.0,1.0,1702933200.0,20,20.0,0.0,1702933200.0,20,1200,0.0,1702933200.0,20.0,0,0.0,1702933200.0,20.0,0.0,0.0,1702933200.0,20.0,0.0,0.0,1702933200.0,20,0.0,1702933200.0,1702933200.0,20,1,1702933200.0,1702933200.0,20,0,1702933200.0,0.0,20.0,0.0,1702933200.0,0.0,Attack,Attack-TCP-Flag-ACK-PSH
20,20.0,1.0,1702933200.0,20,20.0,0.0,1702933200.0,20,0,0.0,1702933200.0,20.0,0,0.0,1702933200.0,20.0,0.0,0.0,1702933200.0,20.0,0.0,0.0,1702933200.0,20,0.0,1702933200.0,1702933200.0,20,1,1702933200.0,1702933200.0,20,0,1702933200.0,0.0,20.0,0.0,1702933200.0,0.0,Attack,Attack-TCP-Flag-ACK-PSH
20,20.0,1.0,1702933200.0,20,20.0,0.0,1702933200.0,20,0,0.0,1702933200.0,20.0,0,0.0,1702933200.0,20.0,0.0,0.0,1702933200.0,20.0,0.0,0.0,1702933200.0,20,0.0,1702933200.0,1702933200.0,20,1,1702933200.0,1702933200.0,20,0,1702933200.0,0.0,20.0,0.0,1702933200.0,0.0,Attack,Attack-TCP-Flag-ACK-PSH
20,20.0,0.0,1702933200.0,20,20.0,1.0,1702933200.0,20,1024,0.0,1702933200.0,20.0,0,0.0,1702933200.0,20.0,0.0,1.0,1702933200.0,20.0,0.0,0.0,1702933200.0,20,0.0,1702933200.0,1702933200.0,20,0,1702933200.0,1702933200.0,20,0,1702933200.0,0.0,20.0,1.0,1702933200.0,0.0,Attack,Attack-TCP-Flag-ACK-PSH
20,20.0,1.0,1702933200.0,20,20.0,0.0,1702933200.0,20,0,0.0,1702933200.0,20.0,0,0.0,1702933200.0,20.0,0.0,0.0,1702933200.0,20.0,0.0,0.0,1702933200.0,20,0.0,1702933200.0,1702933200.0,20,1,1702933200.0,1702933200.0,20,0,1702933200.0,0.0,20.0,0.0,1702933200.0,0.0,Attack,Attack-TCP-Flag-ACK-PSH
40,0.0,0.5,0.108,20,0.0,0.0,0.108,20,0,0.5,0.0,20.0,62590,0.0,0.0,20.0,18.520924,0.0,0.0,20.0,18.520924,0.0,0.0,0,0.0,0.108,0.0,0,1,0.10798597,0.0,0,1,0.10798597,0.10798597,0.0,0.0,0.10798597,0.108,Attack,Attack-TCP-Flag-ACK-PSH
40,0.0,0.5,0.108,20,0.0,0.0,0.108,20,0,0.5,0.0,20.0,62599,0.0,0.0,20.0,18.514587,0.0,0.0,20.0,18.514587,0.0,0.0,0,0.0,0.108,0.0,0,1,0.10802293,0.0,0,1,0.10802293,0.10802293,0.0,0.0,0.10802293,0.108,Attack,Attack-TCP-Flag-ACK-PSH
144,20.0,0.16666667,0.0002,32,20.0,0.16666667,0.0,20,8192,0.16666667,0.1501,24.0,65535,0.0,0.300071,20.0,19.963655,0.33333334,0.00015211105,20.0,9.981828,0.0,0.3002231,72,9.981828,0.0601,0.1501,32,1,0.29988694,0.0002,20,1,4.220009e-05,0.3003621,24.0,0.33333334,0.30054617,0.0,Attack,Attack-TCP-Flag-ACK-PSH
40,0.0,0.5,0.1076,20,0.0,0.0,0.1076,20,0,0.5,0.0,20.0,62605,0.0,0.0,20.0,18.581148,0.0,0.0,20.0,18.581148,0.0,0.0,0,0.0,0.1076,0.0,0,1,0.107635975,0.0,0,1,0.107635975,0.107635975,0.0,0.0,0.107635975,0.1076,Attack,Attack-TCP-Flag-ACK-PSH
52,32.0,0.5,0.0002,32,32.0,0.5,0.0002,20,8192,0.5,1702933200.0,26.0,0,0.0,1702933200.0,26.0,11831.605,1.0,1702933200.0,20.0,5915.8027,0.0,1702933200.0,32,5915.8027,0.0002,1702933200.0,32,1,0.00016903877,1702933200.0,32,1,0.00016903877,1702933200.0,32.0,0.5,0.00016903877,1702933200.0,Attack,Attack-TCP-Flag-ACK-PSH
40,0.0,0.5,0.1077,20,0.0,0.0,0.1077,20,0,0.5,0.0,20.0,62602,0.0,0.0,20.0,18.573538,0.0,0.0,20.0,18.573538,0.0,0.0,0,0.0,0.1077,0.0,0,1,0.10768008,0.0,0,1,0.10768008,0.10768008,0.0,0.0,0.10768008,0.1077,Attack,Attack-TCP-Flag-ACK-PSH
20,20.0,1.0,1702933200.0,20,20.0,0.0,1702933200.0,20,0,0.0,1702933200.0,20.0,0,0.0,1702933200.0,20.0,0.0,0.0,1702933200.0,20.0,0.0,0.0,1702933200.0,20,0.0,1702933200.0,1702933200.0,20,1,1702933200.0,1702933200.0,20,0,1702933200.0,0.0,20.0,0.0,1702933200.0,0.0,Attack,Attack-TCP-Flag-ACK-PSH
20,20.0,1.0,1702933200.0,20,20.0,0.0,1702933200.0,20,0,0.0,1702933200.0,20.0,0,0.0,1702933200.0,20.0,0.0,0.0,1702933200.0,20.0,0.0,0.0,1702933200.0,20,0.0,1702933200.0,1702933200.0,20,1,1702933200.0,1702933200.0,20,0,1702933200.0,0.0,20.0,0.0,1702933200.0,0.0,Attack,Attack-TCP-Flag-ACK-PSH
40,0.0,0.5,0.1112,20,0.0,0.0,0.1112,20,0,0.5,0.0,20.0,62599,0.0,0.0,20.0,17.990957,0.0,0.0,20.0,17.990957,0.0,0.0,0,0.0,0.1112,0.0,0,1,0.111166954,0.0,0,1,0.111166954,0.111166954,0.0,0.0,0.111166954,0.1112,Attack,Attack-TCP-Flag-ACK-PSH
40,0.0,0.5,0.1079,20,0.0,0.0,0.1079,20,0,0.5,0.0,20.0,62599,0.0,0.0,20.0,18.541843,0.0,0.0,20.0,18.541843,0.0,0.0,0,0.0,0.1079,0.0,0,1,0.10786414,0.0,0,1,0.10786414,0.10786414,0.0,0.0,0.10786414,0.1079,Attack,Attack-TCP-Flag-ACK-PSH
40,0.0,0.5,0.109,20,0.0,0.0,0.109,20,0,0.5,0.0,20.0,62608,0.0,0.0,20.0,18.349472,0.0,0.0,20.0,18.349472,0.0,0.0,0,0.0,0.109,0.0,0,1,0.10899496,0.0,0,1,0.10899496,0.10899496,0.0,0.0,0.10899496,0.109,Attack,Attack-TCP-Flag-ACK-PSH
40,0.0,0.5,0.1078,20,0.0,0.0,0.1078,20,0,0.5,0.0,20.0,62605,0.0,0.0,20.0,18.5491,0.0,0.0,20.0,18.5491,0.0,0.0,0,0.0,0.1078,0.0,0,1,0.10782194,0.0,0,1,0.10782194,0.10782194,0.0,0.0,0.10782194,0.1078,Attack,Attack-TCP-Flag-ACK-PSH
20,20.0,1.0,1702933200.0,20,20.0,0.0,1702933200.0,20,0,0.0,1702933200.0,20.0,0,0.0,1702933200.0,20.0,0.0,0.0,1702933200.0,20.0,0.0,0.0,1702933200.0,20,0.0,1702933200.0,1702933200.0,20,1,1702933200.0,1702933200.0,20,0,1702933200.0,0.0,20.0,0.0,1702933200.0,0.0,Attack,Attack-TCP-Flag-ACK-PSH
40,20.0,0.5,1e-04,20,20.0,0.5,1e-04,20,1024,0.5,1702933200.0,20.0,0,0.0,1702933200.0,20.0,20213.514,1.0,1702933200.0,20.0,10106.757,0.0,1702933200.0,20,10106.757,1e-04,1702933200.0,20,1,9.894371e-05,1702933200.0,20,1,9.894371e-05,1702933200.0,20.0,0.5,9.894371e-05,1702933200.0,Attack,Attack-TCP-Flag-ACK-PSH
20,20.0,1.0,1702933200.0,20,20.0,0.0,1702933200.0,20,0,0.0,1702933200.0,20.0,0,0.0,1702933200.0,20.0,0.0,0.0,1702933200.0,20.0,0.0,0.0,1702933200.0,20,0.0,1702933200.0,1702933200.0,20,1,1702933200.0,1702933200.0,20,0,1702933200.0,0.0,20.0,0.0,1702933200.0,0.0,Attack,Attack-TCP-Flag-ACK-PSH
24,24.0,0.0,1702933200.0,24,24.0,1.0,1702933200.0,24,65535,0.0,1702933200.0,24.0,0,0.0,1702933200.0,24.0,0.0,1.0,1702933200.0,24.0,0.0,0.0,1702933200.0,24,0.0,1702933200.0,1702933200.0,24,0,1702933200.0,1702933200.0,24,0,1702933200.0,0.0,24.0,1.0,1702933200.0,0.0,Attack,Attack-TCP-Flag-ACK-PSH
